Month,Day,Hour,Minute,Temperature,DNI,DHI,GHI
1,1,0,0,-0.7,0,0,0
1,1,0,10,-0.7,0,0,0
1,1,0,20,-0.8,0,0,0
1,1,0,30,-0.8,0,0,0
1,1,0,40,-0.9,0,0,0
1,1,0,50,-0.9,0,0,0
1,1,1,0,-0.9,0,0,0
1,1,1,10,-0.9,0,0,0
1,1,1,20,-0.9,0,0,0
1,1,1,30,-1,0,0,0
1,1,1,40,-1,0,0,0
1,1,1,50,-1,0,0,0
1,1,2,0,-1,0,0,0
1,1,2,10,-1,0,0,0
1,1,2,20,-0.9,0,0,0
1,1,2,30,-0.9,0,0,0
1,1,2,40,-0.9,0,0,0
1,1,2,50,-0.9,0,0,0
1,1,3,0,-0.9,0,0,0
1,1,3,10,-0.9,0,0,0
1,1,3,20,-0.9,0,0,0
1,1,3,30,-0.9,0,0,0
1,1,3,40,-0.9,0,0,0
1,1,3,50,-0.8,0,0,0
1,1,4,0,-0.8,0,0,0
1,1,4,10,-0.8,0,0,0
1,1,4,20,-0.8,0,0,0
1,1,4,30,-0.8,0,0,0
1,1,4,40,-0.8,0,0,0
1,1,4,50,-0.8,0,0,0
1,1,5,0,-0.8,0,0,0
1,1,5,10,-0.7,0,0,0
1,1,5,20,-0.7,0,0,0
1,1,5,30,-0.7,0,0,0
1,1,5,40,-0.7,0,0,0
1,1,5,50,-0.7,0,0,0
1,1,6,0,-0.6,0,0,0
1,1,6,10,-0.6,0,0,0
1,1,6,20,-0.5,0,0,0
1,1,6,30,-0.4,0,0,0
1,1,6,40,-0.3,0,0,0
1,1,6,50,-0.3,0,0,0
1,1,7,0,-0.2,0,0,0
1,1,7,10,0.30000000000000004,0,0,0
1,1,7,20,0.7000000000000001,0,0,0
1,1,7,30,1.2000000000000002,0,0,0
1,1,7,40,1.7000000000000002,373,15,32
1,1,7,50,2.1,468,20,53
1,1,8,0,2.6,545,24,77
1,1,8,10,3.1,608,28,103
1,1,8,20,3.7,659,31,129
1,1,8,30,4.2,702,34,156
1,1,8,40,4.800000000000001,729,36,181
1,1,8,50,5.300000000000001,761,38,207
1,1,9,0,5.9,788,40,233
1,1,9,10,6.300000000000001,811,42,257
1,1,9,20,6.7,831,43,281
1,1,9,30,7.1000000000000005,849,45,305
1,1,9,40,7.5,862,47,326
1,1,9,50,7.9,235,188,268
1,1,10,0,8.3,284,189,291
1,1,10,10,8.6,259,173,270
1,1,10,20,8.8,356,166,304
1,1,10,30,9.1,327,181,312
1,1,10,40,9.4,477,152,348
1,1,10,50,9.700000000000001,360,186,338
1,1,11,0,10,290,204,329
1,1,11,10,10.100000000000001,353,186,341
1,1,11,20,10.200000000000001,269,247,367
1,1,11,30,10.4,366,228,394
1,1,11,40,10.5,537,152,396
1,1,11,50,10.600000000000001,537,154,399
1,1,12,0,10.700000000000001,302,214,353
1,1,12,10,10.700000000000001,311,245,387
1,1,12,20,10.700000000000001,961,51,490
1,1,12,30,10.700000000000001,959,51,487
1,1,12,40,10.700000000000001,951,51,478
1,1,12,50,10.700000000000001,948,51,472
1,1,13,0,10.700000000000001,944,50,463
1,1,13,10,10.600000000000001,940,50,453
1,1,13,20,10.4,935,49,442
1,1,13,30,10.3,929,49,429
1,1,13,40,10.100000000000001,916,50,414
1,1,13,50,10,638,119,363
1,1,14,0,9.9,374,164,302
1,1,14,10,9.4,207,179,253
1,1,14,20,9,315,154,260
1,1,14,30,8.5,191,155,216
1,1,14,40,8.1,1,92,92
1,1,14,50,7.7,133,140,177
1,1,15,0,7.2,144,129,166
1,1,15,10,6.9,44,115,126
1,1,15,20,6.5,84,115,133
1,1,15,30,6.2,46,100,109
1,1,15,40,5.800000000000001,17,75,78
1,1,15,50,5.5,623,32,120
1,1,16,0,5.1000000000000005,567,28,94
1,1,16,10,5.1000000000000005,499,24,69
1,1,16,20,5,417,20,46
1,1,16,30,5,315,14,26
1,1,16,40,4.9,0,0,0
1,1,16,50,4.9,0,0,0
1,1,17,0,4.800000000000001,0,0,0
1,1,17,10,4.800000000000001,0,0,0
1,1,17,20,4.9,0,0,0
1,1,17,30,4.9,0,0,0
1,1,17,40,4.9,0,0,0
1,1,17,50,4.9,0,0,0
1,1,18,0,4.9,0,0,0
1,1,18,10,4.800000000000001,0,0,0
1,1,18,20,4.7,0,0,0
1,1,18,30,4.6000000000000005,0,0,0
1,1,18,40,4.5,0,0,0
1,1,18,50,4.4,0,0,0
1,1,19,0,4.2,0,0,0
1,1,19,10,4,0,0,0
1,1,19,20,3.8000000000000003,0,0,0
1,1,19,30,3.6,0,0,0
1,1,19,40,3.4000000000000004,0,0,0
1,1,19,50,3.2,0,0,0
1,1,20,0,2.9000000000000004,0,0,0
1,1,20,10,2.7,0,0,0
1,1,20,20,2.5,0,0,0
1,1,20,30,2.4000000000000004,0,0,0
1,1,20,40,2.2,0,0,0
1,1,20,50,2,0,0,0
1,1,21,0,1.8,0,0,0
1,1,21,10,1.7000000000000002,0,0,0
1,1,21,20,1.6,0,0,0
1,1,21,30,1.5,0,0,0
1,1,21,40,1.4000000000000001,0,0,0
1,1,21,50,1.2000000000000002,0,0,0
1,1,22,0,1.1,0,0,0
1,1,22,10,1.1,0,0,0
1,1,22,20,1,0,0,0
1,1,22,30,1,0,0,0
1,1,22,40,1,0,0,0
1,1,22,50,0.9,0,0,0
1,1,23,0,0.9,0,0,0
1,1,23,10,0.8,0,0,0
1,1,23,20,0.8,0,0,0
1,1,23,30,0.7000000000000001,0,0,0
1,1,23,40,0.7000000000000001,0,0,0
1,1,23,50,0.6000000000000001,0,0,0
1,2,0,0,0.6000000000000001,0,0,0
1,2,0,10,0.6000000000000001,0,0,0
1,2,0,20,0.5,0,0,0
1,2,0,30,0.5,0,0,0
1,2,0,40,0.5,0,0,0
1,2,0,50,0.4,0,0,0
1,2,1,0,0.4,0,0,0
1,2,1,10,0.30000000000000004,0,0,0
1,2,1,20,0.30000000000000004,0,0,0
1,2,1,30,0.2,0,0,0
1,2,1,40,0.2,0,0,0
1,2,1,50,0.1,0,0,0
1,2,2,0,0.1,0,0,0
1,2,2,10,0,0,0,0
1,2,2,20,-0.1,0,0,0
1,2,2,30,-0.2,0,0,0
1,2,2,40,-0.3,0,0,0
1,2,2,50,-0.4,0,0,0
1,2,3,0,-0.6,0,0,0
1,2,3,10,-0.6,0,0,0
1,2,3,20,-0.7,0,0,0
1,2,3,30,-0.8,0,0,0
1,2,3,40,-0.9,0,0,0
1,2,3,50,-1,0,0,0
1,2,4,0,-1,0,0,0
1,2,4,10,-1.1,0,0,0
1,2,4,20,-1.1,0,0,0
1,2,4,30,-1.1,0,0,0
1,2,4,40,-1.2,0,0,0
1,2,4,50,-1.2,0,0,0
1,2,5,0,-1.2,0,0,0
1,2,5,10,-1.2,0,0,0
1,2,5,20,-1.2,0,0,0
1,2,5,30,-1.2,0,0,0
1,2,5,40,-1.2,0,0,0
1,2,5,50,-1.2,0,0,0
1,2,6,0,-1.1,0,0,0
1,2,6,10,-1.1,0,0,0
1,2,6,20,-1.1,0,0,0
1,2,6,30,-1,0,0,0
1,2,6,40,-1,0,0,0
1,2,6,50,-0.9,0,0,0
1,2,7,0,-0.9,0,0,0
1,2,7,10,-0.6,0,0,0
1,2,7,20,-0.3,0,0,0
1,2,7,30,0,0,0,0
1,2,7,40,0.30000000000000004,347,16,31
1,2,7,50,0.7000000000000001,443,21,52
1,2,8,0,1,522,25,76
1,2,8,10,1.4000000000000001,586,29,101
1,2,8,20,1.7000000000000002,17,82,85
1,2,8,30,2.1,683,35,154
1,2,8,40,2.5,723,38,181
1,2,8,50,2.9000000000000004,755,40,207
1,2,9,0,3.3000000000000003,782,42,233
1,2,9,10,3.7,805,44,258
1,2,9,20,4.1000000000000005,826,45,282
1,2,9,30,4.5,844,47,305
1,2,9,40,4.800000000000001,860,48,328
1,2,9,50,5.2,874,49,349
1,2,10,0,5.6000000000000005,886,50,369
1,2,10,10,5.9,897,51,387
1,2,10,20,6.2,906,52,404
1,2,10,30,6.4,914,53,420
1,2,10,40,6.7,931,50,434
1,2,10,50,7,937,50,447
1,2,11,0,7.300000000000001,943,51,458
1,2,11,10,7.5,947,51,468
1,2,11,20,7.6000000000000005,950,51,476
1,2,11,30,7.800000000000001,953,52,482
1,2,11,40,8,955,52,487
1,2,11,50,8.200000000000001,956,52,490
1,2,12,0,8.3,957,52,492
1,2,12,10,8.4,957,52,492
1,2,12,20,8.5,956,52,490
1,2,12,30,8.6,955,52,486
1,2,12,40,8.700000000000001,960,52,484
1,2,12,50,8.8,957,51,478
1,2,13,0,8.9,953,51,469
1,2,13,10,8.9,949,51,459
1,2,13,20,8.8,943,50,447
1,2,13,30,8.8,938,50,434
1,2,13,40,8.8,930,49,420
1,2,13,50,8.8,922,48,404
1,2,14,0,8.8,913,48,386
1,2,14,10,8.4,902,47,367
1,2,14,20,8,890,46,347
1,2,14,30,7.7,876,45,326
1,2,14,40,7.300000000000001,863,43,304
1,2,14,50,7,845,41,280
1,2,15,0,6.6000000000000005,824,40,255
1,2,15,10,6,801,38,230
1,2,15,20,5.5,773,36,204
1,2,15,30,4.9,741,34,178
1,2,15,40,4.4,704,32,151
1,2,15,50,3.8000000000000003,660,29,124
1,2,16,0,3.2,606,26,98
1,2,16,10,3,542,23,72
1,2,16,20,2.8000000000000003,462,18,48
1,2,16,30,2.6,363,14,27
1,2,16,40,2.3000000000000003,0,0,0
1,2,16,50,2.1,0,0,0
1,2,17,0,1.9000000000000001,0,0,0
1,2,17,10,1.7000000000000002,0,0,0
1,2,17,20,1.6,0,0,0
1,2,17,30,1.5,0,0,0
1,2,17,40,1.3,0,0,0
1,2,17,50,1.2000000000000002,0,0,0
1,2,18,0,1.1,0,0,0
1,2,18,10,1,0,0,0
1,2,18,20,0.9,0,0,0
1,2,18,30,0.8,0,0,0
1,2,18,40,0.8,0,0,0
1,2,18,50,0.7000000000000001,0,0,0
1,2,19,0,0.6000000000000001,0,0,0
1,2,19,10,0.5,0,0,0
1,2,19,20,0.4,0,0,0
1,2,19,30,0.30000000000000004,0,0,0
1,2,19,40,0.2,0,0,0
1,2,19,50,0.1,0,0,0
1,2,20,0,0,0,0,0
1,2,20,10,-0.2,0,0,0
1,2,20,20,-0.3,0,0,0
1,2,20,30,-0.5,0,0,0
1,2,20,40,-0.7,0,0,0
1,2,20,50,-0.8,0,0,0
1,2,21,0,-1,0,0,0
1,2,21,10,-1.1,0,0,0
1,2,21,20,-1.1,0,0,0
1,2,21,30,-1.1,0,0,0
1,2,21,40,-1.2,0,0,0
1,2,21,50,-1.2,0,0,0
1,2,22,0,-1.2,0,0,0
1,2,22,10,-1.2,0,0,0
1,2,22,20,-1.2,0,0,0
1,2,22,30,-1.2,0,0,0
1,2,22,40,-1.2,0,0,0
1,2,22,50,-1.2,0,0,0
1,2,23,0,-1.3,0,0,0
1,2,23,10,-1.3,0,0,0
1,2,23,20,-1.3,0,0,0
1,2,23,30,-1.4,0,0,0
1,2,23,40,-1.4,0,0,0
1,2,23,50,-1.4,0,0,0
1,3,0,0,-1.5,0,0,0
1,3,0,10,-1.5,0,0,0
1,3,0,20,-1.6,0,0,0
1,3,0,30,-1.6,0,0,0
1,3,0,40,-1.7,0,0,0
1,3,0,50,-1.7,0,0,0
1,3,1,0,-1.8,0,0,0
1,3,1,10,-1.8,0,0,0
1,3,1,20,-1.8,0,0,0
1,3,1,30,-1.9,0,0,0
1,3,1,40,-1.9,0,0,0
1,3,1,50,-1.9,0,0,0
1,3,2,0,-2,0,0,0
1,3,2,10,-2,0,0,0
1,3,2,20,-2.1,0,0,0
1,3,2,30,-2.1,0,0,0
1,3,2,40,-2.2,0,0,0
1,3,2,50,-2.2,0,0,0
1,3,3,0,-2.3,0,0,0
1,3,3,10,-2.3,0,0,0
1,3,3,20,-2.4,0,0,0
1,3,3,30,-2.4,0,0,0
1,3,3,40,-2.5,0,0,0
1,3,3,50,-2.5,0,0,0
1,3,4,0,-2.6,0,0,0
1,3,4,10,-2.6,0,0,0
1,3,4,20,-2.7,0,0,0
1,3,4,30,-2.7,0,0,0
1,3,4,40,-2.8,0,0,0
1,3,4,50,-2.8,0,0,0
1,3,5,0,-2.8,0,0,0
1,3,5,10,-2.9,0,0,0
1,3,5,20,-2.9,0,0,0
1,3,5,30,-2.9,0,0,0
1,3,5,40,-3,0,0,0
1,3,5,50,-3,0,0,0
1,3,6,0,-3,0,0,0
1,3,6,10,-3,0,0,0
1,3,6,20,-3,0,0,0
1,3,6,30,-2.9,0,0,0
1,3,6,40,-2.9,0,0,0
1,3,6,50,-2.9,0,0,0
1,3,7,0,-2.8,0,0,0
1,3,7,10,-2.4,0,0,0
1,3,7,20,-1.9,0,0,0
1,3,7,30,-1.4,0,0,0
1,3,7,40,-0.9,421,15,33
1,3,7,50,-0.4,516,19,55
1,3,8,0,0,592,23,81
1,3,8,10,0.5,653,26,107
1,3,8,20,1,704,29,134
1,3,8,30,1.4000000000000001,746,32,161
1,3,8,40,1.9000000000000001,778,34,189
1,3,8,50,2.4000000000000004,809,36,216
1,3,9,0,2.8000000000000003,835,38,242
1,3,9,10,3.3000000000000003,857,39,268
1,3,9,20,3.7,876,41,292
1,3,9,30,4.1000000000000005,893,42,316
1,3,9,40,4.5,906,44,339
1,3,9,50,4.9,920,45,360
1,3,10,0,5.4,931,46,381
1,3,10,10,5.6000000000000005,941,47,399
1,3,10,20,5.800000000000001,950,47,417
1,3,10,30,6,958,48,433
1,3,10,40,6.2,968,47,447
1,3,10,50,6.4,974,47,460
1,3,11,0,6.6000000000000005,979,47,472
1,3,11,10,6.800000000000001,983,48,482
1,3,11,20,6.9,986,48,490
1,3,11,30,7,989,48,497
1,3,11,40,7.1000000000000005,991,48,502
1,3,11,50,7.300000000000001,992,48,505
1,3,12,0,7.4,993,48,506
1,3,12,10,7.4,993,48,506
1,3,12,20,7.5,992,48,504
1,3,12,30,7.5,991,48,501
1,3,12,40,7.6000000000000005,989,48,496
1,3,12,50,7.6000000000000005,986,48,489
1,3,13,0,7.7,983,48,481
1,3,13,10,7.6000000000000005,979,47,471
1,3,13,20,7.5,974,47,459
1,3,13,30,7.5,968,47,446
1,3,13,40,7.4,954,49,432
1,3,13,50,7.4,946,49,415
1,3,14,0,7.300000000000001,937,48,398
1,3,14,10,6.9,927,47,379
1,3,14,20,6.5,915,46,358
1,3,14,30,6.1000000000000005,901,45,337
1,3,14,40,5.7,884,44,314
1,3,14,50,5.300000000000001,592,95,264
1,3,15,0,4.9,594,83,240
1,3,15,10,4.2,489,91,209
1,3,15,20,3.5,796,38,213
1,3,15,30,2.8000000000000003,765,36,186
1,3,15,40,2,725,34,158
1,3,15,50,1.3,681,31,131
1,3,16,0,0.6000000000000001,628,28,104
1,3,16,10,0.4,3,35,36
1,3,16,20,0.2,0,17,17
1,3,16,30,0.1,383,15,31
1,3,16,40,-0.1,0,0,0
1,3,16,50,-0.3,0,0,0
1,3,17,0,-0.5,0,0,0
1,3,17,10,-0.5,0,0,0
1,3,17,20,-0.5,0,0,0
1,3,17,30,-0.6,0,0,0
1,3,17,40,-0.6,0,0,0
1,3,17,50,-0.6,0,0,0
1,3,18,0,-0.6,0,0,0
1,3,18,10,-0.7,0,0,0
1,3,18,20,-0.8,0,0,0
1,3,18,30,-0.8,0,0,0
1,3,18,40,-0.9,0,0,0
1,3,18,50,-0.9,0,0,0
1,3,19,0,-1,0,0,0
1,3,19,10,-1.1,0,0,0
1,3,19,20,-1.2,0,0,0
1,3,19,30,-1.3,0,0,0
1,3,19,40,-1.5,0,0,0
1,3,19,50,-1.6,0,0,0
1,3,20,0,-1.7,0,0,0
1,3,20,10,-1.7,0,0,0
1,3,20,20,-1.8,0,0,0
1,3,20,30,-1.8,0,0,0
1,3,20,40,-1.9,0,0,0
1,3,20,50,-1.9,0,0,0
1,3,21,0,-1.9,0,0,0
1,3,21,10,-1.9,0,0,0
1,3,21,20,-1.9,0,0,0
1,3,21,30,-1.9,0,0,0
1,3,21,40,-1.8,0,0,0
1,3,21,50,-1.8,0,0,0
1,3,22,0,-1.8,0,0,0
1,3,22,10,-1.7,0,0,0
1,3,22,20,-1.7,0,0,0
1,3,22,30,-1.6,0,0,0
1,3,22,40,-1.5,0,0,0
1,3,22,50,-1.5,0,0,0
1,3,23,0,-1.4,0,0,0
1,3,23,10,-1.4,0,0,0
1,3,23,20,-1.3,0,0,0
1,3,23,30,-1.3,0,0,0
1,3,23,40,-1.2,0,0,0
1,3,23,50,-1.2,0,0,0
1,4,0,0,-1.1,0,0,0
1,4,0,10,-1.1,0,0,0
1,4,0,20,-1,0,0,0
1,4,0,30,-1,0,0,0
1,4,0,40,-1,0,0,0
1,4,0,50,-0.9,0,0,0
1,4,1,0,-0.9,0,0,0
1,4,1,10,-0.9,0,0,0
1,4,1,20,-0.9,0,0,0
1,4,1,30,-0.9,0,0,0
1,4,1,40,-0.9,0,0,0
1,4,1,50,-0.9,0,0,0
1,4,2,0,-1,0,0,0
1,4,2,10,-1,0,0,0
1,4,2,20,-1,0,0,0
1,4,2,30,-1,0,0,0
1,4,2,40,-1.1,0,0,0
1,4,2,50,-1.1,0,0,0
1,4,3,0,-1.1,0,0,0
1,4,3,10,-1.2,0,0,0
1,4,3,20,-1.3,0,0,0
1,4,3,30,-1.3,0,0,0
1,4,3,40,-1.4,0,0,0
1,4,3,50,-1.5,0,0,0
1,4,4,0,-1.6,0,0,0
1,4,4,10,-1.6,0,0,0
1,4,4,20,-1.7,0,0,0
1,4,4,30,-1.8,0,0,0
1,4,4,40,-1.9,0,0,0
1,4,4,50,-1.9,0,0,0
1,4,5,0,-2,0,0,0
1,4,5,10,-2.1,0,0,0
1,4,5,20,-2.2,0,0,0
1,4,5,30,-2.2,0,0,0
1,4,5,40,-2.3,0,0,0
1,4,5,50,-2.4,0,0,0
1,4,6,0,-2.5,0,0,0
1,4,6,10,-2.5,0,0,0
1,4,6,20,-2.6,0,0,0
1,4,6,30,-2.6,0,0,0
1,4,6,40,-2.7,0,0,0
1,4,6,50,-2.7,0,0,0
1,4,7,0,-2.8,0,0,0
1,4,7,10,-2.6,0,0,0
1,4,7,20,-2.3,0,0,0
1,4,7,30,-2.1,0,0,0
1,4,7,40,-1.9,4,21,21
1,4,7,50,-1.7,17,38,39
1,4,8,0,-1.4,43,54,59
1,4,8,10,-1.2,80,69,79
1,4,8,20,-0.9,123,81,100
1,4,8,30,-0.6,170,92,121
1,4,8,40,-0.3,210,101,143
1,4,8,50,0,247,110,165
1,4,9,0,0.2,286,116,186
1,4,9,10,0.5,320,122,207
1,4,9,20,0.8,354,126,228
1,4,9,30,1.1,378,131,247
1,4,9,40,1.3,391,138,265
1,4,9,50,1.6,404,144,283
1,4,10,0,1.9000000000000001,389,155,295
1,4,10,10,2,421,153,311
1,4,10,20,2.2,425,160,325
1,4,10,30,2.4000000000000004,430,164,338
1,4,10,40,2.6,434,170,350
1,4,10,50,2.7,441,173,360
1,4,11,0,2.9000000000000004,448,175,370
1,4,11,10,3,455,176,378
1,4,11,20,3.1,459,178,384
1,4,11,30,3.2,464,179,389
1,4,11,40,3.3000000000000003,467,180,394
1,4,11,50,3.3000000000000003,470,180,397
1,4,12,0,3.4000000000000004,406,195,383
1,4,12,10,3.4000000000000004,426,196,393
1,4,12,20,3.5,167,241,318
1,4,12,30,3.5,161,241,314
1,4,12,40,3.5,387,204,380
1,4,12,50,3.5,414,192,378
1,4,13,0,3.6,438,181,375
1,4,13,10,3.5,354,198,352
1,4,13,20,3.4000000000000004,270,212,327
1,4,13,30,3.3000000000000003,172,219,290
1,4,13,40,3.2,283,199,313
1,4,13,50,3.2,204,201,281
1,4,14,0,3.1,96,192,228
1,4,14,10,2.9000000000000004,87,194,226
1,4,14,20,2.6,157,183,237
1,4,14,30,2.4000000000000004,299,154,252
1,4,14,40,2.1,311,143,239
1,4,14,50,1.9000000000000001,233,142,209
1,4,15,0,1.7000000000000002,203,136,190
1,4,15,10,1.2000000000000002,79,132,151
1,4,15,20,0.7000000000000001,97,124,145
1,4,15,30,0.2,44,106,115
1,4,15,40,-0.2,36,92,99
1,4,15,50,-0.7,24,72,76
1,4,16,0,-1.2,6,51,51
1,4,16,10,-1.3,6,46,47
1,4,16,20,-1.5,8,29,29
1,4,16,30,-1.6,1,13,13
1,4,16,40,-1.8,0,0,0
1,4,16,50,-2,0,0,0
1,4,17,0,-2.1,0,0,0
1,4,17,10,-2.2,0,0,0
1,4,17,20,-2.3,0,0,0
1,4,17,30,-2.4,0,0,0
1,4,17,40,-2.6,0,0,0
1,4,17,50,-2.7,0,0,0
1,4,18,0,-2.8,0,0,0
1,4,18,10,-2.8,0,0,0
1,4,18,20,-2.9,0,0,0
1,4,18,30,-3,0,0,0
1,4,18,40,-3,0,0,0
1,4,18,50,-3.1,0,0,0
1,4,19,0,-3.2,0,0,0
1,4,19,10,-3.2,0,0,0
1,4,19,20,-3.2,0,0,0
1,4,19,30,-3.2,0,0,0
1,4,19,40,-3.2,0,0,0
1,4,19,50,-3.2,0,0,0
1,4,20,0,-3.2,0,0,0
1,4,20,10,-3.2,0,0,0
1,4,20,20,-3.2,0,0,0
1,4,20,30,-3.2,0,0,0
1,4,20,40,-3.2,0,0,0
1,4,20,50,-3.1,0,0,0
1,4,21,0,-3.1,0,0,0
1,4,21,10,-3.1,0,0,0
1,4,21,20,-3.1,0,0,0
1,4,21,30,-3,0,0,0
1,4,21,40,-3,0,0,0
1,4,21,50,-3,0,0,0
1,4,22,0,-2.9,0,0,0
1,4,22,10,-2.9,0,0,0
1,4,22,20,-2.9,0,0,0
1,4,22,30,-2.9,0,0,0
1,4,22,40,-2.9,0,0,0
1,4,22,50,-2.8,0,0,0
1,4,23,0,-2.8,0,0,0
1,4,23,10,-2.9,0,0,0
1,4,23,20,-2.9,0,0,0
1,4,23,30,-2.9,0,0,0
1,4,23,40,-3,0,0,0
1,4,23,50,-3,0,0,0
1,5,0,0,-3,0,0,0
1,5,0,10,-3.1,0,0,0
1,5,0,20,-3.1,0,0,0
1,5,0,30,-3.2,0,0,0
1,5,0,40,-3.2,0,0,0
1,5,0,50,-3.3,0,0,0
1,5,1,0,-3.3,0,0,0
1,5,1,10,-3.3,0,0,0
1,5,1,20,-3.3,0,0,0
1,5,1,30,-3.3,0,0,0
1,5,1,40,-3.3,0,0,0
1,5,1,50,-3.2,0,0,0
1,5,2,0,-3.2,0,0,0
1,5,2,10,-3.2,0,0,0
1,5,2,20,-3.2,0,0,0
1,5,2,30,-3.2,0,0,0
1,5,2,40,-3.2,0,0,0
1,5,2,50,-3.2,0,0,0
1,5,3,0,-3.2,0,0,0
1,5,3,10,-3.2,0,0,0
1,5,3,20,-3.2,0,0,0
1,5,3,30,-3.2,0,0,0
1,5,3,40,-3.2,0,0,0
1,5,3,50,-3.2,0,0,0
1,5,4,0,-3.3,0,0,0
1,5,4,10,-3.2,0,0,0
1,5,4,20,-3.2,0,0,0
1,5,4,30,-3.2,0,0,0
1,5,4,40,-3.2,0,0,0
1,5,4,50,-3.2,0,0,0
1,5,5,0,-3.2,0,0,0
1,5,5,10,-3.2,0,0,0
1,5,5,20,-3.2,0,0,0
1,5,5,30,-3.2,0,0,0
1,5,5,40,-3.3,0,0,0
1,5,5,50,-3.3,0,0,0
1,5,6,0,-3.3,0,0,0
1,5,6,10,-3.3,0,0,0
1,5,6,20,-3.3,0,0,0
1,5,6,30,-3.3,0,0,0
1,5,6,40,-3.3,0,0,0
1,5,6,50,-3.3,0,0,0
1,5,7,0,-3.3,0,0,0
1,5,7,10,-2.9,0,0,0
1,5,7,20,-2.6,0,0,0
1,5,7,30,-2.2,0,0,0
1,5,7,40,-1.9,306,17,30
1,5,7,50,-1.5,407,23,52
1,5,8,0,-1.2,489,28,76
1,5,8,10,-0.8,556,33,101
1,5,8,20,-0.5,612,37,128
1,5,8,30,-0.1,658,40,155
1,5,8,40,0.2,700,43,182
1,5,8,50,0.6000000000000001,733,45,209
1,5,9,0,0.9,762,48,235
1,5,9,10,1.1,787,50,260
1,5,9,20,1.3,809,52,285
1,5,9,30,1.5,828,54,309
1,5,9,40,1.8,843,56,331
1,5,9,50,2,858,57,353
1,5,10,0,2.2,871,58,373
1,5,10,10,2.3000000000000003,882,60,392
1,5,10,20,2.5,892,61,409
1,5,10,30,2.6,901,62,426
1,5,10,40,2.7,915,61,441
1,5,10,50,2.9000000000000004,921,61,454
1,5,11,0,3,927,62,466
1,5,11,10,3.1,931,62,476
1,5,11,20,3.2,935,63,484
1,5,11,30,3.3000000000000003,938,63,491
1,5,11,40,3.3000000000000003,937,64,496
1,5,11,50,3.4000000000000004,947,65,503
1,5,12,0,3.5,948,65,505
1,5,12,10,3.5,948,65,505
1,5,12,20,3.5,947,65,503
1,5,12,30,3.5,946,64,500
1,5,12,40,3.5,943,64,495
1,5,12,50,3.6,941,64,488
1,5,13,0,3.6,937,63,480
1,5,13,10,3.5,932,63,470
1,5,13,20,3.5,142,264,325
1,5,13,30,3.4000000000000004,920,62,445
1,5,13,40,3.4000000000000004,277,225,337
1,5,13,50,3.3000000000000003,230,226,316
1,5,14,0,3.3000000000000003,169,227,290
1,5,14,10,3.1,346,172,297
1,5,14,20,2.9000000000000004,184,184,247
1,5,14,30,2.8000000000000003,159,168,220
1,5,14,40,2.6,200,153,215
1,5,14,50,2.4000000000000004,393,122,236
1,5,15,0,2.2,269,139,212
1,5,15,10,1.9000000000000001,37,123,132
1,5,15,20,1.5,2,55,55
1,5,15,30,1.1,14,83,86
1,5,15,40,0.7000000000000001,30,91,97
1,5,15,50,0.4,0,30,30
1,5,16,0,0,0,21,21
1,5,16,10,-0.2,0,17,17
1,5,16,20,-0.3,0,11,11
1,5,16,30,-0.4,0,14,14
1,5,16,40,-0.6,0,2,2
1,5,16,50,-0.7,0,0,0
1,5,17,0,-0.8,0,0,0
1,5,17,10,-0.9,0,0,0
1,5,17,20,-0.9,0,0,0
1,5,17,30,-0.9,0,0,0
1,5,17,40,-0.9,0,0,0
1,5,17,50,-1,0,0,0
1,5,18,0,-1,0,0,0
1,5,18,10,-1,0,0,0
1,5,18,20,-1.1,0,0,0
1,5,18,30,-1.1,0,0,0
1,5,18,40,-1.1,0,0,0
1,5,18,50,-1.2,0,0,0
1,5,19,0,-1.2,0,0,0
1,5,19,10,-1.3,0,0,0
1,5,19,20,-1.3,0,0,0
1,5,19,30,-1.4,0,0,0
1,5,19,40,-1.4,0,0,0
1,5,19,50,-1.5,0,0,0
1,5,20,0,-1.5,0,0,0
1,5,20,10,-1.6,0,0,0
1,5,20,20,-1.7,0,0,0
1,5,20,30,-1.7,0,0,0
1,5,20,40,-1.8,0,0,0
1,5,20,50,-1.8,0,0,0
1,5,21,0,-1.9,0,0,0
1,5,21,10,-2,0,0,0
1,5,21,20,-2,0,0,0
1,5,21,30,-2.1,0,0,0
1,5,21,40,-2.1,0,0,0
1,5,21,50,-2.2,0,0,0
1,5,22,0,-2.3,0,0,0
1,5,22,10,-2.3,0,0,0
1,5,22,20,-2.4,0,0,0
1,5,22,30,-2.5,0,0,0
1,5,22,40,-2.6,0,0,0
1,5,22,50,-2.6,0,0,0
1,5,23,0,-2.7,0,0,0
1,5,23,10,-2.7,0,0,0
1,5,23,20,-2.7,0,0,0
1,5,23,30,-2.7,0,0,0
1,5,23,40,-2.7,0,0,0
1,5,23,50,-2.7,0,0,0
1,6,0,0,-2.7,0,0,0
1,6,0,10,-2.8,0,0,0
1,6,0,20,-2.8,0,0,0
1,6,0,30,-2.9,0,0,0
1,6,0,40,-3,0,0,0
1,6,0,50,-3,0,0,0
1,6,1,0,-3.1,0,0,0
1,6,1,10,-3.2,0,0,0
1,6,1,20,-3.2,0,0,0
1,6,1,30,-3.3,0,0,0
1,6,1,40,-3.4,0,0,0
1,6,1,50,-3.4,0,0,0
1,6,2,0,-3.5,0,0,0
1,6,2,10,-3.5,0,0,0
1,6,2,20,-3.5,0,0,0
1,6,2,30,-3.6,0,0,0
1,6,2,40,-3.6,0,0,0
1,6,2,50,-3.6,0,0,0
1,6,3,0,-3.7,0,0,0
1,6,3,10,-3.7,0,0,0
1,6,3,20,-3.7,0,0,0
1,6,3,30,-3.7,0,0,0
1,6,3,40,-3.7,0,0,0
1,6,3,50,-3.7,0,0,0
1,6,4,0,-3.7,0,0,0
1,6,4,10,-3.7,0,0,0
1,6,4,20,-3.7,0,0,0
1,6,4,30,-3.7,0,0,0
1,6,4,40,-3.7,0,0,0
1,6,4,50,-3.7,0,0,0
1,6,5,0,-3.7,0,0,0
1,6,5,10,-3.7,0,0,0
1,6,5,20,-3.7,0,0,0
1,6,5,30,-3.7,0,0,0
1,6,5,40,-3.7,0,0,0
1,6,5,50,-3.7,0,0,0
1,6,6,0,-3.7,0,0,0
1,6,6,10,-3.7,0,0,0
1,6,6,20,-3.7,0,0,0
1,6,6,30,-3.8,0,0,0
1,6,6,40,-3.8,0,0,0
1,6,6,50,-3.8,0,0,0
1,6,7,0,-3.8,0,0,0
1,6,7,10,-3.7,0,0,0
1,6,7,20,-3.5,0,0,0
1,6,7,30,-3.3,0,0,0
1,6,7,40,-3.1,378,16,32
1,6,7,50,-2.9,477,21,55
1,6,8,0,-2.7,555,25,79
1,6,8,10,-2.5,633,29,108
1,6,8,20,-2.2,686,33,135
1,6,8,30,-1.9,729,35,163
1,6,8,40,-1.6,781,36,192
1,6,8,50,-1.4,812,38,219
1,6,9,0,-1.1,838,40,246
1,6,9,10,-0.8,860,41,272
1,6,9,20,-0.6,880,43,297
1,6,9,30,-0.4,897,44,321
1,6,9,40,-0.1,935,43,350
1,6,9,50,0.1,947,44,372
1,6,10,0,0.30000000000000004,959,45,393
1,6,10,10,0.5,969,46,412
1,6,10,20,0.7000000000000001,978,47,430
1,6,10,30,1,985,47,447
1,6,10,40,1.2000000000000002,994,47,462
1,6,10,50,1.4000000000000001,999,48,475
1,6,11,0,1.6,1004,48,487
1,6,11,10,1.7000000000000002,1008,48,498
1,6,11,20,1.9000000000000001,1012,49,506
1,6,11,30,2,1014,49,513
1,6,11,40,2.2,1018,48,518
1,6,11,50,2.3000000000000003,1019,48,522
1,6,12,0,2.5,1020,48,524
1,6,12,10,2.5,1020,49,524
1,6,12,20,2.6,1019,48,522
1,6,12,30,2.6,1018,48,519
1,6,12,40,2.7,1016,48,514
1,6,12,50,2.7,1014,48,507
1,6,13,0,2.8000000000000003,1011,48,499
1,6,13,10,2.8000000000000003,1007,47,489
1,6,13,20,2.7,1002,47,477
1,6,13,30,2.7,996,46,464
1,6,13,40,2.7,990,46,449
1,6,13,50,2.7,983,45,433
1,6,14,0,2.6,974,45,415
1,6,14,10,2.4000000000000004,965,44,396
1,6,14,20,2.2,954,43,375
1,6,14,30,1.9000000000000001,941,42,353
1,6,14,40,1.7000000000000002,925,42,330
1,6,14,50,1.5,908,40,306
1,6,15,0,1.3,890,39,280
1,6,15,10,0.8,868,38,254
1,6,15,20,0.4,843,36,227
1,6,15,30,0,814,34,200
1,6,15,40,-0.4,778,33,172
1,6,15,50,-0.8,737,30,143
1,6,16,0,-1.2,688,27,115
1,6,16,10,-1.4,629,24,88
1,6,16,20,-1.5,555,20,62
1,6,16,30,-1.7,461,16,38
1,6,16,40,-1.8,325,11,18
1,6,16,50,-2,0,0,0
1,6,17,0,-2.2,0,0,0
1,6,17,10,-2.2,0,0,0
1,6,17,20,-2.3,0,0,0
1,6,17,30,-2.4,0,0,0
1,6,17,40,-2.4,0,0,0
1,6,17,50,-2.5,0,0,0
1,6,18,0,-2.6,0,0,0
1,6,18,10,-2.7,0,0,0
1,6,18,20,-2.9,0,0,0
1,6,18,30,-3,0,0,0
1,6,18,40,-3.2,0,0,0
1,6,18,50,-3.3,0,0,0
1,6,19,0,-3.5,0,0,0
1,6,19,10,-3.7,0,0,0
1,6,19,20,-3.8,0,0,0
1,6,19,30,-4,0,0,0
1,6,19,40,-4.2,0,0,0
1,6,19,50,-4.3,0,0,0
1,6,20,0,-4.5,0,0,0
1,6,20,10,-4.5,0,0,0
1,6,20,20,-4.6,0,0,0
1,6,20,30,-4.6,0,0,0
1,6,20,40,-4.7,0,0,0
1,6,20,50,-4.8,0,0,0
1,6,21,0,-4.8,0,0,0
1,6,21,10,-4.8,0,0,0
1,6,21,20,-4.8,0,0,0
1,6,21,30,-4.8,0,0,0
1,6,21,40,-4.8,0,0,0
1,6,21,50,-4.8,0,0,0
1,6,22,0,-4.8,0,0,0
1,6,22,10,-4.8,0,0,0
1,6,22,20,-4.9,0,0,0
1,6,22,30,-4.9,0,0,0
1,6,22,40,-4.9,0,0,0
1,6,22,50,-5,0,0,0
1,6,23,0,-5,0,0,0
1,6,23,10,-5.1,0,0,0
1,6,23,20,-5.2,0,0,0
1,6,23,30,-5.3,0,0,0
1,6,23,40,-5.4,0,0,0
1,6,23,50,-5.5,0,0,0
1,7,0,0,-5.7,0,0,0
1,7,0,10,-5.7,0,0,0
1,7,0,20,-5.8,0,0,0
1,7,0,30,-5.8,0,0,0
1,7,0,40,-5.9,0,0,0
1,7,0,50,-5.9,0,0,0
1,7,1,0,-6,0,0,0
1,7,1,10,-5.9,0,0,0
1,7,1,20,-5.8,0,0,0
1,7,1,30,-5.7,0,0,0
1,7,1,40,-5.7,0,0,0
1,7,1,50,-5.6,0,0,0
1,7,2,0,-5.5,0,0,0
1,7,2,10,-5.4,0,0,0
1,7,2,20,-5.2,0,0,0
1,7,2,30,-5.1,0,0,0
1,7,2,40,-5,0,0,0
1,7,2,50,-4.9,0,0,0
1,7,3,0,-4.7,0,0,0
1,7,3,10,-4.7,0,0,0
1,7,3,20,-4.6,0,0,0
1,7,3,30,-4.5,0,0,0
1,7,3,40,-4.5,0,0,0
1,7,3,50,-4.4,0,0,0
1,7,4,0,-4.3,0,0,0
1,7,4,10,-4.3,0,0,0
1,7,4,20,-4.3,0,0,0
1,7,4,30,-4.3,0,0,0
1,7,4,40,-4.2,0,0,0
1,7,4,50,-4.2,0,0,0
1,7,5,0,-4.2,0,0,0
1,7,5,10,-4.2,0,0,0
1,7,5,20,-4.2,0,0,0
1,7,5,30,-4.2,0,0,0
1,7,5,40,-4.2,0,0,0
1,7,5,50,-4.3,0,0,0
1,7,6,0,-4.3,0,0,0
1,7,6,10,-4.2,0,0,0
1,7,6,20,-4.2,0,0,0
1,7,6,30,-4.2,0,0,0
1,7,6,40,-4.1,0,0,0
1,7,6,50,-4.1,0,0,0
1,7,7,0,-4.1,0,0,0
1,7,7,10,-3.8,0,0,0
1,7,7,20,-3.5,0,0,0
1,7,7,30,-3.3,0,0,0
1,7,7,40,-3,329,17,31
1,7,7,50,-2.7,431,22,53
1,7,8,0,-2.4,514,27,78
1,7,8,10,-2.1,581,32,104
1,7,8,20,-1.8,6,64,65
1,7,8,30,-1.5,6,65,66
1,7,8,40,-1.2,11,93,95
1,7,8,50,-0.9,46,123,134
1,7,9,0,-0.6,53,134,147
1,7,9,10,-0.3,156,149,191
1,7,9,20,0,193,153,209
1,7,9,30,0.30000000000000004,192,164,224
1,7,9,40,0.6000000000000001,156,178,230
1,7,9,50,0.9,173,189,249
1,7,10,0,1.2000000000000002,57,191,212
1,7,10,10,1.4000000000000001,117,204,248
1,7,10,20,1.6,88,211,246
1,7,10,30,1.7000000000000002,83,216,250
1,7,10,40,1.9000000000000001,39,195,211
1,7,10,50,2.1,53,215,238
1,7,11,0,2.3000000000000003,74,230,262
1,7,11,10,2.4000000000000004,151,244,312
1,7,11,20,2.5,114,245,296
1,7,11,30,2.6,56,224,249
1,7,11,40,2.6,35,208,224
1,7,11,50,2.7,78,235,271
1,7,12,0,2.8000000000000003,78,235,271
1,7,12,10,2.8000000000000003,123,247,304
1,7,12,20,2.8000000000000003,192,245,335
1,7,12,30,2.8000000000000003,121,244,300
1,7,12,40,2.8000000000000003,183,244,329
1,7,12,50,2.8000000000000003,265,231,352
1,7,13,0,2.8000000000000003,350,212,369
1,7,13,10,2.7,411,190,371
1,7,13,20,2.7,437,183,371
1,7,13,30,2.6,916,65,451
1,7,13,40,2.6,902,66,436
1,7,13,50,2.5,893,65,419
1,7,14,0,2.4000000000000004,883,64,402
1,7,14,10,2.3000000000000003,523,144,336
1,7,14,20,2.1,156,197,252
1,7,14,30,1.9000000000000001,28,151,161
1,7,14,40,1.7000000000000002,21,130,136
1,7,14,50,1.5,13,113,117
1,7,15,0,1.3,92,151,176
1,7,15,10,0.9,55,136,150
1,7,15,20,0.6000000000000001,44,126,136
1,7,15,30,0.2,34,112,120
1,7,15,40,-0.2,6,67,68
1,7,15,50,-0.6,1,37,37
1,7,16,0,-0.9,514,38,105
1,7,16,10,-1.1,447,33,79
1,7,16,20,-1.2,367,27,55
1,7,16,30,-1.4,269,20,34
1,7,16,40,-1.5,131,13,17
1,7,16,50,-1.7,0,0,0
1,7,17,0,-1.8,0,0,0
1,7,17,10,-1.8,0,0,0
1,7,17,20,-1.9,0,0,0
1,7,17,30,-1.9,0,0,0
1,7,17,40,-1.9,0,0,0
1,7,17,50,-2,0,0,0
1,7,18,0,-2,0,0,0
1,7,18,10,-2.1,0,0,0
1,7,18,20,-2.2,0,0,0
1,7,18,30,-2.2,0,0,0
1,7,18,40,-2.3,0,0,0
1,7,18,50,-2.4,0,0,0
1,7,19,0,-2.4,0,0,0
1,7,19,10,-2.5,0,0,0
1,7,19,20,-2.6,0,0,0
1,7,19,30,-2.6,0,0,0
1,7,19,40,-2.7,0,0,0
1,7,19,50,-2.8,0,0,0
1,7,20,0,-2.9,0,0,0
1,7,20,10,-2.9,0,0,0
1,7,20,20,-3,0,0,0
1,7,20,30,-3,0,0,0
1,7,20,40,-3.1,0,0,0
1,7,20,50,-3.2,0,0,0
1,7,21,0,-3.2,0,0,0
1,7,21,10,-3.3,0,0,0
1,7,21,20,-3.4,0,0,0
1,7,21,30,-3.5,0,0,0
1,7,21,40,-3.5,0,0,0
1,7,21,50,-3.6,0,0,0
1,7,22,0,-3.7,0,0,0
1,7,22,10,-3.8,0,0,0
1,7,22,20,-3.9,0,0,0
1,7,22,30,-4,0,0,0
1,7,22,40,-4.1,0,0,0
1,7,22,50,-4.1,0,0,0
1,7,23,0,-4.2,0,0,0
1,7,23,10,-4.4,0,0,0
1,7,23,20,-4.5,0,0,0
1,7,23,30,-4.6,0,0,0
1,7,23,40,-4.7,0,0,0
1,7,23,50,-4.8,0,0,0
1,8,0,0,-4.9,0,0,0
1,8,0,10,-5,0,0,0
1,8,0,20,-5.1,0,0,0
1,8,0,30,-5.2,0,0,0
1,8,0,40,-5.3,0,0,0
1,8,0,50,-5.4,0,0,0
1,8,1,0,-5.5,0,0,0
1,8,1,10,-5.6,0,0,0
1,8,1,20,-5.6,0,0,0
1,8,1,30,-5.7,0,0,0
1,8,1,40,-5.8,0,0,0
1,8,1,50,-5.8,0,0,0
1,8,2,0,-5.9,0,0,0
1,8,2,10,-6,0,0,0
1,8,2,20,-6,0,0,0
1,8,2,30,-6.1,0,0,0
1,8,2,40,-6.1,0,0,0
1,8,2,50,-6.2,0,0,0
1,8,3,0,-6.2,0,0,0
1,8,3,10,-6.3,0,0,0
1,8,3,20,-6.3,0,0,0
1,8,3,30,-6.4,0,0,0
1,8,3,40,-6.5,0,0,0
1,8,3,50,-6.5,0,0,0
1,8,4,0,-6.6,0,0,0
1,8,4,10,-6.6,0,0,0
1,8,4,20,-6.7,0,0,0
1,8,4,30,-6.8,0,0,0
1,8,4,40,-6.8,0,0,0
1,8,4,50,-6.9,0,0,0
1,8,5,0,-7,0,0,0
1,8,5,10,-7,0,0,0
1,8,5,20,-7.1,0,0,0
1,8,5,30,-7.2,0,0,0
1,8,5,40,-7.3,0,0,0
1,8,5,50,-7.3,0,0,0
1,8,6,0,-7.4,0,0,0
1,8,6,10,-7.5,0,0,0
1,8,6,20,-7.6,0,0,0
1,8,6,30,-7.6,0,0,0
1,8,6,40,-7.7,0,0,0
1,8,6,50,-7.8,0,0,0
1,8,7,0,-7.8,0,0,0
1,8,7,10,-7.8,0,0,0
1,8,7,20,-7.7,0,0,0
1,8,7,30,-7.7,0,0,0
1,8,7,40,-7.6,0,21,21
1,8,7,50,-7.5,2,39,39
1,8,8,0,-7.5,6,58,58
1,8,8,10,-7.3,14,78,80
1,8,8,20,-7.2,0,50,50
1,8,8,30,-7.1,12,104,106
1,8,8,40,-6.9,2,75,75
1,8,8,50,-6.8,6,112,113
1,8,9,0,-6.6,277,149,218
1,8,9,10,-6.4,6,181,183
1,8,9,20,-6.2,30,173,182
1,8,9,30,-6,8,152,155
1,8,9,40,-5.9,11,231,234
1,8,9,50,-5.7,18,255,262
1,8,10,0,-5.5,2,210,211
1,8,10,10,-5.3,10,253,257
1,8,10,20,-5.1,16,281,288
1,8,10,30,-4.9,40,323,339
1,8,10,40,-4.7,45,333,352
1,8,10,50,-4.5,6,281,283
1,8,11,0,-4.3,32,338,352
1,8,11,10,-4.1,30,341,354
1,8,11,20,-3.9,32,349,364
1,8,11,30,-3.8,43,364,384
1,8,11,40,-3.6,6,304,307
1,8,11,50,-3.4,14,328,334
1,8,12,0,-3.3,52,373,397
1,8,12,10,-3.2,38,362,380
1,8,12,20,-3.1,7,312,315
1,8,12,30,-3,13,323,329
1,8,12,40,-2.9,37,353,370
1,8,12,50,-2.8,43,355,374
1,8,13,0,-2.7,78,360,395
1,8,13,10,-2.7,936,81,496
1,8,13,20,-2.7,49,339,360
1,8,13,30,-2.6,54,331,354
1,8,13,40,-2.6,934,72,457
1,8,13,50,-2.6,926,71,441
1,8,14,0,-2.6,917,69,422
1,8,14,10,-2.6,906,68,403
1,8,14,20,-2.7,894,66,382
1,8,14,30,-2.8,880,64,359
1,8,14,40,-2.8,879,58,337
1,8,14,50,-2.9,862,56,312
1,8,15,0,-3,842,53,286
1,8,15,10,-3.2,819,51,260
1,8,15,20,-3.4,793,48,232
1,8,15,30,-3.6,762,45,204
1,8,15,40,-3.9,742,40,177
1,8,15,50,-4.1,701,36,148
1,8,16,0,-4.3,651,32,119
1,8,16,10,-4.6,592,28,92
1,8,16,20,-4.8,519,23,65
1,8,16,30,-5.1,427,18,41
1,8,16,40,-5.3,328,12,21
1,8,16,50,-5.6,0,0,0
1,8,17,0,-5.8,0,0,0
1,8,17,10,-6,0,0,0
1,8,17,20,-6.1,0,0,0
1,8,17,30,-6.3,0,0,0
1,8,17,40,-6.4,0,0,0
1,8,17,50,-6.5,0,0,0
1,8,18,0,-6.7,0,0,0
1,8,18,10,-6.8,0,0,0
1,8,18,20,-6.9,0,0,0
1,8,18,30,-7,0,0,0
1,8,18,40,-7.1,0,0,0
1,8,18,50,-7.2,0,0,0
1,8,19,0,-7.3,0,0,0
1,8,19,10,-7.5,0,0,0
1,8,19,20,-7.6,0,0,0
1,8,19,30,-7.7,0,0,0
1,8,19,40,-7.8,0,0,0
1,8,19,50,-7.9,0,0,0
1,8,20,0,-8,0,0,0
1,8,20,10,-8.2,0,0,0
1,8,20,20,-8.3,0,0,0
1,8,20,30,-8.4,0,0,0
1,8,20,40,-8.5,0,0,0
1,8,20,50,-8.6,0,0,0
1,8,21,0,-8.7,0,0,0
1,8,21,10,-8.8,0,0,0
1,8,21,20,-8.8,0,0,0
1,8,21,30,-8.9,0,0,0
1,8,21,40,-9,0,0,0
1,8,21,50,-9,0,0,0
1,8,22,0,-9.1,0,0,0
1,8,22,10,-9.1,0,0,0
1,8,22,20,-9.2,0,0,0
1,8,22,30,-9.2,0,0,0
1,8,22,40,-9.2,0,0,0
1,8,22,50,-9.3,0,0,0
1,8,23,0,-9.3,0,0,0
1,8,23,10,-9.3,0,0,0
1,8,23,20,-9.3,0,0,0
1,8,23,30,-9.3,0,0,0
1,8,23,40,-9.3,0,0,0
1,8,23,50,-9.4,0,0,0
1,9,0,0,-9.4,0,0,0
1,9,0,10,-9.4,0,0,0
1,9,0,20,-9.4,0,0,0
1,9,0,30,-9.5,0,0,0
1,9,0,40,-9.5,0,0,0
1,9,0,50,-9.5,0,0,0
1,9,1,0,-9.6,0,0,0
1,9,1,10,-9.6,0,0,0
1,9,1,20,-9.6,0,0,0
1,9,1,30,-9.6,0,0,0
1,9,1,40,-9.6,0,0,0
1,9,1,50,-9.6,0,0,0
1,9,2,0,-9.5,0,0,0
1,9,2,10,-9.5,0,0,0
1,9,2,20,-9.5,0,0,0
1,9,2,30,-9.4,0,0,0
1,9,2,40,-9.4,0,0,0
1,9,2,50,-9.3,0,0,0
1,9,3,0,-9.3,0,0,0
1,9,3,10,-9.3,0,0,0
1,9,3,20,-9.2,0,0,0
1,9,3,30,-9.2,0,0,0
1,9,3,40,-9.2,0,0,0
1,9,3,50,-9.2,0,0,0
1,9,4,0,-9.2,0,0,0
1,9,4,10,-9.1,0,0,0
1,9,4,20,-9.1,0,0,0
1,9,4,30,-9,0,0,0
1,9,4,40,-9,0,0,0
1,9,4,50,-8.9,0,0,0
1,9,5,0,-8.9,0,0,0
1,9,5,10,-8.8,0,0,0
1,9,5,20,-8.8,0,0,0
1,9,5,30,-8.7,0,0,0
1,9,5,40,-8.7,0,0,0
1,9,5,50,-8.7,0,0,0
1,9,6,0,-8.6,0,0,0
1,9,6,10,-8.5,0,0,0
1,9,6,20,-8.4,0,0,0
1,9,6,30,-8.3,0,0,0
1,9,6,40,-8.2,0,0,0
1,9,6,50,-8.1,0,0,0
1,9,7,0,-8,0,0,0
1,9,7,10,-7.5,0,0,0
1,9,7,20,-7.1,0,0,0
1,9,7,30,-6.6,332,10,15
1,9,7,40,-6.1,447,14,34
1,9,7,50,-5.7,538,18,57
1,9,8,0,-5.2,612,22,83
1,9,8,10,-4.7,671,26,110
1,9,8,20,-4.1,720,29,138
1,9,8,30,-3.5,761,31,166
1,9,8,40,-3,784,34,192
1,9,8,50,-2.4,814,36,219
1,9,9,0,-1.9,64,156,172
1,9,9,10,-1.4,55,168,182
1,9,9,20,-1,127,183,220
1,9,9,30,-0.5,897,43,323
1,9,9,40,-0.1,911,45,346
1,9,9,50,0.4,924,46,369
1,9,10,0,0.8,936,47,390
1,9,10,10,1.2000000000000002,946,48,409
1,9,10,20,1.5,946,49,424
1,9,10,30,1.9000000000000001,954,50,441
1,9,10,40,2.3000000000000003,958,53,457
1,9,10,50,2.7,964,54,471
1,9,11,0,3,321,258,400
1,9,11,10,3.3000000000000003,172,294,372
1,9,11,20,3.6,139,302,366
1,9,11,30,3.8000000000000003,260,288,409
1,9,11,40,4.1000000000000005,524,206,451
1,9,11,50,4.4,298,279,419
1,9,12,0,4.7,329,274,430
1,9,12,10,4.800000000000001,308,281,427
1,9,12,20,4.9,223,295,400
1,9,12,30,5,58,273,300
1,9,12,40,5.1000000000000005,9,203,207
1,9,12,50,5.2,36,266,283
1,9,13,0,5.300000000000001,20,238,248
1,9,13,10,5.2,9,202,206
1,9,13,20,5,36,254,269
1,9,13,30,4.9,9,192,196
1,9,13,40,4.800000000000001,5,164,166
1,9,13,50,4.6000000000000005,1,107,107
1,9,14,0,4.5,0,35,35
1,9,14,10,4.2,0,30,30
1,9,14,20,3.9000000000000004,0,22,22
1,9,14,30,3.6,0,35,35
1,9,14,40,3.4000000000000004,0,51,51
1,9,14,50,3.1,0,32,32
1,9,15,0,2.8000000000000003,20,149,155
1,9,15,10,2.6,7,115,116
1,9,15,20,2.3000000000000003,17,125,129
1,9,15,30,2,15,112,115
1,9,15,40,1.8,22,107,111
1,9,15,50,1.5,31,96,101
1,9,16,0,1.2000000000000002,1,43,43
1,9,16,10,1,588,27,91
1,9,16,20,0.7000000000000001,518,22,66
1,9,16,30,0.5,439,18,42
1,9,16,40,0.30000000000000004,341,12,22
1,9,16,50,0,0,0,0
1,9,17,0,-0.2,0,0,0
1,9,17,10,-0.4,0,0,0
1,9,17,20,-0.5,0,0,0
1,9,17,30,-0.7,0,0,0
1,9,17,40,-0.8,0,0,0
1,9,17,50,-1,0,0,0
1,9,18,0,-1.1,0,0,0
1,9,18,10,-1.3,0,0,0
1,9,18,20,-1.4,0,0,0
1,9,18,30,-1.5,0,0,0
1,9,18,40,-1.7,0,0,0
1,9,18,50,-1.8,0,0,0
1,9,19,0,-1.9,0,0,0
1,9,19,10,-2,0,0,0
1,9,19,20,-2.1,0,0,0
1,9,19,30,-2.2,0,0,0
1,9,19,40,-2.3,0,0,0
1,9,19,50,-2.3,0,0,0
1,9,20,0,-2.4,0,0,0
1,9,20,10,-2.4,0,0,0
1,9,20,20,-2.5,0,0,0
1,9,20,30,-2.5,0,0,0
1,9,20,40,-2.5,0,0,0
1,9,20,50,-2.5,0,0,0
1,9,21,0,-2.5,0,0,0
1,9,21,10,-2.5,0,0,0
1,9,21,20,-2.5,0,0,0
1,9,21,30,-2.5,0,0,0
1,9,21,40,-2.5,0,0,0
1,9,21,50,-2.5,0,0,0
1,9,22,0,-2.5,0,0,0
1,9,22,10,-2.5,0,0,0
1,9,22,20,-2.6,0,0,0
1,9,22,30,-2.6,0,0,0
1,9,22,40,-2.6,0,0,0
1,9,22,50,-2.7,0,0,0
1,9,23,0,-2.7,0,0,0
1,9,23,10,-2.9,0,0,0
1,9,23,20,-3.1,0,0,0
1,9,23,30,-3.2,0,0,0
1,9,23,40,-3.4,0,0,0
1,9,23,50,-3.6,0,0,0
1,10,0,0,-3.8,0,0,0
1,10,0,10,-3.9,0,0,0
1,10,0,20,-4,0,0,0
1,10,0,30,-4.1,0,0,0
1,10,0,40,-4.2,0,0,0
1,10,0,50,-4.3,0,0,0
1,10,1,0,-4.4,0,0,0
1,10,1,10,-4.5,0,0,0
1,10,1,20,-4.6,0,0,0
1,10,1,30,-4.7,0,0,0
1,10,1,40,-4.7,0,0,0
1,10,1,50,-4.8,0,0,0
1,10,2,0,-4.9,0,0,0
1,10,2,10,-4.9,0,0,0
1,10,2,20,-5,0,0,0
1,10,2,30,-5.1,0,0,0
1,10,2,40,-5.2,0,0,0
1,10,2,50,-5.2,0,0,0
1,10,3,0,-5.3,0,0,0
1,10,3,10,-5.3,0,0,0
1,10,3,20,-5.2,0,0,0
1,10,3,30,-5.2,0,0,0
1,10,3,40,-5.1,0,0,0
1,10,3,50,-5.1,0,0,0
1,10,4,0,-5,0,0,0
1,10,4,10,-5,0,0,0
1,10,4,20,-4.9,0,0,0
1,10,4,30,-4.9,0,0,0
1,10,4,40,-4.8,0,0,0
1,10,4,50,-4.8,0,0,0
1,10,5,0,-4.7,0,0,0
1,10,5,10,-4.8,0,0,0
1,10,5,20,-4.8,0,0,0
1,10,5,30,-4.8,0,0,0
1,10,5,40,-4.8,0,0,0
1,10,5,50,-4.9,0,0,0
1,10,6,0,-4.9,0,0,0
1,10,6,10,-4.9,0,0,0
1,10,6,20,-4.9,0,0,0
1,10,6,30,-4.8,0,0,0
1,10,6,40,-4.8,0,0,0
1,10,6,50,-4.8,0,0,0
1,10,7,0,-4.8,0,0,0
1,10,7,10,-4.5,0,0,0
1,10,7,20,-4.2,0,0,0
1,10,7,30,-3.9,359,9,16
1,10,7,40,-3.7,478,14,35
1,10,7,50,-3.4,570,18,59
1,10,8,0,-3.1,643,21,85
1,10,8,10,-2.8,702,24,112
1,10,8,20,-2.5,750,26,141
1,10,8,30,-2.1,790,28,169
1,10,8,40,-1.8,824,30,197
1,10,8,50,-1.5,853,32,225
1,10,9,0,-1.2,878,33,252
1,10,9,10,-1,899,35,279
1,10,9,20,-0.8,918,36,304
1,10,9,30,-0.6,934,37,329
1,10,9,40,-0.4,948,38,353
1,10,9,50,-0.2,961,39,375
1,10,10,0,0,972,39,396
1,10,10,10,0.1,982,40,416
1,10,10,20,0.2,990,41,435
1,10,10,30,0.30000000000000004,998,41,452
1,10,10,40,0.4,1003,43,468
1,10,10,50,0.5,1008,44,481
1,10,11,0,0.6000000000000001,1013,44,494
1,10,11,10,0.7000000000000001,1017,44,505
1,10,11,20,0.7000000000000001,1021,45,514
1,10,11,30,0.7000000000000001,1023,45,521
1,10,11,40,0.8,1026,45,527
1,10,11,50,0.8,1027,45,530
1,10,12,0,0.9,1028,45,533
1,10,12,10,0.9,1028,45,533
1,10,12,20,0.9,1027,45,532
1,10,12,30,0.9,1026,45,529
1,10,12,40,0.9,1023,46,524
1,10,12,50,0.9,1021,46,518
1,10,13,0,0.9,1018,46,510
1,10,13,10,0.8,1014,45,500
1,10,13,20,0.8,1010,45,489
1,10,13,30,0.7000000000000001,388,201,367
1,10,13,40,0.7000000000000001,216,219,309
1,10,13,50,0.6000000000000001,459,174,360
1,10,14,0,0.6000000000000001,342,182,316
1,10,14,10,0.4,369,170,308
1,10,14,20,0.30000000000000004,444,155,314
1,10,14,30,0.1,455,145,300
1,10,14,40,-0.1,943,37,342
1,10,14,50,-0.2,928,36,317
1,10,15,0,-0.4,910,35,292
1,10,15,10,-0.8,890,34,266
1,10,15,20,-1.3,868,32,239
1,10,15,30,-1.8,841,31,212
1,10,15,40,-2.2,810,29,184
1,10,15,50,-2.7,773,27,155
1,10,16,0,-3.1,729,25,127
1,10,16,10,-3.4,676,22,99
1,10,16,20,-3.6,610,19,72
1,10,16,30,-3.9,528,16,47
1,10,16,40,-4.1,1,13,13
1,10,16,50,-4.4,0,0,0
1,10,17,0,-4.7,0,0,0
1,10,17,10,-4.7,0,0,0
1,10,17,20,-4.7,0,0,0
1,10,17,30,-4.7,0,0,0
1,10,17,40,-4.8,0,0,0
1,10,17,50,-4.8,0,0,0
1,10,18,0,-4.8,0,0,0
1,10,18,10,-4.9,0,0,0
1,10,18,20,-5,0,0,0
1,10,18,30,-5.1,0,0,0
1,10,18,40,-5.2,0,0,0
1,10,18,50,-5.2,0,0,0
1,10,19,0,-5.3,0,0,0
1,10,19,10,-5.4,0,0,0
1,10,19,20,-5.4,0,0,0
1,10,19,30,-5.4,0,0,0
1,10,19,40,-5.4,0,0,0
1,10,19,50,-5.5,0,0,0
1,10,20,0,-5.5,0,0,0
1,10,20,10,-5.5,0,0,0
1,10,20,20,-5.5,0,0,0
1,10,20,30,-5.5,0,0,0
1,10,20,40,-5.5,0,0,0
1,10,20,50,-5.4,0,0,0
1,10,21,0,-5.4,0,0,0
1,10,21,10,-5.4,0,0,0
1,10,21,20,-5.5,0,0,0
1,10,21,30,-5.5,0,0,0
1,10,21,40,-5.5,0,0,0
1,10,21,50,-5.5,0,0,0
1,10,22,0,-5.5,0,0,0
1,10,22,10,-5.5,0,0,0
1,10,22,20,-5.5,0,0,0
1,10,22,30,-5.5,0,0,0
1,10,22,40,-5.5,0,0,0
1,10,22,50,-5.5,0,0,0
1,10,23,0,-5.5,0,0,0
1,10,23,10,-5.4,0,0,0
1,10,23,20,-5.3,0,0,0
1,10,23,30,-5.2,0,0,0
1,10,23,40,-5.1,0,0,0
1,10,23,50,-5,0,0,0
1,11,0,0,-4.9,0,0,0
1,11,0,10,-4.9,0,0,0
1,11,0,20,-4.9,0,0,0
1,11,0,30,-5,0,0,0
1,11,0,40,-5,0,0,0
1,11,0,50,-5,0,0,0
1,11,1,0,-5,0,0,0
1,11,1,10,-5.1,0,0,0
1,11,1,20,-5.2,0,0,0
1,11,1,30,-5.3,0,0,0
1,11,1,40,-5.4,0,0,0
1,11,1,50,-5.5,0,0,0
1,11,2,0,-5.6,0,0,0
1,11,2,10,-5.7,0,0,0
1,11,2,20,-5.8,0,0,0
1,11,2,30,-5.9,0,0,0
1,11,2,40,-5.9,0,0,0
1,11,2,50,-6,0,0,0
1,11,3,0,-6.1,0,0,0
1,11,3,10,-6.2,0,0,0
1,11,3,20,-6.3,0,0,0
1,11,3,30,-6.4,0,0,0
1,11,3,40,-6.5,0,0,0
1,11,3,50,-6.6,0,0,0
1,11,4,0,-6.7,0,0,0
1,11,4,10,-6.7,0,0,0
1,11,4,20,-6.7,0,0,0
1,11,4,30,-6.8,0,0,0
1,11,4,40,-6.8,0,0,0
1,11,4,50,-6.8,0,0,0
1,11,5,0,-6.9,0,0,0
1,11,5,10,-6.9,0,0,0
1,11,5,20,-7,0,0,0
1,11,5,30,-7.1,0,0,0
1,11,5,40,-7.1,0,0,0
1,11,5,50,-7.2,0,0,0
1,11,6,0,-7.2,0,0,0
1,11,6,10,-7.3,0,0,0
1,11,6,20,-7.3,0,0,0
1,11,6,30,-7.3,0,0,0
1,11,6,40,-7.3,0,0,0
1,11,6,50,-7.3,0,0,0
1,11,7,0,-7.3,0,0,0
1,11,7,10,-7.1,0,0,0
1,11,7,20,-6.9,0,0,0
1,11,7,30,-6.6,1,8,8
1,11,7,40,-6.4,1,18,18
1,11,7,50,-6.2,24,41,43
1,11,8,0,-6,58,57,63
1,11,8,10,-5.8,1,31,31
1,11,8,20,-5.5,3,52,52
1,11,8,30,-5.3,0,29,29
1,11,8,40,-5.1,1,47,47
1,11,8,50,-4.9,9,84,86
1,11,9,0,-4.7,1,55,55
1,11,9,10,-4.5,0,43,43
1,11,9,20,-4.4,1,61,62
1,11,9,30,-4.2,2,72,73
1,11,9,40,-4.1,8,112,115
1,11,9,50,-4,50,181,199
1,11,10,0,-3.8,29,174,185
1,11,10,10,-3.7,2,90,91
1,11,10,20,-3.7,2,99,100
1,11,10,30,-3.6,78,219,251
1,11,10,40,-3.5,3,114,115
1,11,10,50,-3.5,2,109,110
1,11,11,0,-3.4,7,146,149
1,11,11,10,-3.5,2,112,113
1,11,11,20,-3.5,3,122,124
1,11,11,30,-3.5,6,143,146
1,11,11,40,-3.6,2,110,110
1,11,11,50,-3.6,1,104,105
1,11,12,0,-3.6,0,23,23
1,11,12,10,-3.7,42,230,250
1,11,12,20,-3.9,243,255,371
1,11,12,30,-4,34,213,229
1,11,12,40,-4.1,174,253,335
1,11,12,50,-4.2,624,147,437
1,11,13,0,-4.3,276,234,361
1,11,13,10,-4.5,462,192,401
1,11,13,20,-4.7,25,189,200
1,11,13,30,-4.9,244,218,323
1,11,13,40,-5.1,335,204,344
1,11,13,50,-5.3,174,223,294
1,11,14,0,-5.5,172,216,284
1,11,14,10,-5.7,114,206,249
1,11,14,20,-5.9,82,203,233
1,11,14,30,-6,88,188,218
1,11,14,40,-6.2,38,159,171
1,11,14,50,-6.4,346,148,254
1,11,15,0,-6.6,105,156,186
1,11,15,10,-6.8,120,141,172
1,11,15,20,-7.1,11,97,99
1,11,15,30,-7.3,63,120,134
1,11,15,40,-7.6,86,109,126
1,11,15,50,-7.8,408,72,140
1,11,16,0,-8.1,12,68,69
1,11,16,10,-8.4,295,57,92
1,11,16,20,-8.7,93,52,60
1,11,16,30,-9,36,36,38
1,11,16,40,-9.3,6,18,18
1,11,16,50,-9.5,0,0,0
1,11,17,0,-9.8,0,0,0
1,11,17,10,-10,0,0,0
1,11,17,20,-10.2,0,0,0
1,11,17,30,-10.5,0,0,0
1,11,17,40,-10.7,0,0,0
1,11,17,50,-10.9,0,0,0
1,11,18,0,-11.1,0,0,0
1,11,18,10,-11.2,0,0,0
1,11,18,20,-11.4,0,0,0
1,11,18,30,-11.5,0,0,0
1,11,18,40,-11.6,0,0,0
1,11,18,50,-11.8,0,0,0
1,11,19,0,-11.9,0,0,0
1,11,19,10,-12,0,0,0
1,11,19,20,-12.1,0,0,0
1,11,19,30,-12.1,0,0,0
1,11,19,40,-12.2,0,0,0
1,11,19,50,-12.3,0,0,0
1,11,20,0,-12.4,0,0,0
1,11,20,10,-12.4,0,0,0
1,11,20,20,-12.4,0,0,0
1,11,20,30,-12.4,0,0,0
1,11,20,40,-12.5,0,0,0
1,11,20,50,-12.5,0,0,0
1,11,21,0,-12.5,0,0,0
1,11,21,10,-12.5,0,0,0
1,11,21,20,-12.5,0,0,0
1,11,21,30,-12.6,0,0,0
1,11,21,40,-12.6,0,0,0
1,11,21,50,-12.6,0,0,0
1,11,22,0,-12.6,0,0,0
1,11,22,10,-12.6,0,0,0
1,11,22,20,-12.7,0,0,0
1,11,22,30,-12.7,0,0,0
1,11,22,40,-12.8,0,0,0
1,11,22,50,-12.8,0,0,0
1,11,23,0,-12.9,0,0,0
1,11,23,10,-12.9,0,0,0
1,11,23,20,-12.9,0,0,0
1,11,23,30,-12.9,0,0,0
1,11,23,40,-12.9,0,0,0
1,11,23,50,-12.9,0,0,0
1,12,0,0,-12.9,0,0,0
1,12,0,10,-12.9,0,0,0
1,12,0,20,-12.9,0,0,0
1,12,0,30,-12.8,0,0,0
1,12,0,40,-12.8,0,0,0
1,12,0,50,-12.8,0,0,0
1,12,1,0,-12.8,0,0,0
1,12,1,10,-12.7,0,0,0
1,12,1,20,-12.6,0,0,0
1,12,1,30,-12.5,0,0,0
1,12,1,40,-12.4,0,0,0
1,12,1,50,-12.4,0,0,0
1,12,2,0,-12.3,0,0,0
1,12,2,10,-12.2,0,0,0
1,12,2,20,-12.1,0,0,0
1,12,2,30,-12,0,0,0
1,12,2,40,-11.8,0,0,0
1,12,2,50,-11.7,0,0,0
1,12,3,0,-11.6,0,0,0
1,12,3,10,-11.6,0,0,0
1,12,3,20,-11.5,0,0,0
1,12,3,30,-11.4,0,0,0
1,12,3,40,-11.4,0,0,0
1,12,3,50,-11.3,0,0,0
1,12,4,0,-11.2,0,0,0
1,12,4,10,-11.2,0,0,0
1,12,4,20,-11.1,0,0,0
1,12,4,30,-11,0,0,0
1,12,4,40,-11,0,0,0
1,12,4,50,-10.9,0,0,0
1,12,5,0,-10.9,0,0,0
1,12,5,10,-10.8,0,0,0
1,12,5,20,-10.8,0,0,0
1,12,5,30,-10.8,0,0,0
1,12,5,40,-10.7,0,0,0
1,12,5,50,-10.7,0,0,0
1,12,6,0,-10.6,0,0,0
1,12,6,10,-10.5,0,0,0
1,12,6,20,-10.4,0,0,0
1,12,6,30,-10.3,0,0,0
1,12,6,40,-10.2,0,0,0
1,12,6,50,-10.1,0,0,0
1,12,7,0,-10,0,0,0
1,12,7,10,-9.5,0,0,0
1,12,7,20,-9,0,0,0
1,12,7,30,-8.5,369,10,17
1,12,7,40,-8,487,14,37
1,12,7,50,-7.5,579,18,61
1,12,8,0,-6.9,652,22,88
1,12,8,10,-6.5,710,24,115
1,12,8,20,-6.1,758,27,144
1,12,8,30,-5.7,3,58,58
1,12,8,40,-5.3,37,107,114
1,12,8,50,-4.8,857,33,230
1,12,9,0,-4.4,15,105,109
1,12,9,10,-4.1,903,36,284
1,12,9,20,-3.8,922,38,310
1,12,9,30,-3.5,938,39,335
1,12,9,40,-3.2,948,42,360
1,12,9,50,-2.9,961,43,382
1,12,10,0,-2.6,972,44,404
1,12,10,10,-2.4,982,44,424
1,12,10,20,-2.2,990,45,442
1,12,10,30,-2,998,46,460
1,12,10,40,-1.8,289,210,333
1,12,10,50,-1.6,1010,47,489
1,12,11,0,-1.4,1015,47,502
1,12,11,10,-1.2,14,168,174
1,12,11,20,-1.1,226,247,352
1,12,11,30,-1,1025,48,529
1,12,11,40,-0.9,131,256,317
1,12,11,50,-0.7,341,224,386
1,12,12,0,-0.6,353,216,385
1,12,12,10,-0.6,109,249,302
1,12,12,20,-0.5,43,214,234
1,12,12,30,-0.5,248,244,362
1,12,12,40,-0.4,99,244,291
1,12,12,50,-0.4,494,188,419
1,12,13,0,-0.3,192,230,318
1,12,13,10,-0.3,79,235,271
1,12,13,20,-0.4,464,188,395
1,12,13,30,-0.4,1009,45,484
1,12,13,40,-0.4,263,209,321
1,12,13,50,-0.4,767,106,420
1,12,14,0,-0.5,698,117,394
1,12,14,10,-0.6,103,188,227
1,12,14,20,-0.7,952,43,390
1,12,14,30,-0.8,940,42,369
1,12,14,40,-0.9,458,129,279
1,12,14,50,-1.1,909,41,322
1,12,15,0,-1.2,892,40,297
1,12,15,10,-1.5,872,38,271
1,12,15,20,-1.8,402,104,202
1,12,15,30,-2.2,359,97,177
1,12,15,40,-2.5,304,92,152
1,12,15,50,-2.8,752,31,160
1,12,16,0,-3.1,708,29,132
1,12,16,10,-3.3,655,26,104
1,12,16,20,-3.5,591,22,77
1,12,16,30,-3.6,510,18,52
1,12,16,40,-3.8,397,14,29
1,12,16,50,-4,0,0,0
1,12,17,0,-4.1,0,0,0
1,12,17,10,-4,0,0,0
1,12,17,20,-3.9,0,0,0
1,12,17,30,-3.8,0,0,0
1,12,17,40,-3.7,0,0,0
1,12,17,50,-3.5,0,0,0
1,12,18,0,-3.4,0,0,0
1,12,18,10,-3.4,0,0,0
1,12,18,20,-3.4,0,0,0
1,12,18,30,-3.4,0,0,0
1,12,18,40,-3.3,0,0,0
1,12,18,50,-3.3,0,0,0
1,12,19,0,-3.3,0,0,0
1,12,19,10,-3.4,0,0,0
1,12,19,20,-3.6,0,0,0
1,12,19,30,-3.8,0,0,0
1,12,19,40,-3.9,0,0,0
1,12,19,50,-4.1,0,0,0
1,12,20,0,-4.2,0,0,0
1,12,20,10,-4.6,0,0,0
1,12,20,20,-4.9,0,0,0
1,12,20,30,-5.3,0,0,0
1,12,20,40,-5.6,0,0,0
1,12,20,50,-6,0,0,0
1,12,21,0,-6.3,0,0,0
1,12,21,10,-6.7,0,0,0
1,12,21,20,-7.1,0,0,0
1,12,21,30,-7.4,0,0,0
1,12,21,40,-7.8,0,0,0
1,12,21,50,-8.2,0,0,0
1,12,22,0,-8.5,0,0,0
1,12,22,10,-8.9,0,0,0
1,12,22,20,-9.3,0,0,0
1,12,22,30,-9.7,0,0,0
1,12,22,40,-10.1,0,0,0
1,12,22,50,-10.5,0,0,0
1,12,23,0,-10.8,0,0,0
1,12,23,10,-11,0,0,0
1,12,23,20,-11.2,0,0,0
1,12,23,30,-11.4,0,0,0
1,12,23,40,-11.6,0,0,0
1,12,23,50,-11.8,0,0,0
1,13,0,0,-12.1,0,0,0
1,13,0,10,-12.2,0,0,0
1,13,0,20,-12.3,0,0,0
1,13,0,30,-12.4,0,0,0
1,13,0,40,-12.5,0,0,0
1,13,0,50,-12.6,0,0,0
1,13,1,0,-12.7,0,0,0
1,13,1,10,-12.8,0,0,0
1,13,1,20,-12.8,0,0,0
1,13,1,30,-12.9,0,0,0
1,13,1,40,-13,0,0,0
1,13,1,50,-13.1,0,0,0
1,13,2,0,-13.1,0,0,0
1,13,2,10,-13.2,0,0,0
1,13,2,20,-13.3,0,0,0
1,13,2,30,-13.4,0,0,0
1,13,2,40,-13.4,0,0,0
1,13,2,50,-13.5,0,0,0
1,13,3,0,-13.6,0,0,0
1,13,3,10,-13.7,0,0,0
1,13,3,20,-13.8,0,0,0
1,13,3,30,-13.9,0,0,0
1,13,3,40,-14,0,0,0
1,13,3,50,-14.1,0,0,0
1,13,4,0,-14.2,0,0,0
1,13,4,10,-14.4,0,0,0
1,13,4,20,-14.5,0,0,0
1,13,4,30,-14.6,0,0,0
1,13,4,40,-14.8,0,0,0
1,13,4,50,-14.9,0,0,0
1,13,5,0,-15,0,0,0
1,13,5,10,-15.1,0,0,0
1,13,5,20,-15.2,0,0,0
1,13,5,30,-15.2,0,0,0
1,13,5,40,-15.3,0,0,0
1,13,5,50,-15.3,0,0,0
1,13,6,0,-15.4,0,0,0
1,13,6,10,-15.5,0,0,0
1,13,6,20,-15.5,0,0,0
1,13,6,30,-15.6,0,0,0
1,13,6,40,-15.6,0,0,0
1,13,6,50,-15.7,0,0,0
1,13,7,0,-15.8,0,0,0
1,13,7,10,-15.6,0,0,0
1,13,7,20,-15.4,0,0,0
1,13,7,30,-15.2,321,12,18
1,13,7,40,-15,452,17,39
1,13,7,50,-14.8,548,22,63
1,13,8,0,-14.6,623,27,90
1,13,8,10,-14.4,684,31,119
1,13,8,20,-14.2,24,91,95
1,13,8,30,-14,46,111,120
1,13,8,40,-13.8,78,137,153
1,13,8,50,-13.6,200,144,190
1,13,9,0,-13.4,868,45,265
1,13,9,10,-13.1,890,47,292
1,13,9,20,-12.8,909,49,319
1,13,9,30,-12.4,925,51,345
1,13,9,40,-12.1,946,50,369
1,13,9,50,-11.8,355,195,321
1,13,10,0,-11.5,970,53,414
1,13,10,10,-11,980,54,435
1,13,10,20,-10.6,988,55,454
1,13,10,30,-10.1,996,56,472
1,13,10,40,-9.7,1008,54,486
1,13,10,50,-9.3,1013,54,501
1,13,11,0,-8.8,1018,55,513
1,13,11,10,-8.5,1022,56,525
1,13,11,20,-8.1,1026,56,534
1,13,11,30,-7.8,1028,57,542
1,13,11,40,-7.4,1030,57,548
1,13,11,50,-7.1,1032,57,552
1,13,12,0,-6.7,1033,57,555
1,13,12,10,-6.5,1033,57,555
1,13,12,20,-6.3,1033,57,554
1,13,12,30,-6.1,1032,57,551
1,13,12,40,-5.9,1030,57,547
1,13,12,50,-5.7,1028,56,540
1,13,13,0,-5.6,1025,56,532
1,13,13,10,-5.6,1006,55,515
1,13,13,20,-5.6,1002,55,503
1,13,13,30,-5.6,997,54,490
1,13,13,40,-5.6,991,53,475
1,13,13,50,-5.6,984,52,459
1,13,14,0,-5.6,976,51,441
1,13,14,10,-5.8,967,50,422
1,13,14,20,-6,957,49,401
1,13,14,30,-6.3,946,48,379
1,13,14,40,-6.5,929,49,357
1,13,14,50,-6.7,914,47,332
1,13,15,0,-6.9,897,45,307
1,13,15,10,-7.3,878,43,280
1,13,15,20,-7.8,855,41,253
1,13,15,30,-8.2,830,39,225
1,13,15,40,-8.7,797,37,196
1,13,15,50,-9.1,747,34,165
1,13,16,0,-9.6,704,31,136
1,13,16,10,-10,652,28,108
1,13,16,20,-10.4,589,24,80
1,13,16,30,-10.8,511,19,54
1,13,16,40,-11.3,403,15,31
1,13,16,50,-11.7,0,0,0
1,13,17,0,-12.1,0,0,0
1,13,17,10,-12.3,0,0,0
1,13,17,20,-12.5,0,0,0
1,13,17,30,-12.6,0,0,0
1,13,17,40,-12.8,0,0,0
1,13,17,50,-13,0,0,0
1,13,18,0,-13.2,0,0,0
1,13,18,10,-13.3,0,0,0
1,13,18,20,-13.5,0,0,0
1,13,18,30,-13.7,0,0,0
1,13,18,40,-13.9,0,0,0
1,13,18,50,-14,0,0,0
1,13,19,0,-14.2,0,0,0
1,13,19,10,-14.3,0,0,0
1,13,19,20,-14.4,0,0,0
1,13,19,30,-14.5,0,0,0
1,13,19,40,-14.5,0,0,0
1,13,19,50,-14.6,0,0,0
1,13,20,0,-14.7,0,0,0
1,13,20,10,-14.7,0,0,0
1,13,20,20,-14.7,0,0,0
1,13,20,30,-14.7,0,0,0
1,13,20,40,-14.6,0,0,0
1,13,20,50,-14.6,0,0,0
1,13,21,0,-14.6,0,0,0
1,13,21,10,-14.6,0,0,0
1,13,21,20,-14.6,0,0,0
1,13,21,30,-14.6,0,0,0
1,13,21,40,-14.6,0,0,0
1,13,21,50,-14.6,0,0,0
1,13,22,0,-14.6,0,0,0
1,13,22,10,-14.6,0,0,0
1,13,22,20,-14.7,0,0,0
1,13,22,30,-14.8,0,0,0
1,13,22,40,-14.8,0,0,0
1,13,22,50,-14.9,0,0,0
1,13,23,0,-14.9,0,0,0
1,13,23,10,-14.9,0,0,0
1,13,23,20,-14.9,0,0,0
1,13,23,30,-14.8,0,0,0
1,13,23,40,-14.8,0,0,0
1,13,23,50,-14.8,0,0,0
1,14,0,0,-14.8,0,0,0
1,14,0,10,-14.8,0,0,0
1,14,0,20,-14.7,0,0,0
1,14,0,30,-14.7,0,0,0
1,14,0,40,-14.7,0,0,0
1,14,0,50,-14.7,0,0,0
1,14,1,0,-14.7,0,0,0
1,14,1,10,-14.7,0,0,0
1,14,1,20,-14.7,0,0,0
1,14,1,30,-14.7,0,0,0
1,14,1,40,-14.7,0,0,0
1,14,1,50,-14.7,0,0,0
1,14,2,0,-14.7,0,0,0
1,14,2,10,-14.6,0,0,0
1,14,2,20,-14.6,0,0,0
1,14,2,30,-14.6,0,0,0
1,14,2,40,-14.5,0,0,0
1,14,2,50,-14.5,0,0,0
1,14,3,0,-14.4,0,0,0
1,14,3,10,-14.5,0,0,0
1,14,3,20,-14.5,0,0,0
1,14,3,30,-14.5,0,0,0
1,14,3,40,-14.5,0,0,0
1,14,3,50,-14.5,0,0,0
1,14,4,0,-14.6,0,0,0
1,14,4,10,-14.6,0,0,0
1,14,4,20,-14.7,0,0,0
1,14,4,30,-14.7,0,0,0
1,14,4,40,-14.8,0,0,0
1,14,4,50,-14.8,0,0,0
1,14,5,0,-14.9,0,0,0
1,14,5,10,-14.9,0,0,0
1,14,5,20,-15,0,0,0
1,14,5,30,-15,0,0,0
1,14,5,40,-15.1,0,0,0
1,14,5,50,-15.1,0,0,0
1,14,6,0,-15.2,0,0,0
1,14,6,10,-15.2,0,0,0
1,14,6,20,-15.2,0,0,0
1,14,6,30,-15.3,0,0,0
1,14,6,40,-15.3,0,0,0
1,14,6,50,-15.3,0,0,0
1,14,7,0,-15.3,0,0,0
1,14,7,10,-15.1,0,0,0
1,14,7,20,-14.8,0,0,0
1,14,7,30,-14.5,0,3,3
1,14,7,40,-14.3,392,17,37
1,14,7,50,-14,488,23,60
1,14,8,0,-13.7,565,28,86
1,14,8,10,-13.3,627,32,114
1,14,8,20,-12.8,679,36,143
1,14,8,30,-12.4,722,40,171
1,14,8,40,-12,763,42,200
1,14,8,50,-11.5,793,45,229
1,14,9,0,-11.1,820,48,257
1,14,9,10,-10.8,843,50,284
1,14,9,20,-10.5,862,52,310
1,14,9,30,-10.1,880,54,335
1,14,9,40,-9.8,358,181,302
1,14,9,50,-9.5,447,166,326
1,14,10,0,-9.2,922,59,404
1,14,10,10,-9,932,60,424
1,14,10,20,-8.8,941,61,443
1,14,10,30,-8.5,949,62,460
1,14,10,40,-8.3,268,270,385
1,14,10,50,-8.1,311,266,403
1,14,11,0,-7.9,195,300,388
1,14,11,10,-7.8,352,267,429
1,14,11,20,-7.6,982,63,523
1,14,11,30,-7.5,285,299,434
1,14,11,40,-7.4,34,292,308
1,14,11,50,-7.3,305,300,447
1,14,12,0,-7.2,499,230,471
1,14,12,10,-7.2,989,64,544
1,14,12,20,-7.2,989,64,543
1,14,12,30,-7.2,988,64,540
1,14,12,40,-7.2,986,64,536
1,14,12,50,-7.2,984,64,529
1,14,13,0,-7.2,981,63,521
1,14,13,10,-7.2,977,62,512
1,14,13,20,-7.2,973,62,500
1,14,13,30,-7.2,968,61,487
1,14,13,40,-7.3,951,65,473
1,14,13,50,-7.3,944,64,457
1,14,14,0,-7.3,936,63,439
1,14,14,10,-7.4,927,61,420
1,14,14,20,-7.5,916,60,400
1,14,14,30,-7.6,904,58,378
1,14,14,40,-7.7,890,56,355
1,14,14,50,-7.8,875,54,331
1,14,15,0,-7.9,857,52,305
1,14,15,10,-8.1,837,50,279
1,14,15,20,-8.4,813,48,251
1,14,15,30,-8.6,786,45,224
1,14,15,40,-8.9,757,42,195
1,14,15,50,-9.1,721,38,167
1,14,16,0,-9.3,677,35,138
1,14,16,10,-9.6,624,31,109
1,14,16,20,-9.8,559,27,82
1,14,16,30,-10,481,22,56
1,14,16,40,-10.2,386,16,33
1,14,16,50,-10.4,0,0,0
1,14,17,0,-10.6,0,0,0
1,14,17,10,-10.7,0,0,0
1,14,17,20,-10.7,0,0,0
1,14,17,30,-10.8,0,0,0
1,14,17,40,-10.8,0,0,0
1,14,17,50,-10.9,0,0,0
1,14,18,0,-10.9,0,0,0
1,14,18,10,-11,0,0,0
1,14,18,20,-11,0,0,0
1,14,18,30,-11.1,0,0,0
1,14,18,40,-11.1,0,0,0
1,14,18,50,-11.1,0,0,0
1,14,19,0,-11.2,0,0,0
1,14,19,10,-11.2,0,0,0
1,14,19,20,-11.2,0,0,0
1,14,19,30,-11.2,0,0,0
1,14,19,40,-11.2,0,0,0
1,14,19,50,-11.3,0,0,0
1,14,20,0,-11.3,0,0,0
1,14,20,10,-11.2,0,0,0
1,14,20,20,-11.2,0,0,0
1,14,20,30,-11.2,0,0,0
1,14,20,40,-11.1,0,0,0
1,14,20,50,-11.1,0,0,0
1,14,21,0,-11,0,0,0
1,14,21,10,-10.9,0,0,0
1,14,21,20,-10.8,0,0,0
1,14,21,30,-10.7,0,0,0
1,14,21,40,-10.6,0,0,0
1,14,21,50,-10.5,0,0,0
1,14,22,0,-10.4,0,0,0
1,14,22,10,-10.2,0,0,0
1,14,22,20,-10.1,0,0,0
1,14,22,30,-9.9,0,0,0
1,14,22,40,-9.8,0,0,0
1,14,22,50,-9.7,0,0,0
1,14,23,0,-9.5,0,0,0
1,14,23,10,-9.5,0,0,0
1,14,23,20,-9.5,0,0,0
1,14,23,30,-9.5,0,0,0
1,14,23,40,-9.4,0,0,0
1,14,23,50,-9.4,0,0,0
1,15,0,0,-9.4,0,0,0
1,15,0,10,-9.5,0,0,0
1,15,0,20,-9.6,0,0,0
1,15,0,30,-9.8,0,0,0
1,15,0,40,-9.9,0,0,0
1,15,0,50,-10,0,0,0
1,15,1,0,-10.1,0,0,0
1,15,1,10,-10.3,0,0,0
1,15,1,20,-10.5,0,0,0
1,15,1,30,-10.7,0,0,0
1,15,1,40,-10.9,0,0,0
1,15,1,50,-11,0,0,0
1,15,2,0,-11.2,0,0,0
1,15,2,10,-11.5,0,0,0
1,15,2,20,-11.9,0,0,0
1,15,2,30,-12.2,0,0,0
1,15,2,40,-12.5,0,0,0
1,15,2,50,-12.8,0,0,0
1,15,3,0,-13.2,0,0,0
1,15,3,10,-13.5,0,0,0
1,15,3,20,-13.9,0,0,0
1,15,3,30,-14.3,0,0,0
1,15,3,40,-14.7,0,0,0
1,15,3,50,-15,0,0,0
1,15,4,0,-15.4,0,0,0
1,15,4,10,-15.7,0,0,0
1,15,4,20,-16,0,0,0
1,15,4,30,-16.3,0,0,0
1,15,4,40,-16.6,0,0,0
1,15,4,50,-16.9,0,0,0
1,15,5,0,-17.2,0,0,0
1,15,5,10,-17.5,0,0,0
1,15,5,20,-17.7,0,0,0
1,15,5,30,-18,0,0,0
1,15,5,40,-18.2,0,0,0
1,15,5,50,-18.4,0,0,0
1,15,6,0,-18.7,0,0,0
1,15,6,10,-18.8,0,0,0
1,15,6,20,-18.9,0,0,0
1,15,6,30,-19,0,0,0
1,15,6,40,-19.1,0,0,0
1,15,6,50,-19.2,0,0,0
1,15,7,0,-19.3,0,0,0
1,15,7,10,-19.2,0,0,0
1,15,7,20,-19.1,0,0,0
1,15,7,30,-19,0,3,3
1,15,7,40,-18.9,0,16,16
1,15,7,50,-18.8,0,7,7
1,15,8,0,-18.7,0,20,20
1,15,8,10,-18.5,0,6,6
1,15,8,20,-18.4,0,18,18
1,15,8,30,-18.2,0,40,40
1,15,8,40,-18.1,0,10,10
1,15,8,50,-17.9,0,69,69
1,15,9,0,-17.7,0,22,22
1,15,9,10,-17.7,0,59,59
1,15,9,20,-17.6,0,55,55
1,15,9,30,-17.5,1,94,94
1,15,9,40,-17.5,0,74,74
1,15,9,50,-17.4,0,82,82
1,15,10,0,-17.3,1,122,122
1,15,10,10,-17.3,0,84,84
1,15,10,20,-17.4,0,109,109
1,15,10,30,-17.4,1,143,144
1,15,10,40,-17.4,0,120,120
1,15,10,50,-17.4,1,144,144
1,15,11,0,-17.4,0,104,104
1,15,11,10,-17.4,0,117,117
1,15,11,20,-17.4,0,113,113
1,15,11,30,-17.4,1,136,136
1,15,11,40,-17.4,1,157,157
1,15,11,50,-17.3,1,164,164
1,15,12,0,-17.3,0,132,132
1,15,12,10,-17.2,0,137,137
1,15,12,20,-17.1,0,114,114
1,15,12,30,-17,4,223,225
1,15,12,40,-16.9,0,91,91
1,15,12,50,-16.8,1,152,153
1,15,13,0,-16.6,8,238,242
1,15,13,10,-16.5,3,197,198
1,15,13,20,-16.3,13,249,255
1,15,13,30,-16.2,4,200,202
1,15,13,40,-16,2,170,171
1,15,13,50,-15.8,978,65,476
1,15,14,0,-15.7,970,64,457
1,15,14,10,-15.6,961,62,438
1,15,14,20,-15.6,951,61,417
1,15,14,30,-15.5,939,59,394
1,15,14,40,-15.5,939,52,370
1,15,14,50,-15.4,948,51,353
1,15,15,0,-15.4,931,49,327
1,15,15,10,-15.7,912,47,299
1,15,15,20,-16,890,44,271
1,15,15,30,-16.3,865,42,242
1,15,15,40,-16.5,846,36,211
1,15,15,50,-16.8,812,34,181
1,15,16,0,-17.1,772,31,151
1,15,16,10,-17.5,724,28,121
1,15,16,20,-17.9,665,24,92
1,15,16,30,-18.2,592,20,64
1,15,16,40,-18.6,503,15,39
1,15,16,50,-19,382,10,18
1,15,17,0,-19.3,0,0,0
1,15,17,10,-19.6,0,0,0
1,15,17,20,-19.8,0,0,0
1,15,17,30,-20,0,0,0
1,15,17,40,-20.3,0,0,0
1,15,17,50,-20.5,0,0,0
1,15,18,0,-20.7,0,0,0
1,15,18,10,-20.9,0,0,0
1,15,18,20,-21,0,0,0
1,15,18,30,-21.2,0,0,0
1,15,18,40,-21.3,0,0,0
1,15,18,50,-21.5,0,0,0
1,15,19,0,-21.6,0,0,0
1,15,19,10,-21.6,0,0,0
1,15,19,20,-21.6,0,0,0
1,15,19,30,-21.6,0,0,0
1,15,19,40,-21.6,0,0,0
1,15,19,50,-21.6,0,0,0
1,15,20,0,-21.5,0,0,0
1,15,20,10,-21.5,0,0,0
1,15,20,20,-21.4,0,0,0
1,15,20,30,-21.4,0,0,0
1,15,20,40,-21.3,0,0,0
1,15,20,50,-21.3,0,0,0
1,15,21,0,-21.2,0,0,0
1,15,21,10,-21.2,0,0,0
1,15,21,20,-21.2,0,0,0
1,15,21,30,-21.2,0,0,0
1,15,21,40,-21.2,0,0,0
1,15,21,50,-21.2,0,0,0
1,15,22,0,-21.2,0,0,0
1,15,22,10,-21.2,0,0,0
1,15,22,20,-21.2,0,0,0
1,15,22,30,-21.2,0,0,0
1,15,22,40,-21.2,0,0,0
1,15,22,50,-21.3,0,0,0
1,15,23,0,-21.3,0,0,0
1,15,23,10,-21.3,0,0,0
1,15,23,20,-21.3,0,0,0
1,15,23,30,-21.3,0,0,0
1,15,23,40,-21.3,0,0,0
1,15,23,50,-21.3,0,0,0
1,16,0,0,-21.3,0,0,0
1,16,0,10,-21.3,0,0,0
1,16,0,20,-21.2,0,0,0
1,16,0,30,-21.2,0,0,0
1,16,0,40,-21.2,0,0,0
1,16,0,50,-21.2,0,0,0
1,16,1,0,-21.1,0,0,0
1,16,1,10,-21,0,0,0
1,16,1,20,-21,0,0,0
1,16,1,30,-20.9,0,0,0
1,16,1,40,-20.8,0,0,0
1,16,1,50,-20.7,0,0,0
1,16,2,0,-20.7,0,0,0
1,16,2,10,-20.6,0,0,0
1,16,2,20,-20.5,0,0,0
1,16,2,30,-20.4,0,0,0
1,16,2,40,-20.2,0,0,0
1,16,2,50,-20.1,0,0,0
1,16,3,0,-20,0,0,0
1,16,3,10,-20,0,0,0
1,16,3,20,-19.9,0,0,0
1,16,3,30,-19.8,0,0,0
1,16,3,40,-19.7,0,0,0
1,16,3,50,-19.6,0,0,0
1,16,4,0,-19.5,0,0,0
1,16,4,10,-19.5,0,0,0
1,16,4,20,-19.4,0,0,0
1,16,4,30,-19.3,0,0,0
1,16,4,40,-19.3,0,0,0
1,16,4,50,-19.2,0,0,0
1,16,5,0,-19.1,0,0,0
1,16,5,10,-19,0,0,0
1,16,5,20,-18.9,0,0,0
1,16,5,30,-18.8,0,0,0
1,16,5,40,-18.7,0,0,0
1,16,5,50,-18.5,0,0,0
1,16,6,0,-18.4,0,0,0
1,16,6,10,-18.2,0,0,0
1,16,6,20,-17.9,0,0,0
1,16,6,30,-17.6,0,0,0
1,16,6,40,-17.4,0,0,0
1,16,6,50,-17.1,0,0,0
1,16,7,0,-16.9,0,0,0
1,16,7,10,-16.1,0,0,0
1,16,7,20,-15.3,0,0,0
1,16,7,30,-14.5,0,6,6
1,16,7,40,-13.8,0,16,16
1,16,7,50,-13,0,23,23
1,16,8,0,-12.2,0,25,25
1,16,8,10,-11.4,17,78,81
1,16,8,20,-10.5,34,101,107
1,16,8,30,-9.7,18,108,111
1,16,8,40,-8.8,10,102,104
1,16,8,50,-8,7,106,108
1,16,9,0,-7.1,39,165,175
1,16,9,10,-6.6,20,150,156
1,16,9,20,-6,28,166,175
1,16,9,30,-5.5,30,181,191
1,16,9,40,-5,960,46,375
1,16,9,50,-4.4,972,48,399
1,16,10,0,-3.9,20,214,222
1,16,10,10,-3.5,13,189,194
1,16,10,20,-3.1,52,251,272
1,16,10,30,-2.8,992,52,472
1,16,10,40,-2.4,51,270,292
1,16,10,50,-2,19,229,238
1,16,11,0,-1.6,30,268,281
1,16,11,10,-1.4,69,300,332
1,16,11,20,-1.2,51,292,316
1,16,11,30,-1,174,314,398
1,16,11,40,-0.8,257,304,428
1,16,11,50,-0.6,1024,56,556
1,16,12,0,-0.4,1025,57,558
1,16,12,10,-0.3,1025,57,559
1,16,12,20,-0.2,1013,56,552
1,16,12,30,0,1012,56,550
1,16,12,40,0.1,1010,56,545
1,16,12,50,0.2,1009,56,539
1,16,13,0,0.30000000000000004,1006,55,531
1,16,13,10,0.4,1003,55,522
1,16,13,20,0.4,999,54,511
1,16,13,30,0.4,994,54,498
1,16,13,40,0.5,988,53,483
1,16,13,50,0.5,982,52,467
1,16,14,0,0.6000000000000001,974,51,449
1,16,14,10,0.4,966,50,431
1,16,14,20,0.2,956,49,410
1,16,14,30,0.1,946,48,388
1,16,14,40,-0.1,933,46,365
1,16,14,50,-0.3,578,122,309
1,16,15,0,-0.4,684,95,301
1,16,15,10,-0.9,606,102,271
1,16,15,20,-1.5,578,96,245
1,16,15,30,-2,633,84,232
1,16,15,40,-2.5,430,91,181
1,16,15,50,-3,345,88,152
1,16,16,0,-3.6,289,81,127
1,16,16,10,-3.9,173,76,98
1,16,16,20,-4.2,3,49,50
1,16,16,30,-4.5,3,38,39
1,16,16,40,-4.9,468,16,39
1,16,16,50,-5.2,354,11,19
1,16,17,0,-5.5,0,0,0
1,16,17,10,-5.6,0,0,0
1,16,17,20,-5.7,0,0,0
1,16,17,30,-5.9,0,0,0
1,16,17,40,-6,0,0,0
1,16,17,50,-6.1,0,0,0
1,16,18,0,-6.2,0,0,0
1,16,18,10,-6.2,0,0,0
1,16,18,20,-6.3,0,0,0
1,16,18,30,-6.3,0,0,0
1,16,18,40,-6.3,0,0,0
1,16,18,50,-6.3,0,0,0
1,16,19,0,-6.4,0,0,0
1,16,19,10,-6.3,0,0,0
1,16,19,20,-6.3,0,0,0
1,16,19,30,-6.3,0,0,0
1,16,19,40,-6.2,0,0,0
1,16,19,50,-6.2,0,0,0
1,16,20,0,-6.1,0,0,0
1,16,20,10,-6.1,0,0,0
1,16,20,20,-6,0,0,0
1,16,20,30,-6,0,0,0
1,16,20,40,-5.9,0,0,0
1,16,20,50,-5.9,0,0,0
1,16,21,0,-5.8,0,0,0
1,16,21,10,-5.8,0,0,0
1,16,21,20,-5.8,0,0,0
1,16,21,30,-5.8,0,0,0
1,16,21,40,-5.7,0,0,0
1,16,21,50,-5.7,0,0,0
1,16,22,0,-5.7,0,0,0
1,16,22,10,-5.7,0,0,0
1,16,22,20,-5.6,0,0,0
1,16,22,30,-5.6,0,0,0
1,16,22,40,-5.6,0,0,0
1,16,22,50,-5.5,0,0,0
1,16,23,0,-5.5,0,0,0
1,16,23,10,-5.4,0,0,0
1,16,23,20,-5.3,0,0,0
1,16,23,30,-5.2,0,0,0
1,16,23,40,-5.1,0,0,0
1,16,23,50,-5,0,0,0
1,17,0,0,-4.9,0,0,0
1,17,0,10,-4.9,0,0,0
1,17,0,20,-4.9,0,0,0
1,17,0,30,-4.9,0,0,0
1,17,0,40,-4.9,0,0,0
1,17,0,50,-4.9,0,0,0
1,17,1,0,-4.8,0,0,0
1,17,1,10,-4.9,0,0,0
1,17,1,20,-4.9,0,0,0
1,17,1,30,-4.9,0,0,0
1,17,1,40,-5,0,0,0
1,17,1,50,-5,0,0,0
1,17,2,0,-5.1,0,0,0
1,17,2,10,-5.1,0,0,0
1,17,2,20,-5.1,0,0,0
1,17,2,30,-5.1,0,0,0
1,17,2,40,-5,0,0,0
1,17,2,50,-5,0,0,0
1,17,3,0,-5,0,0,0
1,17,3,10,-5,0,0,0
1,17,3,20,-5,0,0,0
1,17,3,30,-5,0,0,0
1,17,3,40,-5,0,0,0
1,17,3,50,-5,0,0,0
1,17,4,0,-4.9,0,0,0
1,17,4,10,-4.9,0,0,0
1,17,4,20,-4.9,0,0,0
1,17,4,30,-4.8,0,0,0
1,17,4,40,-4.8,0,0,0
1,17,4,50,-4.8,0,0,0
1,17,5,0,-4.7,0,0,0
1,17,5,10,-4.7,0,0,0
1,17,5,20,-4.7,0,0,0
1,17,5,30,-4.6,0,0,0
1,17,5,40,-4.6,0,0,0
1,17,5,50,-4.6,0,0,0
1,17,6,0,-4.6,0,0,0
1,17,6,10,-4.4,0,0,0
1,17,6,20,-4.2,0,0,0
1,17,6,30,-4,0,0,0
1,17,6,40,-3.8,0,0,0
1,17,6,50,-3.7,0,0,0
1,17,7,0,-3.5,0,0,0
1,17,7,10,-2.9,0,0,0
1,17,7,20,-2.4,0,0,0
1,17,7,30,-1.9,1,10,11
1,17,7,40,-1.3,427,16,39
1,17,7,50,-0.8,8,42,43
1,17,8,0,-0.3,16,61,62
1,17,8,10,0,65,81,89
1,17,8,20,0.4,10,77,79
1,17,8,30,0.7000000000000001,4,71,71
1,17,8,40,1,11,96,98
1,17,8,50,1.3,4,85,86
1,17,9,0,1.6,4,99,100
1,17,9,10,1.8,119,173,207
1,17,9,20,1.9000000000000001,0,45,45
1,17,9,30,2,1,98,99
1,17,9,40,2.2,3,121,122
1,17,9,50,2.3000000000000003,14,179,184
1,17,10,0,2.4000000000000004,90,238,273
1,17,10,10,2.5,164,249,314
1,17,10,20,2.6,170,261,331
1,17,10,30,2.7,17,213,220
1,17,10,40,2.8000000000000003,8,195,199
1,17,10,50,2.9000000000000004,36,261,277
1,17,11,0,3,222,285,387
1,17,11,10,3.1,56,282,308
1,17,11,20,3.3000000000000003,55,288,314
1,17,11,30,3.4000000000000004,1,118,118
1,17,11,40,3.5,7,214,217
1,17,11,50,3.7,138,301,369
1,17,12,0,3.8000000000000003,245,296,416
1,17,12,10,3.9000000000000004,969,61,539
1,17,12,20,4,57,304,332
1,17,12,30,4,13,242,248
1,17,12,40,4.1000000000000005,491,216,456
1,17,12,50,4.2,453,233,451
1,17,13,0,4.3,242,280,396
1,17,13,10,4.2,962,59,510
1,17,13,20,4.1000000000000005,958,59,499
1,17,13,30,4,953,58,487
1,17,13,40,3.9000000000000004,947,57,473
1,17,13,50,3.9000000000000004,940,56,457
1,17,14,0,3.8000000000000003,933,55,440
1,17,14,10,3.7,924,54,421
1,17,14,20,3.5,914,53,401
1,17,14,30,3.4000000000000004,903,51,380
1,17,14,40,3.3000000000000003,895,50,359
1,17,14,50,3.1,881,48,335
1,17,15,0,3,864,47,310
1,17,15,10,2.8000000000000003,845,45,284
1,17,15,20,2.5,823,42,257
1,17,15,30,2.3000000000000003,798,40,230
1,17,15,40,2.1,772,37,202
1,17,15,50,1.8,745,35,175
1,17,16,0,1.6,704,32,146
1,17,16,10,1.3,656,29,117
1,17,16,20,1,598,25,90
1,17,16,30,0.7000000000000001,526,21,63
1,17,16,40,0.4,12,30,30
1,17,16,50,0.1,328,11,20
1,17,17,0,-0.2,0,0,0
1,17,17,10,-0.4,0,0,0
1,17,17,20,-0.6,0,0,0
1,17,17,30,-0.8,0,0,0
1,17,17,40,-1,0,0,0
1,17,17,50,-1.2,0,0,0
1,17,18,0,-1.4,0,0,0
1,17,18,10,-1.4,0,0,0
1,17,18,20,-1.5,0,0,0
1,17,18,30,-1.5,0,0,0
1,17,18,40,-1.6,0,0,0
1,17,18,50,-1.6,0,0,0
1,17,19,0,-1.7,0,0,0
1,17,19,10,-1.8,0,0,0
1,17,19,20,-1.9,0,0,0
1,17,19,30,-2,0,0,0
1,17,19,40,-2.1,0,0,0
1,17,19,50,-2.3,0,0,0
1,17,20,0,-2.4,0,0,0
1,17,20,10,-2.5,0,0,0
1,17,20,20,-2.5,0,0,0
1,17,20,30,-2.6,0,0,0
1,17,20,40,-2.7,0,0,0
1,17,20,50,-2.8,0,0,0
1,17,21,0,-2.9,0,0,0
1,17,21,10,-2.9,0,0,0
1,17,21,20,-2.9,0,0,0
1,17,21,30,-2.9,0,0,0
1,17,21,40,-2.9,0,0,0
1,17,21,50,-2.9,0,0,0
1,17,22,0,-2.9,0,0,0
1,17,22,10,-2.9,0,0,0
1,17,22,20,-2.8,0,0,0
1,17,22,30,-2.7,0,0,0
1,17,22,40,-2.7,0,0,0
1,17,22,50,-2.6,0,0,0
1,17,23,0,-2.5,0,0,0
1,17,23,10,-2.4,0,0,0
1,17,23,20,-2.3,0,0,0
1,17,23,30,-2.1,0,0,0
1,17,23,40,-2,0,0,0
1,17,23,50,-1.9,0,0,0
1,18,0,0,-1.7,0,0,0
1,18,0,10,-1.6,0,0,0
1,18,0,20,-1.5,0,0,0
1,18,0,30,-1.4,0,0,0
1,18,0,40,-1.2,0,0,0
1,18,0,50,-1.1,0,0,0
1,18,1,0,-1,0,0,0
1,18,1,10,-0.8,0,0,0
1,18,1,20,-0.7,0,0,0
1,18,1,30,-0.5,0,0,0
1,18,1,40,-0.3,0,0,0
1,18,1,50,-0.2,0,0,0
1,18,2,0,0,0,0,0
1,18,2,10,0.1,0,0,0
1,18,2,20,0.2,0,0,0
1,18,2,30,0.2,0,0,0
1,18,2,40,0.30000000000000004,0,0,0
1,18,2,50,0.4,0,0,0
1,18,3,0,0.5,0,0,0
1,18,3,10,0.4,0,0,0
1,18,3,20,0.30000000000000004,0,0,0
1,18,3,30,0.2,0,0,0
1,18,3,40,0.1,0,0,0
1,18,3,50,0,0,0,0
1,18,4,0,-0.1,0,0,0
1,18,4,10,-0.3,0,0,0
1,18,4,20,-0.4,0,0,0
1,18,4,30,-0.6,0,0,0
1,18,4,40,-0.8,0,0,0
1,18,4,50,-0.9,0,0,0
1,18,5,0,-1.1,0,0,0
1,18,5,10,-1.1,0,0,0
1,18,5,20,-1.1,0,0,0
1,18,5,30,-1.2,0,0,0
1,18,5,40,-1.2,0,0,0
1,18,5,50,-1.2,0,0,0
1,18,6,0,-1.2,0,0,0
1,18,6,10,-1.1,0,0,0
1,18,6,20,-1,0,0,0
1,18,6,30,-0.9,0,0,0
1,18,6,40,-0.8,0,0,0
1,18,6,50,-0.7,0,0,0
1,18,7,0,-0.6,0,0,0
1,18,7,10,-0.2,0,0,0
1,18,7,20,0.2,0,0,0
1,18,7,30,0.6000000000000001,359,11,20
1,18,7,40,1,468,16,41
1,18,7,50,1.4000000000000001,556,20,65
1,18,8,0,1.7000000000000002,626,24,92
1,18,8,10,2,683,27,120
1,18,8,20,2.3000000000000003,729,30,148
1,18,8,30,2.6,768,32,177
1,18,8,40,2.9000000000000004,802,34,206
1,18,8,50,3.2,830,37,235
1,18,9,0,3.5,854,39,263
1,18,9,10,3.7,875,40,290
1,18,9,20,3.9000000000000004,894,42,316
1,18,9,30,4.1000000000000005,910,43,341
1,18,9,40,4.3,82,244,272
1,18,9,50,4.5,936,46,388
1,18,10,0,4.6000000000000005,103,273,312
1,18,10,10,4.7,957,48,430
1,18,10,20,4.800000000000001,965,49,449
1,18,10,30,4.9,973,50,467
1,18,10,40,5,979,51,483
1,18,10,50,5.1000000000000005,985,52,497
1,18,11,0,5.2,990,52,510
1,18,11,10,5.2,994,53,521
1,18,11,20,5.1000000000000005,997,53,531
1,18,11,30,5.1000000000000005,1000,54,539
1,18,11,40,5,998,58,547
1,18,11,50,5,991,58,547
1,18,12,0,4.9,992,58,550
1,18,12,10,4.7,992,58,551
1,18,12,20,4.6000000000000005,992,58,550
1,18,12,30,4.4,991,58,548
1,18,12,40,4.2,987,61,544
1,18,12,50,4,985,60,538
1,18,13,0,3.8000000000000003,0,205,206
1,18,13,10,3.6,1,217,218
1,18,13,20,3.3000000000000003,0,151,151
1,18,13,30,3,0,169,169
1,18,13,40,2.8000000000000003,0,191,191
1,18,13,50,2.5,0,111,111
1,18,14,0,2.3000000000000003,0,125,125
1,18,14,10,1.9000000000000001,0,132,132
1,18,14,20,1.6,0,102,102
1,18,14,30,1.3,0,36,36
1,18,14,40,1,0,62,62
1,18,14,50,0.7000000000000001,0,79,79
1,18,15,0,0.4,0,38,38
1,18,15,10,-0.1,0,88,88
1,18,15,20,-0.6,0,94,94
1,18,15,30,-1.2,816,43,239
1,18,15,40,-1.7,785,41,211
1,18,15,50,-2.2,751,38,182
1,18,16,0,-2.8,711,35,153
1,18,16,10,-3.2,663,32,124
1,18,16,20,-3.6,605,28,95
1,18,16,30,-4,534,23,68
1,18,16,40,-4.4,433,19,43
1,18,16,50,-4.8,320,13,22
1,18,17,0,-5.3,0,0,0
1,18,17,10,-5.4,0,0,0
1,18,17,20,-5.5,0,0,0
1,18,17,30,-5.6,0,0,0
1,18,17,40,-5.8,0,0,0
1,18,17,50,-5.9,0,0,0
1,18,18,0,-6,0,0,0
1,18,18,10,-6.1,0,0,0
1,18,18,20,-6.2,0,0,0
1,18,18,30,-6.3,0,0,0
1,18,18,40,-6.4,0,0,0
1,18,18,50,-6.4,0,0,0
1,18,19,0,-6.5,0,0,0
1,18,19,10,-6.6,0,0,0
1,18,19,20,-6.7,0,0,0
1,18,19,30,-6.8,0,0,0
1,18,19,40,-6.9,0,0,0
1,18,19,50,-7,0,0,0
1,18,20,0,-7.1,0,0,0
1,18,20,10,-7.2,0,0,0
1,18,20,20,-7.3,0,0,0
1,18,20,30,-7.4,0,0,0
1,18,20,40,-7.5,0,0,0
1,18,20,50,-7.6,0,0,0
1,18,21,0,-7.7,0,0,0
1,18,21,10,-7.9,0,0,0
1,18,21,20,-8,0,0,0
1,18,21,30,-8.2,0,0,0
1,18,21,40,-8.3,0,0,0
1,18,21,50,-8.5,0,0,0
1,18,22,0,-8.7,0,0,0
1,18,22,10,-8.8,0,0,0
1,18,22,20,-8.9,0,0,0
1,18,22,30,-9.1,0,0,0
1,18,22,40,-9.2,0,0,0
1,18,22,50,-9.3,0,0,0
1,18,23,0,-9.4,0,0,0
1,18,23,10,-9.5,0,0,0
1,18,23,20,-9.6,0,0,0
1,18,23,30,-9.6,0,0,0
1,18,23,40,-9.7,0,0,0
1,18,23,50,-9.8,0,0,0
1,19,0,0,-9.9,0,0,0
1,19,0,10,-9.9,0,0,0
1,19,0,20,-9.9,0,0,0
1,19,0,30,-9.9,0,0,0
1,19,0,40,-9.9,0,0,0
1,19,0,50,-10,0,0,0
1,19,1,0,-10,0,0,0
1,19,1,10,-10,0,0,0
1,19,1,20,-10,0,0,0
1,19,1,30,-10,0,0,0
1,19,1,40,-10,0,0,0
1,19,1,50,-10,0,0,0
1,19,2,0,-10,0,0,0
1,19,2,10,-9.9,0,0,0
1,19,2,20,-9.9,0,0,0
1,19,2,30,-9.9,0,0,0
1,19,2,40,-9.9,0,0,0
1,19,2,50,-9.9,0,0,0
1,19,3,0,-9.8,0,0,0
1,19,3,10,-9.8,0,0,0
1,19,3,20,-9.7,0,0,0
1,19,3,30,-9.7,0,0,0
1,19,3,40,-9.7,0,0,0
1,19,3,50,-9.6,0,0,0
1,19,4,0,-9.6,0,0,0
1,19,4,10,-9.5,0,0,0
1,19,4,20,-9.5,0,0,0
1,19,4,30,-9.4,0,0,0
1,19,4,40,-9.4,0,0,0
1,19,4,50,-9.3,0,0,0
1,19,5,0,-9.2,0,0,0
1,19,5,10,-9.2,0,0,0
1,19,5,20,-9.2,0,0,0
1,19,5,30,-9.1,0,0,0
1,19,5,40,-9.1,0,0,0
1,19,5,50,-9,0,0,0
1,19,6,0,-9,0,0,0
1,19,6,10,-8.9,0,0,0
1,19,6,20,-8.8,0,0,0
1,19,6,30,-8.7,0,0,0
1,19,6,40,-8.6,0,0,0
1,19,6,50,-8.6,0,0,0
1,19,7,0,-8.5,0,0,0
1,19,7,10,-8,0,0,0
1,19,7,20,-7.6,0,0,0
1,19,7,30,-7.1,282,13,21
1,19,7,40,-6.7,406,19,41
1,19,7,50,-6.3,3,41,41
1,19,8,0,-5.8,563,29,91
1,19,8,10,-5.4,623,33,119
1,19,8,20,-4.9,672,37,148
1,19,8,30,-4.4,713,40,177
1,19,8,40,-4,753,43,205
1,19,8,50,-3.5,33,141,149
1,19,9,0,-3,38,154,164
1,19,9,10,-2.6,352,142,243
1,19,9,20,-2.2,368,151,264
1,19,9,30,-1.8,867,55,340
1,19,9,40,-1.4,882,56,364
1,19,9,50,-1,895,58,388
1,19,10,0,-0.6,907,60,409
1,19,10,10,-0.3,912,61,427
1,19,10,20,0,921,63,447
1,19,10,30,0.30000000000000004,929,64,464
1,19,10,40,0.6000000000000001,204,304,395
1,19,10,50,0.9,185,320,404
1,19,11,0,1.2000000000000002,209,322,419
1,19,11,10,1.4000000000000001,948,69,519
1,19,11,20,1.5,265,295,423
1,19,11,30,1.7000000000000002,955,70,536
1,19,11,40,1.8,336,285,451
1,19,11,50,2,958,71,547
1,19,12,0,2.1,366,277,460
1,19,12,10,2.2,397,268,466
1,19,12,20,2.3000000000000003,954,71,548
1,19,12,30,2.3000000000000003,953,72,545
1,19,12,40,2.4000000000000004,951,72,541
1,19,12,50,2.5,948,72,535
1,19,13,0,2.5,945,71,528
1,19,13,10,2.5,942,70,518
1,19,13,20,2.5,937,70,507
1,19,13,30,2.5,932,69,495
1,19,13,40,2.5,691,146,454
1,19,13,50,2.5,621,154,423
1,19,14,0,2.5,623,151,412
1,19,14,10,2.4000000000000004,605,143,388
1,19,14,20,2.3000000000000003,618,132,372
1,19,14,30,2.2,486,160,340
1,19,14,40,2.1,460,156,318
1,19,14,50,2,411,156,293
1,19,15,0,1.9000000000000001,129,194,234
1,19,15,10,1.6,107,180,211
1,19,15,20,1.3,109,166,196
1,19,15,30,1,25,138,144
1,19,15,40,0.8,58,137,150
1,19,15,50,0.5,89,122,139
1,19,16,0,0.2,40,102,109
1,19,16,10,-0.1,1,43,43
1,19,16,20,-0.4,0,34,34
1,19,16,30,-0.7,0,28,28
1,19,16,40,-0.9,0,24,24
1,19,16,50,-1.2,1,15,15
1,19,17,0,-1.5,0,0,0
1,19,17,10,-1.7,0,0,0
1,19,17,20,-2,0,0,0
1,19,17,30,-2.2,0,0,0
1,19,17,40,-2.4,0,0,0
1,19,17,50,-2.7,0,0,0
1,19,18,0,-2.9,0,0,0
1,19,18,10,-3.1,0,0,0
1,19,18,20,-3.2,0,0,0
1,19,18,30,-3.4,0,0,0
1,19,18,40,-3.6,0,0,0
1,19,18,50,-3.7,0,0,0
1,19,19,0,-3.9,0,0,0
1,19,19,10,-4,0,0,0
1,19,19,20,-4.1,0,0,0
1,19,19,30,-4.1,0,0,0
1,19,19,40,-4.2,0,0,0
1,19,19,50,-4.3,0,0,0
1,19,20,0,-4.4,0,0,0
1,19,20,10,-4.4,0,0,0
1,19,20,20,-4.4,0,0,0
1,19,20,30,-4.4,0,0,0
1,19,20,40,-4.4,0,0,0
1,19,20,50,-4.4,0,0,0
1,19,21,0,-4.4,0,0,0
1,19,21,10,-4.3,0,0,0
1,19,21,20,-4.3,0,0,0
1,19,21,30,-4.2,0,0,0
1,19,21,40,-4.2,0,0,0
1,19,21,50,-4.1,0,0,0
1,19,22,0,-4,0,0,0
1,19,22,10,-4,0,0,0
1,19,22,20,-4,0,0,0
1,19,22,30,-3.9,0,0,0
1,19,22,40,-3.9,0,0,0
1,19,22,50,-3.8,0,0,0
1,19,23,0,-3.8,0,0,0
1,19,23,10,-3.8,0,0,0
1,19,23,20,-3.8,0,0,0
1,19,23,30,-3.7,0,0,0
1,19,23,40,-3.7,0,0,0
1,19,23,50,-3.7,0,0,0
1,20,0,0,-3.7,0,0,0
1,20,0,10,-3.7,0,0,0
1,20,0,20,-3.7,0,0,0
1,20,0,30,-3.8,0,0,0
1,20,0,40,-3.8,0,0,0
1,20,0,50,-3.8,0,0,0
1,20,1,0,-3.9,0,0,0
1,20,1,10,-3.9,0,0,0
1,20,1,20,-3.9,0,0,0
1,20,1,30,-4,0,0,0
1,20,1,40,-4,0,0,0
1,20,1,50,-4.1,0,0,0
1,20,2,0,-4.1,0,0,0
1,20,2,10,-4.1,0,0,0
1,20,2,20,-4.1,0,0,0
1,20,2,30,-4.1,0,0,0
1,20,2,40,-4.1,0,0,0
1,20,2,50,-4.1,0,0,0
1,20,3,0,-4.2,0,0,0
1,20,3,10,-4.1,0,0,0
1,20,3,20,-4.1,0,0,0
1,20,3,30,-4.1,0,0,0
1,20,3,40,-4.1,0,0,0
1,20,3,50,-4.1,0,0,0
1,20,4,0,-4,0,0,0
1,20,4,10,-4,0,0,0
1,20,4,20,-4,0,0,0
1,20,4,30,-3.9,0,0,0
1,20,4,40,-3.9,0,0,0
1,20,4,50,-3.9,0,0,0
1,20,5,0,-3.8,0,0,0
1,20,5,10,-3.8,0,0,0
1,20,5,20,-3.8,0,0,0
1,20,5,30,-3.7,0,0,0
1,20,5,40,-3.7,0,0,0
1,20,5,50,-3.7,0,0,0
1,20,6,0,-3.7,0,0,0
1,20,6,10,-3.5,0,0,0
1,20,6,20,-3.4,0,0,0
1,20,6,30,-3.3,0,0,0
1,20,6,40,-3.1,0,0,0
1,20,6,50,-3,0,0,0
1,20,7,0,-2.9,0,0,0
1,20,7,10,-2.4,0,0,0
1,20,7,20,-1.9,0,0,0
1,20,7,30,-1.3,0,4,4
1,20,7,40,-0.8,0,7,7
1,20,7,50,-0.3,0,4,4
1,20,8,0,0.2,0,5,5
1,20,8,10,0.6000000000000001,4,46,46
1,20,8,20,1,2,38,38
1,20,8,30,1.4000000000000001,1,40,40
1,20,8,40,1.8,3,59,60
1,20,8,50,2.2,1,47,47
1,20,9,0,2.5,1,49,50
1,20,9,10,2.8000000000000003,1,60,60
1,20,9,20,3.1,2,71,72
1,20,9,30,3.4000000000000004,0,40,40
1,20,9,40,3.7,0,55,55
1,20,9,50,4,3,96,97
1,20,10,0,4.3,9,124,128
1,20,10,10,4.7,3,105,106
1,20,10,20,5,2,101,102
1,20,10,30,5.4,4,116,117
1,20,10,40,5.7,1,90,91
1,20,10,50,6,1,85,85
1,20,11,0,6.4,22,180,191
1,20,11,10,6.6000000000000005,36,214,231
1,20,11,20,6.800000000000001,5,139,141
1,20,11,30,7.1000000000000005,5,146,148
1,20,11,40,7.300000000000001,38,221,239
1,20,11,50,7.5,1,79,80
1,20,12,0,7.7,7,141,145
1,20,12,10,7.800000000000001,102,252,303
1,20,12,20,7.9,165,257,339
1,20,12,30,8,495,180,427
1,20,12,40,8.1,395,245,442
1,20,12,50,8.200000000000001,261,276,404
1,20,13,0,8.3,285,266,404
1,20,13,10,8.200000000000001,116,290,346
1,20,13,20,8.200000000000001,945,54,498
1,20,13,30,8.1,940,53,486
1,20,13,40,8,934,53,472
1,20,13,50,8,927,52,457
1,20,14,0,7.9,920,51,440
1,20,14,10,7.6000000000000005,911,50,422
1,20,14,20,7.2,901,49,402
1,20,14,30,6.9,895,49,383
1,20,14,40,6.6000000000000005,882,47,361
1,20,14,50,6.2,867,46,338
1,20,15,0,5.9,851,45,314
1,20,15,10,5.300000000000001,506,100,248
1,20,15,20,4.800000000000001,400,110,219
1,20,15,30,4.2,331,111,192
1,20,15,40,3.6,247,112,167
1,20,15,50,3.1,166,106,139
1,20,16,0,2.5,29,85,90
1,20,16,10,2.2,0,3,3
1,20,16,20,1.9000000000000001,0,4,4
1,20,16,30,1.5,0,3,3
1,20,16,40,1.2000000000000002,0,17,17
1,20,16,50,0.9,0,4,4
1,20,17,0,0.6000000000000001,0,0,0
1,20,17,10,0.6000000000000001,0,0,0
1,20,17,20,0.6000000000000001,0,0,0
1,20,17,30,0.6000000000000001,0,0,0
1,20,17,40,0.6000000000000001,0,0,0
1,20,17,50,0.6000000000000001,0,0,0
1,20,18,0,0.6000000000000001,0,0,0
1,20,18,10,0.7000000000000001,0,0,0
1,20,18,20,0.8,0,0,0
1,20,18,30,1,0,0,0
1,20,18,40,1.1,0,0,0
1,20,18,50,1.2000000000000002,0,0,0
1,20,19,0,1.3,0,0,0
1,20,19,10,1.4000000000000001,0,0,0
1,20,19,20,1.5,0,0,0
1,20,19,30,1.5,0,0,0
1,20,19,40,1.6,0,0,0
1,20,19,50,1.7000000000000002,0,0,0
1,20,20,0,1.7000000000000002,0,0,0
1,20,20,10,1.7000000000000002,0,0,0
1,20,20,20,1.8,0,0,0
1,20,20,30,1.8,0,0,0
1,20,20,40,1.8,0,0,0
1,20,20,50,1.8,0,0,0
1,20,21,0,1.9000000000000001,0,0,0
1,20,21,10,1.9000000000000001,0,0,0
1,20,21,20,1.9000000000000001,0,0,0
1,20,21,30,1.9000000000000001,0,0,0
1,20,21,40,1.9000000000000001,0,0,0
1,20,21,50,1.9000000000000001,0,0,0
1,20,22,0,1.9000000000000001,0,0,0
1,20,22,10,1.9000000000000001,0,0,0
1,20,22,20,1.9000000000000001,0,0,0
1,20,22,30,1.9000000000000001,0,0,0
1,20,22,40,1.9000000000000001,0,0,0
1,20,22,50,1.9000000000000001,0,0,0
1,20,23,0,1.8,0,0,0
1,20,23,10,1.8,0,0,0
1,20,23,20,1.7000000000000002,0,0,0
1,20,23,30,1.6,0,0,0
1,20,23,40,1.5,0,0,0
1,20,23,50,1.5,0,0,0
1,21,0,0,1.4000000000000001,0,0,0
1,21,0,10,1.2000000000000002,0,0,0
1,21,0,20,1.1,0,0,0
1,21,0,30,1,0,0,0
1,21,0,40,0.8,0,0,0
1,21,0,50,0.7000000000000001,0,0,0
1,21,1,0,0.5,0,0,0
1,21,1,10,0.5,0,0,0
1,21,1,20,0.4,0,0,0
1,21,1,30,0.30000000000000004,0,0,0
1,21,1,40,0.30000000000000004,0,0,0
1,21,1,50,0.2,0,0,0
1,21,2,0,0.1,0,0,0
1,21,2,10,0.1,0,0,0
1,21,2,20,0.1,0,0,0
1,21,2,30,0.1,0,0,0
1,21,2,40,0.1,0,0,0
1,21,2,50,0.1,0,0,0
1,21,3,0,0.1,0,0,0
1,21,3,10,0.1,0,0,0
1,21,3,20,0.2,0,0,0
1,21,3,30,0.2,0,0,0
1,21,3,40,0.2,0,0,0
1,21,3,50,0.2,0,0,0
1,21,4,0,0.30000000000000004,0,0,0
1,21,4,10,0.30000000000000004,0,0,0
1,21,4,20,0.4,0,0,0
1,21,4,30,0.4,0,0,0
1,21,4,40,0.4,0,0,0
1,21,4,50,0.5,0,0,0
1,21,5,0,0.5,0,0,0
1,21,5,10,0.6000000000000001,0,0,0
1,21,5,20,0.6000000000000001,0,0,0
1,21,5,30,0.6000000000000001,0,0,0
1,21,5,40,0.7000000000000001,0,0,0
1,21,5,50,0.7000000000000001,0,0,0
1,21,6,0,0.8,0,0,0
1,21,6,10,0.9,0,0,0
1,21,6,20,1.1,0,0,0
1,21,6,30,1.2000000000000002,0,0,0
1,21,6,40,1.4000000000000001,0,0,0
1,21,6,50,1.5,0,0,0
1,21,7,0,1.6,0,0,0
1,21,7,10,2.1,0,0,0
1,21,7,20,2.5,0,0,0
1,21,7,30,2.9000000000000004,0,10,10
1,21,7,40,3.4000000000000004,1,19,19
1,21,7,50,3.8000000000000003,2,30,30
1,21,8,0,4.2,5,43,44
1,21,8,10,4.6000000000000005,1,32,32
1,21,8,20,5.1000000000000005,0,30,30
1,21,8,30,5.5,1,46,46
1,21,8,40,5.9,2,52,53
1,21,8,50,6.300000000000001,1,50,50
1,21,9,0,6.7,1,54,55
1,21,9,10,7,1,56,57
1,21,9,20,7.300000000000001,1,59,59
1,21,9,30,7.5,18,132,138
1,21,9,40,7.800000000000001,7,111,114
1,21,9,50,8,37,181,194
1,21,10,0,8.3,61,189,213
1,21,10,10,8.5,75,205,236
1,21,10,20,8.6,86,218,254
1,21,10,30,8.8,108,229,276
1,21,10,40,9,109,234,283
1,21,10,50,9.200000000000001,56,216,242
1,21,11,0,9.4,68,231,264
1,21,11,10,9.4,71,237,272
1,21,11,20,9.5,69,244,278
1,21,11,30,9.5,36,233,251
1,21,11,40,9.600000000000001,71,251,286
1,21,11,50,9.700000000000001,54,243,270
1,21,12,0,9.700000000000001,63,251,283
1,21,12,10,9.700000000000001,38,237,257
1,21,12,20,9.700000000000001,77,258,297
1,21,12,30,9.700000000000001,75,256,294
1,21,12,40,9.700000000000001,75,258,296
1,21,12,50,9.700000000000001,68,251,285
1,21,13,0,9.600000000000001,57,241,269
1,21,13,10,9.5,67,243,276
1,21,13,20,9.3,55,231,257
1,21,13,30,9.1,51,220,243
1,21,13,40,8.9,63,228,256
1,21,13,50,8.8,54,218,242
1,21,14,0,8.6,50,212,233
1,21,14,10,8.3,46,202,221
1,21,14,20,8,46,193,211
1,21,14,30,7.800000000000001,39,178,193
1,21,14,40,7.5,27,164,174
1,21,14,50,7.2,56,176,195
1,21,15,0,6.9,59,164,183
1,21,15,10,6.7,29,133,141
1,21,15,20,6.5,32,132,141
1,21,15,30,6.2,25,119,125
1,21,15,40,6,15,97,100
1,21,15,50,5.7,19,96,100
1,21,16,0,5.5,29,92,97
1,21,16,10,5.300000000000001,11,63,64
1,21,16,20,5.2,5,45,45
1,21,16,30,5,2,30,30
1,21,16,40,4.800000000000001,0,19,19
1,21,16,50,4.7,0,10,10
1,21,17,0,4.5,0,0,0
1,21,17,10,4.4,0,0,0
1,21,17,20,4.3,0,0,0
1,21,17,30,4.2,0,0,0
1,21,17,40,4.1000000000000005,0,0,0
1,21,17,50,4,0,0,0
1,21,18,0,3.9000000000000004,0,0,0
1,21,18,10,3.8000000000000003,0,0,0
1,21,18,20,3.7,0,0,0
1,21,18,30,3.7,0,0,0
1,21,18,40,3.6,0,0,0
1,21,18,50,3.5,0,0,0
1,21,19,0,3.5,0,0,0
1,21,19,10,3.4000000000000004,0,0,0
1,21,19,20,3.3000000000000003,0,0,0
1,21,19,30,3.3000000000000003,0,0,0
1,21,19,40,3.2,0,0,0
1,21,19,50,3.1,0,0,0
1,21,20,0,3,0,0,0
1,21,20,10,2.9000000000000004,0,0,0
1,21,20,20,2.7,0,0,0
1,21,20,30,2.6,0,0,0
1,21,20,40,2.4000000000000004,0,0,0
1,21,20,50,2.3000000000000003,0,0,0
1,21,21,0,2.2,0,0,0
1,21,21,10,2,0,0,0
1,21,21,20,1.8,0,0,0
1,21,21,30,1.7000000000000002,0,0,0
1,21,21,40,1.5,0,0,0
1,21,21,50,1.4000000000000001,0,0,0
1,21,22,0,1.2000000000000002,0,0,0
1,21,22,10,1.1,0,0,0
1,21,22,20,0.9,0,0,0
1,21,22,30,0.8,0,0,0
1,21,22,40,0.6000000000000001,0,0,0
1,21,22,50,0.5,0,0,0
1,21,23,0,0.30000000000000004,0,0,0
1,21,23,10,0.30000000000000004,0,0,0
1,21,23,20,0.2,0,0,0
1,21,23,30,0.1,0,0,0
1,21,23,40,0.1,0,0,0
1,21,23,50,0,0,0,0
1,22,0,0,-0.1,0,0,0
1,22,0,10,-0.1,0,0,0
1,22,0,20,-0.1,0,0,0
1,22,0,30,-0.1,0,0,0
1,22,0,40,-0.2,0,0,0
1,22,0,50,-0.2,0,0,0
1,22,1,0,-0.2,0,0,0
1,22,1,10,-0.2,0,0,0
1,22,1,20,-0.2,0,0,0
1,22,1,30,-0.1,0,0,0
1,22,1,40,-0.1,0,0,0
1,22,1,50,-0.1,0,0,0
1,22,2,0,-0.1,0,0,0
1,22,2,10,0,0,0,0
1,22,2,20,0.1,0,0,0
1,22,2,30,0.2,0,0,0
1,22,2,40,0.30000000000000004,0,0,0
1,22,2,50,0.4,0,0,0
1,22,3,0,0.5,0,0,0
1,22,3,10,0.6000000000000001,0,0,0
1,22,3,20,0.6000000000000001,0,0,0
1,22,3,30,0.7000000000000001,0,0,0
1,22,3,40,0.8,0,0,0
1,22,3,50,0.9,0,0,0
1,22,4,0,1,0,0,0
1,22,4,10,1,0,0,0
1,22,4,20,1.1,0,0,0
1,22,4,30,1.2000000000000002,0,0,0
1,22,4,40,1.2000000000000002,0,0,0
1,22,4,50,1.3,0,0,0
1,22,5,0,1.3,0,0,0
1,22,5,10,1.4000000000000001,0,0,0
1,22,5,20,1.4000000000000001,0,0,0
1,22,5,30,1.4000000000000001,0,0,0
1,22,5,40,1.4000000000000001,0,0,0
1,22,5,50,1.4000000000000001,0,0,0
1,22,6,0,1.5,0,0,0
1,22,6,10,1.5,0,0,0
1,22,6,20,1.6,0,0,0
1,22,6,30,1.6,0,0,0
1,22,6,40,1.7000000000000002,0,0,0
1,22,6,50,1.7000000000000002,0,0,0
1,22,7,0,1.8,0,0,0
1,22,7,10,2.2,0,0,0
1,22,7,20,2.6,0,0,0
1,22,7,30,3,0,5,5
1,22,7,40,3.4000000000000004,0,2,2
1,22,7,50,3.8000000000000003,0,7,7
1,22,8,0,4.2,0,4,4
1,22,8,10,4.6000000000000005,1,58,58
1,22,8,20,5,5,84,85
1,22,8,30,5.4,8,101,103
1,22,8,40,5.800000000000001,39,131,140
1,22,8,50,6.2,61,147,162
1,22,9,0,6.5,94,141,166
1,22,9,10,6.800000000000001,54,148,164
1,22,9,20,7.1000000000000005,142,163,207
1,22,9,30,7.4,212,170,241
1,22,9,40,7.7,378,154,289
1,22,9,50,8,843,63,380
1,22,10,0,8.200000000000001,855,65,401
1,22,10,10,8.4,867,66,421
1,22,10,20,8.5,203,247,334
1,22,10,30,8.6,222,253,351
1,22,10,40,8.700000000000001,896,68,474
1,22,10,50,8.9,903,69,488
1,22,11,0,9,253,269,389
1,22,11,10,9,252,275,397
1,22,11,20,9,285,271,411
1,22,11,30,8.9,916,71,527
1,22,11,40,8.9,911,74,532
1,22,11,50,8.9,913,74,536
1,22,12,0,8.9,914,75,539
1,22,12,10,8.8,914,75,540
1,22,12,20,8.700000000000001,914,75,540
1,22,12,30,8.5,913,74,538
1,22,12,40,8.4,908,76,533
1,22,12,50,8.3,905,75,527
1,22,13,0,8.1,902,75,520
1,22,13,10,7.9,898,74,511
1,22,13,20,7.7,894,74,500
1,22,13,30,7.5,888,73,488
1,22,13,40,7.2,883,72,475
1,22,13,50,7,221,255,353
1,22,14,0,6.800000000000001,210,248,338
1,22,14,10,6.4,196,241,322
1,22,14,20,6.1000000000000005,444,161,338
1,22,14,30,5.7,596,130,357
1,22,14,40,5.4,468,143,313
1,22,14,50,5.1000000000000005,410,145,286
1,22,15,0,4.7,551,118,296
1,22,15,10,4.3,421,130,257
1,22,15,20,4,171,147,195
1,22,15,30,3.6,32,122,131
1,22,15,40,3.2,17,103,107
1,22,15,50,2.8000000000000003,24,103,108
1,22,16,0,2.5,29,94,99
1,22,16,10,2.3000000000000003,0,17,17
1,22,16,20,2.2,0,14,14
1,22,16,30,2,0,11,11
1,22,16,40,1.9000000000000001,0,10,10
1,22,16,50,1.8,0,12,12
1,22,17,0,1.6,0,0,0
1,22,17,10,1.6,0,0,0
1,22,17,20,1.6,0,0,0
1,22,17,30,1.6,0,0,0
1,22,17,40,1.6,0,0,0
1,22,17,50,1.6,0,0,0
1,22,18,0,1.6,0,0,0
1,22,18,10,1.6,0,0,0
1,22,18,20,1.6,0,0,0
1,22,18,30,1.6,0,0,0
1,22,18,40,1.6,0,0,0
1,22,18,50,1.6,0,0,0
1,22,19,0,1.6,0,0,0
1,22,19,10,1.5,0,0,0
1,22,19,20,1.5,0,0,0
1,22,19,30,1.4000000000000001,0,0,0
1,22,19,40,1.4000000000000001,0,0,0
1,22,19,50,1.3,0,0,0
1,22,20,0,1.3,0,0,0
1,22,20,10,1.2000000000000002,0,0,0
1,22,20,20,1.1,0,0,0
1,22,20,30,1.1,0,0,0
1,22,20,40,1,0,0,0
1,22,20,50,0.9,0,0,0
1,22,21,0,0.9,0,0,0
1,22,21,10,0.8,0,0,0
1,22,21,20,0.8,0,0,0
1,22,21,30,0.8,0,0,0
1,22,21,40,0.8,0,0,0
1,22,21,50,0.7000000000000001,0,0,0
1,22,22,0,0.7000000000000001,0,0,0
1,22,22,10,0.7000000000000001,0,0,0
1,22,22,20,0.7000000000000001,0,0,0
1,22,22,30,0.8,0,0,0
1,22,22,40,0.8,0,0,0
1,22,22,50,0.8,0,0,0
1,22,23,0,0.8,0,0,0
1,22,23,10,0.8,0,0,0
1,22,23,20,0.9,0,0,0
1,22,23,30,0.9,0,0,0
1,22,23,40,0.9,0,0,0
1,22,23,50,0.9,0,0,0
1,23,0,0,1,0,0,0
1,23,0,10,1,0,0,0
1,23,0,20,1,0,0,0
1,23,0,30,1.1,0,0,0
1,23,0,40,1.1,0,0,0
1,23,0,50,1.2000000000000002,0,0,0
1,23,1,0,1.2000000000000002,0,0,0
1,23,1,10,1.3,0,0,0
1,23,1,20,1.3,0,0,0
1,23,1,30,1.4000000000000001,0,0,0
1,23,1,40,1.4000000000000001,0,0,0
1,23,1,50,1.5,0,0,0
1,23,2,0,1.5,0,0,0
1,23,2,10,1.5,0,0,0
1,23,2,20,1.5,0,0,0
1,23,2,30,1.6,0,0,0
1,23,2,40,1.6,0,0,0
1,23,2,50,1.6,0,0,0
1,23,3,0,1.6,0,0,0
1,23,3,10,1.6,0,0,0
1,23,3,20,1.5,0,0,0
1,23,3,30,1.5,0,0,0
1,23,3,40,1.4000000000000001,0,0,0
1,23,3,50,1.4000000000000001,0,0,0
1,23,4,0,1.4000000000000001,0,0,0
1,23,4,10,1.3,0,0,0
1,23,4,20,1.3,0,0,0
1,23,4,30,1.3,0,0,0
1,23,4,40,1.2000000000000002,0,0,0
1,23,4,50,1.2000000000000002,0,0,0
1,23,5,0,1.1,0,0,0
1,23,5,10,1.1,0,0,0
1,23,5,20,1,0,0,0
1,23,5,30,0.9,0,0,0
1,23,5,40,0.9,0,0,0
1,23,5,50,0.8,0,0,0
1,23,6,0,0.8,0,0,0
1,23,6,10,0.8,0,0,0
1,23,6,20,0.9,0,0,0
1,23,6,30,0.9,0,0,0
1,23,6,40,1,0,0,0
1,23,6,50,1,0,0,0
1,23,7,0,1.1,0,0,0
1,23,7,10,1.6,0,0,0
1,23,7,20,2,0,0,0
1,23,7,30,2.5,271,14,23
1,23,7,40,3,384,20,44
1,23,7,50,3.4000000000000004,472,25,68
1,23,8,0,3.9000000000000004,543,30,94
1,23,8,10,4.3,601,34,122
1,23,8,20,4.7,650,37,150
1,23,8,30,5.2,691,40,178
1,23,8,40,5.6000000000000005,729,43,207
1,23,8,50,6,759,45,235
1,23,9,0,6.4,785,47,262
1,23,9,10,6.7,807,49,289
1,23,9,20,6.9,827,51,315
1,23,9,30,7.2,845,53,340
1,23,9,40,7.5,862,54,364
1,23,9,50,7.800000000000001,875,55,386
1,23,10,0,8,887,56,408
1,23,10,10,8.200000000000001,897,58,428
1,23,10,20,8.3,907,58,447
1,23,10,30,8.5,915,59,464
1,23,10,40,8.6,932,57,481
1,23,10,50,8.8,939,57,496
1,23,11,0,8.9,944,58,508
1,23,11,10,8.9,948,58,520
1,23,11,20,9,952,59,529
1,23,11,30,9.1,955,59,537
1,23,11,40,9.1,960,58,544
1,23,11,50,9.200000000000001,962,58,548
1,23,12,0,9.200000000000001,963,58,551
1,23,12,10,9.200000000000001,963,58,552
1,23,12,20,9.200000000000001,963,58,552
1,23,12,30,9.200000000000001,962,58,550
1,23,12,40,9.200000000000001,959,59,545
1,23,12,50,9.200000000000001,957,58,540
1,23,13,0,9.200000000000001,954,58,532
1,23,13,10,9.1,951,58,523
1,23,13,20,9.1,947,57,513
1,23,13,30,9,942,57,501
1,23,13,40,9,933,57,487
1,23,13,50,8.9,926,57,471
1,23,14,0,8.9,919,56,455
1,23,14,10,8.6,910,55,436
1,23,14,20,8.200000000000001,900,54,417
1,23,14,30,7.9,889,53,396
1,23,14,40,7.6000000000000005,873,53,373
1,23,14,50,7.300000000000001,859,51,350
1,23,15,0,6.9,842,50,325
1,23,15,10,6.4,824,48,300
1,23,15,20,5.800000000000001,86,166,190
1,23,15,30,5.2,778,44,246
1,23,15,40,4.6000000000000005,746,43,218
1,23,15,50,4,714,40,190
1,23,16,0,3.4000000000000004,675,37,161
1,23,16,10,3.2,630,34,133
1,23,16,20,3,576,31,105
1,23,16,30,2.8000000000000003,511,26,78
1,23,16,40,2.5,421,22,53
1,23,16,50,2.3000000000000003,322,16,31
1,23,17,0,2.1,0,0,0
1,23,17,10,2,0,0,0
1,23,17,20,2,0,0,0
1,23,17,30,1.9000000000000001,0,0,0
1,23,17,40,1.9000000000000001,0,0,0
1,23,17,50,1.8,0,0,0
1,23,18,0,1.7000000000000002,0,0,0
1,23,18,10,1.7000000000000002,0,0,0
1,23,18,20,1.6,0,0,0
1,23,18,30,1.6,0,0,0
1,23,18,40,1.5,0,0,0
1,23,18,50,1.4000000000000001,0,0,0
1,23,19,0,1.4000000000000001,0,0,0
1,23,19,10,1.4000000000000001,0,0,0
1,23,19,20,1.3,0,0,0
1,23,19,30,1.3,0,0,0
1,23,19,40,1.3,0,0,0
1,23,19,50,1.2000000000000002,0,0,0
1,23,20,0,1.2000000000000002,0,0,0
1,23,20,10,1.2000000000000002,0,0,0
1,23,20,20,1.2000000000000002,0,0,0
1,23,20,30,1.2000000000000002,0,0,0
1,23,20,40,1.2000000000000002,0,0,0
1,23,20,50,1.2000000000000002,0,0,0
1,23,21,0,1.2000000000000002,0,0,0
1,23,21,10,1.2000000000000002,0,0,0
1,23,21,20,1.2000000000000002,0,0,0
1,23,21,30,1.2000000000000002,0,0,0
1,23,21,40,1.2000000000000002,0,0,0
1,23,21,50,1.2000000000000002,0,0,0
1,23,22,0,1.2000000000000002,0,0,0
1,23,22,10,1.2000000000000002,0,0,0
1,23,22,20,1.2000000000000002,0,0,0
1,23,22,30,1.1,0,0,0
1,23,22,40,1.1,0,0,0
1,23,22,50,1,0,0,0
1,23,23,0,1,0,0,0
1,23,23,10,0.9,0,0,0
1,23,23,20,0.9,0,0,0
1,23,23,30,0.8,0,0,0
1,23,23,40,0.8,0,0,0
1,23,23,50,0.7000000000000001,0,0,0
1,24,0,0,0.7000000000000001,0,0,0
1,24,0,10,0.6000000000000001,0,0,0
1,24,0,20,0.6000000000000001,0,0,0
1,24,0,30,0.5,0,0,0
1,24,0,40,0.5,0,0,0
1,24,0,50,0.5,0,0,0
1,24,1,0,0.4,0,0,0
1,24,1,10,0.4,0,0,0
1,24,1,20,0.30000000000000004,0,0,0
1,24,1,30,0.30000000000000004,0,0,0
1,24,1,40,0.2,0,0,0
1,24,1,50,0.2,0,0,0
1,24,2,0,0.1,0,0,0
1,24,2,10,0.1,0,0,0
1,24,2,20,0.1,0,0,0
1,24,2,30,0,0,0,0
1,24,2,40,0,0,0,0
1,24,2,50,-0.1,0,0,0
1,24,3,0,-0.1,0,0,0
1,24,3,10,-0.1,0,0,0
1,24,3,20,-0.2,0,0,0
1,24,3,30,-0.2,0,0,0
1,24,3,40,-0.2,0,0,0
1,24,3,50,-0.2,0,0,0
1,24,4,0,-0.2,0,0,0
1,24,4,10,-0.3,0,0,0
1,24,4,20,-0.3,0,0,0
1,24,4,30,-0.3,0,0,0
1,24,4,40,-0.3,0,0,0
1,24,4,50,-0.4,0,0,0
1,24,5,0,-0.4,0,0,0
1,24,5,10,-0.4,0,0,0
1,24,5,20,-0.4,0,0,0
1,24,5,30,-0.4,0,0,0
1,24,5,40,-0.5,0,0,0
1,24,5,50,-0.5,0,0,0
1,24,6,0,-0.5,0,0,0
1,24,6,10,-0.3,0,0,0
1,24,6,20,-0.2,0,0,0
1,24,6,30,-0.1,0,0,0
1,24,6,40,0.1,0,0,0
1,24,6,50,0.2,0,0,0
1,24,7,0,0.4,0,0,0
1,24,7,10,0.7000000000000001,0,0,0
1,24,7,20,1.1,0,0,0
1,24,7,30,1.5,0,12,12
1,24,7,40,1.9000000000000001,0,21,21
1,24,7,50,2.3000000000000003,0,31,31
1,24,8,0,2.7,0,30,30
1,24,8,10,3.1,2,68,68
1,24,8,20,3.5,4,84,84
1,24,8,30,3.9000000000000004,3,91,92
1,24,8,40,4.3,27,129,135
1,24,8,50,4.7,18,139,143
1,24,9,0,5.1000000000000005,156,157,200
1,24,9,10,5.6000000000000005,161,173,221
1,24,9,20,6,104,192,225
1,24,9,30,6.4,842,56,344
1,24,9,40,6.800000000000001,867,55,369
1,24,9,50,7.2,881,56,392
1,24,10,0,7.6000000000000005,893,58,414
1,24,10,10,7.800000000000001,903,59,434
1,24,10,20,8.1,912,60,453
1,24,10,30,8.3,920,60,471
1,24,10,40,8.5,938,58,488
1,24,10,50,8.700000000000001,944,58,502
1,24,11,0,8.9,949,59,515
1,24,11,10,9,954,59,527
1,24,11,20,9.1,957,60,536
1,24,11,30,9.200000000000001,960,60,544
1,24,11,40,9.200000000000001,412,253,463
1,24,11,50,9.3,397,228,432
1,24,12,0,9.4,466,204,445
1,24,12,10,9.3,368,230,421
1,24,12,20,9.3,316,229,392
1,24,12,30,9.3,245,259,385
1,24,12,40,9.200000000000001,189,270,366
1,24,12,50,9.200000000000001,217,263,373
1,24,13,0,9.1,196,262,360
1,24,13,10,9,110,259,313
1,24,13,20,8.9,121,255,314
1,24,13,30,8.8,68,233,265
1,24,13,40,8.700000000000001,185,237,323
1,24,13,50,8.6,307,221,359
1,24,14,0,8.5,152,232,298
1,24,14,10,8.200000000000001,118,223,273
1,24,14,20,7.9,194,195,274
1,24,14,30,7.6000000000000005,285,180,291
1,24,14,40,7.300000000000001,309,177,292
1,24,14,50,7,85,182,211
1,24,15,0,6.7,212,169,239
1,24,15,10,6.2,330,144,245
1,24,15,20,5.800000000000001,354,129,230
1,24,15,30,5.4,237,137,200
1,24,15,40,4.9,752,44,223
1,24,15,50,4.5,121,119,145
1,24,16,0,4.1000000000000005,676,39,165
1,24,16,10,3.9000000000000004,631,35,137
1,24,16,20,3.8000000000000003,577,32,109
1,24,16,30,3.7,3,51,51
1,24,16,40,3.5,0,25,26
1,24,16,50,3.4000000000000004,333,17,33
1,24,17,0,3.3000000000000003,213,11,16
1,24,17,10,3.3000000000000003,0,0,0
1,24,17,20,3.4000000000000004,0,0,0
1,24,17,30,3.4000000000000004,0,0,0
1,24,17,40,3.5,0,0,0
1,24,17,50,3.6,0,0,0
1,24,18,0,3.6,0,0,0
1,24,18,10,3.6,0,0,0
1,24,18,20,3.6,0,0,0
1,24,18,30,3.6,0,0,0
1,24,18,40,3.6,0,0,0
1,24,18,50,3.6,0,0,0
1,24,19,0,3.6,0,0,0
1,24,19,10,3.6,0,0,0
1,24,19,20,3.5,0,0,0
1,24,19,30,3.4000000000000004,0,0,0
1,24,19,40,3.4000000000000004,0,0,0
1,24,19,50,3.3000000000000003,0,0,0
1,24,20,0,3.2,0,0,0
1,24,20,10,3.1,0,0,0
1,24,20,20,3,0,0,0
1,24,20,30,2.9000000000000004,0,0,0
1,24,20,40,2.8000000000000003,0,0,0
1,24,20,50,2.7,0,0,0
1,24,21,0,2.6,0,0,0
1,24,21,10,2.5,0,0,0
1,24,21,20,2.4000000000000004,0,0,0
1,24,21,30,2.3000000000000003,0,0,0
1,24,21,40,2.1,0,0,0
1,24,21,50,2,0,0,0
1,24,22,0,1.9000000000000001,0,0,0
1,24,22,10,1.8,0,0,0
1,24,22,20,1.7000000000000002,0,0,0
1,24,22,30,1.6,0,0,0
1,24,22,40,1.5,0,0,0
1,24,22,50,1.4000000000000001,0,0,0
1,24,23,0,1.3,0,0,0
1,24,23,10,1.2000000000000002,0,0,0
1,24,23,20,1.1,0,0,0
1,24,23,30,1.1,0,0,0
1,24,23,40,1,0,0,0
1,24,23,50,0.9,0,0,0
1,25,0,0,0.9,0,0,0
1,25,0,10,0.8,0,0,0
1,25,0,20,0.8,0,0,0
1,25,0,30,0.8,0,0,0
1,25,0,40,0.7000000000000001,0,0,0
1,25,0,50,0.7000000000000001,0,0,0
1,25,1,0,0.7000000000000001,0,0,0
1,25,1,10,0.5,0,0,0
1,25,1,20,0.4,0,0,0
1,25,1,30,0.30000000000000004,0,0,0
1,25,1,40,0.2,0,0,0
1,25,1,50,0.1,0,0,0
1,25,2,0,0,0,0,0
1,25,2,10,-0.2,0,0,0
1,25,2,20,-0.3,0,0,0
1,25,2,30,-0.5,0,0,0
1,25,2,40,-0.6,0,0,0
1,25,2,50,-0.8,0,0,0
1,25,3,0,-0.9,0,0,0
1,25,3,10,-1,0,0,0
1,25,3,20,-1.1,0,0,0
1,25,3,30,-1.2,0,0,0
1,25,3,40,-1.3,0,0,0
1,25,3,50,-1.4,0,0,0
1,25,4,0,-1.5,0,0,0
1,25,4,10,-1.5,0,0,0
1,25,4,20,-1.5,0,0,0
1,25,4,30,-1.6,0,0,0
1,25,4,40,-1.6,0,0,0
1,25,4,50,-1.7,0,0,0
1,25,5,0,-1.7,0,0,0
1,25,5,10,-1.7,0,0,0
1,25,5,20,-1.7,0,0,0
1,25,5,30,-1.7,0,0,0
1,25,5,40,-1.7,0,0,0
1,25,5,50,-1.7,0,0,0
1,25,6,0,-1.8,0,0,0
1,25,6,10,-1.6,0,0,0
1,25,6,20,-1.4,0,0,0
1,25,6,30,-1.2,0,0,0
1,25,6,40,-1.1,0,0,0
1,25,6,50,-0.9,0,0,0
1,25,7,0,-0.7,0,0,0
1,25,7,10,-0.1,0,0,0
1,25,7,20,0.5,0,0,0
1,25,7,30,1.1,353,14,28
1,25,7,40,1.7000000000000002,453,19,50
1,25,7,50,2.3000000000000003,536,24,75
1,25,8,0,2.9000000000000004,604,28,103
1,25,8,10,3.4000000000000004,659,32,131
1,25,8,20,3.8000000000000003,705,35,160
1,25,8,30,4.3,744,37,189
1,25,8,40,4.7,775,40,218
1,25,8,50,5.2,803,42,247
1,25,9,0,5.7,827,44,275
1,25,9,10,6,849,46,302
1,25,9,20,6.300000000000001,867,47,329
1,25,9,30,6.6000000000000005,884,49,354
1,25,9,40,6.9,889,51,375
1,25,9,50,7.2,902,52,399
1,25,10,0,7.5,913,53,420
1,25,10,10,7.6000000000000005,923,54,440
1,25,10,20,7.800000000000001,932,54,459
1,25,10,30,7.9,940,55,477
1,25,10,40,8,949,55,493
1,25,10,50,8.200000000000001,954,56,508
1,25,11,0,8.3,960,56,521
1,25,11,10,8.4,964,57,532
1,25,11,20,8.5,968,57,542
1,25,11,30,8.6,971,58,550
1,25,11,40,8.700000000000001,970,59,557
1,25,11,50,8.8,972,59,561
1,25,12,0,8.8,973,59,564
1,25,12,10,8.9,973,59,566
1,25,12,20,8.9,973,60,565
1,25,12,30,9,973,60,563
1,25,12,40,9,968,61,559
1,25,12,50,9.1,966,60,553
1,25,13,0,9.1,964,60,546
1,25,13,10,9.1,548,185,458
1,25,13,20,9,549,179,447
1,25,13,30,9,575,168,443
1,25,13,40,8.9,565,160,424
1,25,13,50,8.8,436,179,377
1,25,14,0,8.8,311,196,334
1,25,14,10,8.5,440,170,358
1,25,14,20,8.1,488,151,351
1,25,14,30,7.800000000000001,563,128,350
1,25,14,40,7.5,374,161,301
1,25,14,50,7.2,276,178,276
1,25,15,0,6.9,44,160,174
1,25,15,10,6.4,78,161,185
1,25,15,20,5.9,5,82,83
1,25,15,30,5.4,21,115,120
1,25,15,40,4.9,2,59,60
1,25,15,50,4.4,0,35,35
1,25,16,0,3.9000000000000004,0,33,33
1,25,16,10,3.7,6,61,62
1,25,16,20,3.5,158,71,93
1,25,16,30,3.3000000000000003,107,59,71
1,25,16,40,3,53,45,49
1,25,16,50,2.8000000000000003,16,28,29
1,25,17,0,2.6,0,4,4
1,25,17,10,2.5,0,0,0
1,25,17,20,2.4000000000000004,0,0,0
1,25,17,30,2.4000000000000004,0,0,0
1,25,17,40,2.3000000000000003,0,0,0
1,25,17,50,2.2,0,0,0
1,25,18,0,2.1,0,0,0
1,25,18,10,2,0,0,0
1,25,18,20,2,0,0,0
1,25,18,30,1.9000000000000001,0,0,0
1,25,18,40,1.8,0,0,0
1,25,18,50,1.7000000000000002,0,0,0
1,25,19,0,1.7000000000000002,0,0,0
1,25,19,10,1.6,0,0,0
1,25,19,20,1.6,0,0,0
1,25,19,30,1.5,0,0,0
1,25,19,40,1.5,0,0,0
1,25,19,50,1.5,0,0,0
1,25,20,0,1.4000000000000001,0,0,0
1,25,20,10,1.4000000000000001,0,0,0
1,25,20,20,1.3,0,0,0
1,25,20,30,1.3,0,0,0
1,25,20,40,1.3,0,0,0
1,25,20,50,1.2000000000000002,0,0,0
1,25,21,0,1.2000000000000002,0,0,0
1,25,21,10,1.1,0,0,0
1,25,21,20,1.1,0,0,0
1,25,21,30,1,0,0,0
1,25,21,40,1,0,0,0
1,25,21,50,0.9,0,0,0
1,25,22,0,0.9,0,0,0
1,25,22,10,0.8,0,0,0
1,25,22,20,0.8,0,0,0
1,25,22,30,0.7000000000000001,0,0,0
1,25,22,40,0.6000000000000001,0,0,0
1,25,22,50,0.5,0,0,0
1,25,23,0,0.5,0,0,0
1,25,23,10,0.4,0,0,0
1,25,23,20,0.30000000000000004,0,0,0
1,25,23,30,0.2,0,0,0
1,25,23,40,0.1,0,0,0
1,25,23,50,0,0,0,0
1,26,0,0,-0.1,0,0,0
1,26,0,10,-0.1,0,0,0
1,26,0,20,-0.2,0,0,0
1,26,0,30,-0.2,0,0,0
1,26,0,40,-0.3,0,0,0
1,26,0,50,-0.3,0,0,0
1,26,1,0,-0.4,0,0,0
1,26,1,10,-0.4,0,0,0
1,26,1,20,-0.5,0,0,0
1,26,1,30,-0.5,0,0,0
1,26,1,40,-0.5,0,0,0
1,26,1,50,-0.5,0,0,0
1,26,2,0,-0.6,0,0,0
1,26,2,10,-0.6,0,0,0
1,26,2,20,-0.6,0,0,0
1,26,2,30,-0.7,0,0,0
1,26,2,40,-0.7,0,0,0
1,26,2,50,-0.7,0,0,0
1,26,3,0,-0.7,0,0,0
1,26,3,10,-0.8,0,0,0
1,26,3,20,-0.8,0,0,0
1,26,3,30,-0.8,0,0,0
1,26,3,40,-0.8,0,0,0
1,26,3,50,-0.9,0,0,0
1,26,4,0,-0.9,0,0,0
1,26,4,10,-0.9,0,0,0
1,26,4,20,-0.9,0,0,0
1,26,4,30,-0.9,0,0,0
1,26,4,40,-0.9,0,0,0
1,26,4,50,-0.9,0,0,0
1,26,5,0,-0.9,0,0,0
1,26,5,10,-1,0,0,0
1,26,5,20,-1,0,0,0
1,26,5,30,-1,0,0,0
1,26,5,40,-1,0,0,0
1,26,5,50,-1,0,0,0
1,26,6,0,-1,0,0,0
1,26,6,10,-1,0,0,0
1,26,6,20,-0.9,0,0,0
1,26,6,30,-0.9,0,0,0
1,26,6,40,-0.8,0,0,0
1,26,6,50,-0.8,0,0,0
1,26,7,0,-0.7,0,0,0
1,26,7,10,-0.5,0,0,0
1,26,7,20,-0.2,0,0,0
1,26,7,30,0,3,20,20
1,26,7,40,0.30000000000000004,52,41,44
1,26,7,50,0.5,0,15,15
1,26,8,0,0.8,0,17,17
1,26,8,10,1,15,76,79
1,26,8,20,1.3,28,98,103
1,26,8,30,1.5,43,116,125
1,26,8,40,1.7000000000000002,55,131,144
1,26,8,50,2,74,143,162
1,26,9,0,2.2,48,141,155
1,26,9,10,2.5,68,157,178
1,26,9,20,2.7,120,176,215
1,26,9,30,2.9000000000000004,70,169,193
1,26,9,40,3.2,5,105,107
1,26,9,50,3.4000000000000004,2,90,91
1,26,10,0,3.7,0,23,23
1,26,10,10,3.8000000000000003,844,76,432
1,26,10,20,4,0,75,75
1,26,10,30,4.2,0,124,124
1,26,10,40,4.3,0,123,123
1,26,10,50,4.5,1,178,179
1,26,11,0,4.7,2,201,202
1,26,11,10,4.800000000000001,4,214,216
1,26,11,20,4.9,35,270,288
1,26,11,30,5,6,231,234
1,26,11,40,5.1000000000000005,15,249,257
1,26,11,50,5.2,925,77,558
1,26,12,0,5.300000000000001,926,77,561
1,26,12,10,5.300000000000001,927,77,562
1,26,12,20,5.300000000000001,927,77,562
1,26,12,30,5.4,926,77,560
1,26,12,40,5.4,5,144,147
1,26,12,50,5.4,5,143,145
1,26,13,0,5.4,5,140,142
1,26,13,10,5.4,5,135,138
1,26,13,20,5.4,4,129,131
1,26,13,30,5.4,153,251,325
1,26,13,40,5.300000000000001,170,229,309
1,26,13,50,5.300000000000001,192,222,310
1,26,14,0,5.300000000000001,324,208,353
1,26,14,10,5.2,272,222,339
1,26,14,20,5.1000000000000005,259,215,323
1,26,14,30,5,427,169,338
1,26,14,40,4.9,839,66,383
1,26,14,50,4.800000000000001,824,64,360
1,26,15,0,4.7,807,62,335
1,26,15,10,4.3,787,60,309
1,26,15,20,3.8000000000000003,7,142,144
1,26,15,30,3.4000000000000004,0,84,84
1,26,15,40,2.9000000000000004,0,66,66
1,26,15,50,2.5,1,72,73
1,26,16,0,2,0,62,62
1,26,16,10,1.8,1,74,74
1,26,16,20,1.5,542,37,114
1,26,16,30,1.2000000000000002,477,33,86
1,26,16,40,1,402,27,61
1,26,16,50,0.7000000000000001,306,20,37
1,26,17,0,0.5,0,5,5
1,26,17,10,0.4,0,0,0
1,26,17,20,0.4,0,0,0
1,26,17,30,0.4,0,0,0
1,26,17,40,0.4,0,0,0
1,26,17,50,0.4,0,0,0
1,26,18,0,0.30000000000000004,0,0,0
1,26,18,10,0.30000000000000004,0,0,0
1,26,18,20,0.2,0,0,0
1,26,18,30,0.1,0,0,0
1,26,18,40,0.1,0,0,0
1,26,18,50,0,0,0,0
1,26,19,0,-0.1,0,0,0
1,26,19,10,-0.2,0,0,0
1,26,19,20,-0.3,0,0,0
1,26,19,30,-0.4,0,0,0
1,26,19,40,-0.5,0,0,0
1,26,19,50,-0.6,0,0,0
1,26,20,0,-0.7,0,0,0
1,26,20,10,-0.8,0,0,0
1,26,20,20,-0.9,0,0,0
1,26,20,30,-1,0,0,0
1,26,20,40,-1.1,0,0,0
1,26,20,50,-1.2,0,0,0
1,26,21,0,-1.3,0,0,0
1,26,21,10,-1.4,0,0,0
1,26,21,20,-1.4,0,0,0
1,26,21,30,-1.4,0,0,0
1,26,21,40,-1.5,0,0,0
1,26,21,50,-1.5,0,0,0
1,26,22,0,-1.6,0,0,0
1,26,22,10,-1.6,0,0,0
1,26,22,20,-1.6,0,0,0
1,26,22,30,-1.7,0,0,0
1,26,22,40,-1.7,0,0,0
1,26,22,50,-1.7,0,0,0
1,26,23,0,-1.8,0,0,0
1,26,23,10,-1.9,0,0,0
1,26,23,20,-1.9,0,0,0
1,26,23,30,-2,0,0,0
1,26,23,40,-2.1,0,0,0
1,26,23,50,-2.2,0,0,0
1,27,0,0,-2.3,0,0,0
1,27,0,10,-2.4,0,0,0
1,27,0,20,-2.5,0,0,0
1,27,0,30,-2.6,0,0,0
1,27,0,40,-2.7,0,0,0
1,27,0,50,-2.8,0,0,0
1,27,1,0,-2.9,0,0,0
1,27,1,10,-3,0,0,0
1,27,1,20,-3,0,0,0
1,27,1,30,-3.1,0,0,0
1,27,1,40,-3.1,0,0,0
1,27,1,50,-3.2,0,0,0
1,27,2,0,-3.3,0,0,0
1,27,2,10,-3.3,0,0,0
1,27,2,20,-3.3,0,0,0
1,27,2,30,-3.3,0,0,0
1,27,2,40,-3.3,0,0,0
1,27,2,50,-3.3,0,0,0
1,27,3,0,-3.3,0,0,0
1,27,3,10,-3.3,0,0,0
1,27,3,20,-3.3,0,0,0
1,27,3,30,-3.3,0,0,0
1,27,3,40,-3.4,0,0,0
1,27,3,50,-3.4,0,0,0
1,27,4,0,-3.4,0,0,0
1,27,4,10,-3.4,0,0,0
1,27,4,20,-3.4,0,0,0
1,27,4,30,-3.4,0,0,0
1,27,4,40,-3.4,0,0,0
1,27,4,50,-3.4,0,0,0
1,27,5,0,-3.4,0,0,0
1,27,5,10,-3.5,0,0,0
1,27,5,20,-3.5,0,0,0
1,27,5,30,-3.5,0,0,0
1,27,5,40,-3.5,0,0,0
1,27,5,50,-3.5,0,0,0
1,27,6,0,-3.5,0,0,0
1,27,6,10,-3.4,0,0,0
1,27,6,20,-3.2,0,0,0
1,27,6,30,-3.1,0,0,0
1,27,6,40,-2.9,0,0,0
1,27,6,50,-2.7,0,0,0
1,27,7,0,-2.6,0,0,0
1,27,7,10,-2.1,0,0,0
1,27,7,20,-1.5,0,0,0
1,27,7,30,-1,418,15,33
1,27,7,40,-0.4,529,18,56
1,27,7,50,0.1,607,22,83
1,27,8,0,0.6000000000000001,670,25,111
1,27,8,10,1.2000000000000002,721,28,141
1,27,8,20,1.7000000000000002,764,30,170
1,27,8,30,2.2,799,32,200
1,27,8,40,2.8000000000000003,832,33,229
1,27,8,50,3.3000000000000003,858,34,258
1,27,9,0,3.9000000000000004,880,36,286
1,27,9,10,4.3,900,37,314
1,27,9,20,4.7,917,38,341
1,27,9,30,5.2,932,39,366
1,27,9,40,5.6000000000000005,945,40,391
1,27,9,50,6,956,41,415
1,27,10,0,6.5,967,42,437
1,27,10,10,6.7,976,42,457
1,27,10,20,6.9,984,43,477
1,27,10,30,7.1000000000000005,1003,44,500
1,27,10,40,7.300000000000001,1007,46,518
1,27,10,50,7.5,1013,46,533
1,27,11,0,7.7,1017,46,546
1,27,11,10,7.800000000000001,1021,47,558
1,27,11,20,7.9,1025,47,568
1,27,11,30,8.1,1027,47,576
1,27,11,40,8.200000000000001,1029,47,583
1,27,11,50,8.3,1031,47,588
1,27,12,0,8.4,1032,48,591
1,27,12,10,8.5,1032,48,592
1,27,12,20,8.5,1032,48,592
1,27,12,30,8.6,1032,48,590
1,27,12,40,8.700000000000001,1030,47,586
1,27,12,50,8.700000000000001,1029,47,580
1,27,13,0,8.8,1026,47,573
1,27,13,10,8.8,1024,47,564
1,27,13,20,8.700000000000001,1020,46,553
1,27,13,30,8.700000000000001,1016,46,541
1,27,13,40,8.700000000000001,1009,47,527
1,27,13,50,8.700000000000001,1004,47,511
1,27,14,0,8.6,997,46,494
1,27,14,10,8.4,989,45,475
1,27,14,20,8.200000000000001,981,45,455
1,27,14,30,7.9,971,44,434
1,27,14,40,7.7,961,43,411
1,27,14,50,7.5,948,42,386
1,27,15,0,7.2,934,41,361
1,27,15,10,6.7,919,40,334
1,27,15,20,6.2,901,39,307
1,27,15,30,5.7,880,37,279
1,27,15,40,5.2,856,36,250
1,27,15,50,4.6000000000000005,828,34,220
1,27,16,0,4.1000000000000005,796,32,190
1,27,16,10,3.8000000000000003,757,30,160
1,27,16,20,3.5,711,27,130
1,27,16,30,3.1,654,24,100
1,27,16,40,2.8000000000000003,585,21,72
1,27,16,50,2.5,497,17,46
1,27,17,0,2.1,385,12,24
1,27,17,10,2,0,0,0
1,27,17,20,1.8,0,0,0
1,27,17,30,1.6,0,0,0
1,27,17,40,1.4000000000000001,0,0,0
1,27,17,50,1.2000000000000002,0,0,0
1,27,18,0,1,0,0,0
1,27,18,10,0.7000000000000001,0,0,0
1,27,18,20,0.4,0,0,0
1,27,18,30,0.1,0,0,0
1,27,18,40,-0.1,0,0,0
1,27,18,50,-0.4,0,0,0
1,27,19,0,-0.7,0,0,0
1,27,19,10,-0.9,0,0,0
1,27,19,20,-1,0,0,0
1,27,19,30,-1.2,0,0,0
1,27,19,40,-1.3,0,0,0
1,27,19,50,-1.5,0,0,0
1,27,20,0,-1.6,0,0,0
1,27,20,10,-1.6,0,0,0
1,27,20,20,-1.6,0,0,0
1,27,20,30,-1.5,0,0,0
1,27,20,40,-1.5,0,0,0
1,27,20,50,-1.4,0,0,0
1,27,21,0,-1.4,0,0,0
1,27,21,10,-1.3,0,0,0
1,27,21,20,-1.2,0,0,0
1,27,21,30,-1.2,0,0,0
1,27,21,40,-1.1,0,0,0
1,27,21,50,-1,0,0,0
1,27,22,0,-0.9,0,0,0
1,27,22,10,-0.8,0,0,0
1,27,22,20,-0.8,0,0,0
1,27,22,30,-0.7,0,0,0
1,27,22,40,-0.6,0,0,0
1,27,22,50,-0.6,0,0,0
1,27,23,0,-0.5,0,0,0
1,27,23,10,-0.4,0,0,0
1,27,23,20,-0.4,0,0,0
1,27,23,30,-0.3,0,0,0
1,27,23,40,-0.2,0,0,0
1,27,23,50,-0.2,0,0,0
1,28,0,0,-0.1,0,0,0
1,28,0,10,-0.1,0,0,0
1,28,0,20,0,0,0,0
1,28,0,30,0,0,0,0
1,28,0,40,0.1,0,0,0
1,28,0,50,0.1,0,0,0
1,28,1,0,0.2,0,0,0
1,28,1,10,0.2,0,0,0
1,28,1,20,0.2,0,0,0
1,28,1,30,0.30000000000000004,0,0,0
1,28,1,40,0.30000000000000004,0,0,0
1,28,1,50,0.4,0,0,0
1,28,2,0,0.4,0,0,0
1,28,2,10,0.4,0,0,0
1,28,2,20,0.4,0,0,0
1,28,2,30,0.4,0,0,0
1,28,2,40,0.5,0,0,0
1,28,2,50,0.5,0,0,0
1,28,3,0,0.5,0,0,0
1,28,3,10,0.5,0,0,0
1,28,3,20,0.5,0,0,0
1,28,3,30,0.5,0,0,0
1,28,3,40,0.5,0,0,0
1,28,3,50,0.5,0,0,0
1,28,4,0,0.6000000000000001,0,0,0
1,28,4,10,0.6000000000000001,0,0,0
1,28,4,20,0.6000000000000001,0,0,0
1,28,4,30,0.6000000000000001,0,0,0
1,28,4,40,0.6000000000000001,0,0,0
1,28,4,50,0.6000000000000001,0,0,0
1,28,5,0,0.6000000000000001,0,0,0
1,28,5,10,0.6000000000000001,0,0,0
1,28,5,20,0.6000000000000001,0,0,0
1,28,5,30,0.7000000000000001,0,0,0
1,28,5,40,0.7000000000000001,0,0,0
1,28,5,50,0.7000000000000001,0,0,0
1,28,6,0,0.7000000000000001,0,0,0
1,28,6,10,0.9,0,0,0
1,28,6,20,1,0,0,0
1,28,6,30,1.2000000000000002,0,0,0
1,28,6,40,1.4000000000000001,0,0,0
1,28,6,50,1.6,0,0,0
1,28,7,0,1.8,0,0,0
1,28,7,10,2.4000000000000004,0,0,0
1,28,7,20,3,0,0,0
1,28,7,30,3.7,396,14,32
1,28,7,40,4.3,490,18,54
1,28,7,50,4.9,567,22,80
1,28,8,0,5.5,629,25,107
1,28,8,10,6,680,28,136
1,28,8,20,6.5,722,30,164
1,28,8,30,7,763,32,194
1,28,8,40,7.5,796,33,223
1,28,8,50,8,822,34,251
1,28,9,0,8.5,845,36,279
1,28,9,10,9.1,864,37,306
1,28,9,20,9.600000000000001,882,38,332
1,28,9,30,10.100000000000001,897,39,357
1,28,9,40,10.700000000000001,910,40,381
1,28,9,50,11.200000000000001,922,40,404
1,28,10,0,11.8,932,41,425
1,28,10,10,12.100000000000001,942,42,445
1,28,10,20,12.3,950,42,465
1,28,10,30,12.600000000000001,957,43,482
1,28,10,40,12.9,963,43,498
1,28,10,50,13.200000000000001,969,44,513
1,28,11,0,13.5,974,44,526
1,28,11,10,13.700000000000001,983,44,540
1,28,11,20,13.8,986,45,550
1,28,11,30,13.9,989,45,558
1,28,11,40,14.100000000000001,991,45,564
1,28,11,50,14.200000000000001,993,45,569
1,28,12,0,14.3,994,45,572
1,28,12,10,14.4,994,45,574
1,28,12,20,14.5,994,45,573
1,28,12,30,14.5,994,45,571
1,28,12,40,14.600000000000001,991,47,568
1,28,12,50,14.600000000000001,989,46,563
1,28,13,0,14.700000000000001,987,46,556
1,28,13,10,14.600000000000001,984,46,547
1,28,13,20,14.600000000000001,980,46,536
1,28,13,30,14.5,976,46,525
1,28,13,40,14.5,959,53,513
1,28,13,50,14.5,953,53,498
1,28,14,0,14.4,946,52,481
1,28,14,10,14.100000000000001,939,51,463
1,28,14,20,13.8,930,50,443
1,28,14,30,13.4,919,49,422
1,28,14,40,13.100000000000001,906,49,399
1,28,14,50,12.8,893,48,376
1,28,15,0,12.4,879,47,351
1,28,15,10,11.8,862,45,325
1,28,15,20,11.100000000000001,843,44,299
1,28,15,30,10.5,821,42,271
1,28,15,40,9.8,794,41,243
1,28,15,50,9.200000000000001,765,39,214
1,28,16,0,8.6,731,37,185
1,28,16,10,8.200000000000001,691,34,155
1,28,16,20,7.800000000000001,643,31,126
1,28,16,30,7.4,586,28,98
1,28,16,40,7.1000000000000005,509,24,70
1,28,16,50,6.7,419,19,45
1,28,17,0,6.300000000000001,309,14,24
1,28,17,10,6.1000000000000005,0,0,0
1,28,17,20,5.800000000000001,0,0,0
1,28,17,30,5.6000000000000005,0,0,0
1,28,17,40,5.300000000000001,0,0,0
1,28,17,50,5.1000000000000005,0,0,0
1,28,18,0,4.800000000000001,0,0,0
1,28,18,10,4.6000000000000005,0,0,0
1,28,18,20,4.4,0,0,0
1,28,18,30,4.2,0,0,0
1,28,18,40,4,0,0,0
1,28,18,50,3.8000000000000003,0,0,0
1,28,19,0,3.6,0,0,0
1,28,19,10,3.4000000000000004,0,0,0
1,28,19,20,3.2,0,0,0
1,28,19,30,3,0,0,0
1,28,19,40,2.8000000000000003,0,0,0
1,28,19,50,2.6,0,0,0
1,28,20,0,2.4000000000000004,0,0,0
1,28,20,10,2.3000000000000003,0,0,0
1,28,20,20,2.1,0,0,0
1,28,20,30,2,0,0,0
1,28,20,40,1.9000000000000001,0,0,0
1,28,20,50,1.8,0,0,0
1,28,21,0,1.6,0,0,0
1,28,21,10,1.6,0,0,0
1,28,21,20,1.6,0,0,0
1,28,21,30,1.5,0,0,0
1,28,21,40,1.5,0,0,0
1,28,21,50,1.5,0,0,0
1,28,22,0,1.4000000000000001,0,0,0
1,28,22,10,1.4000000000000001,0,0,0
1,28,22,20,1.4000000000000001,0,0,0
1,28,22,30,1.4000000000000001,0,0,0
1,28,22,40,1.4000000000000001,0,0,0
1,28,22,50,1.3,0,0,0
1,28,23,0,1.3,0,0,0
1,28,23,10,1.3,0,0,0
1,28,23,20,1.3,0,0,0
1,28,23,30,1.3,0,0,0
1,28,23,40,1.3,0,0,0
1,28,23,50,1.3,0,0,0
1,29,0,0,1.3,0,0,0
1,29,0,10,1.3,0,0,0
1,29,0,20,1.3,0,0,0
1,29,0,30,1.3,0,0,0
1,29,0,40,1.3,0,0,0
1,29,0,50,1.3,0,0,0
1,29,1,0,1.3,0,0,0
1,29,1,10,1.3,0,0,0
1,29,1,20,1.3,0,0,0
1,29,1,30,1.3,0,0,0
1,29,1,40,1.3,0,0,0
1,29,1,50,1.3,0,0,0
1,29,2,0,1.3,0,0,0
1,29,2,10,1.3,0,0,0
1,29,2,20,1.3,0,0,0
1,29,2,30,1.4000000000000001,0,0,0
1,29,2,40,1.4000000000000001,0,0,0
1,29,2,50,1.4000000000000001,0,0,0
1,29,3,0,1.5,0,0,0
1,29,3,10,1.5,0,0,0
1,29,3,20,1.5,0,0,0
1,29,3,30,1.5,0,0,0
1,29,3,40,1.5,0,0,0
1,29,3,50,1.5,0,0,0
1,29,4,0,1.6,0,0,0
1,29,4,10,1.5,0,0,0
1,29,4,20,1.5,0,0,0
1,29,4,30,1.5,0,0,0
1,29,4,40,1.5,0,0,0
1,29,4,50,1.5,0,0,0
1,29,5,0,1.5,0,0,0
1,29,5,10,1.6,0,0,0
1,29,5,20,1.7000000000000002,0,0,0
1,29,5,30,1.7000000000000002,0,0,0
1,29,5,40,1.8,0,0,0
1,29,5,50,1.9000000000000001,0,0,0
1,29,6,0,1.9000000000000001,0,0,0
1,29,6,10,2.2,0,0,0
1,29,6,20,2.5,0,0,0
1,29,6,30,2.7,0,0,0
1,29,6,40,3,0,0,0
1,29,6,50,3.2,0,0,0
1,29,7,0,3.5,0,0,0
1,29,7,10,3.9000000000000004,0,0,0
1,29,7,20,4.4,0,1,1
1,29,7,30,4.800000000000001,2,20,20
1,29,7,40,5.300000000000001,0,17,17
1,29,7,50,5.7,0,3,3
1,29,8,0,6.2,161,61,82
1,29,8,10,6.6000000000000005,16,88,90
1,29,8,20,7.1000000000000005,22,105,109
1,29,8,30,7.5,44,124,134
1,29,8,40,8,63,139,155
1,29,8,50,8.4,775,45,252
1,29,9,0,8.8,799,47,279
1,29,9,10,9.3,820,49,306
1,29,9,20,9.700000000000001,838,50,332
1,29,9,30,10.100000000000001,855,52,358
1,29,9,40,10.600000000000001,872,52,382
1,29,9,50,11,162,201,265
1,29,10,0,11.4,289,196,315
1,29,10,10,11.600000000000001,395,176,347
1,29,10,20,11.8,495,167,389
1,29,10,30,12,272,252,378
1,29,10,40,12.200000000000001,262,260,384
1,29,10,50,12.4,249,270,391
1,29,11,0,12.600000000000001,949,55,528
1,29,11,10,12.8,953,55,539
1,29,11,20,12.9,957,55,549
1,29,11,30,13,273,286,429
1,29,11,40,13.100000000000001,413,220,438
1,29,11,50,13.3,11,176,181
1,29,12,0,13.4,5,157,159
1,29,12,10,13.5,16,197,206
1,29,12,20,13.5,126,263,331
1,29,12,30,13.600000000000001,294,246,403
1,29,12,40,13.700000000000001,296,229,386
1,29,12,50,13.8,321,232,401
1,29,13,0,13.9,371,220,413
1,29,13,10,13.8,293,226,376
1,29,13,20,13.8,83,297,339
1,29,13,30,13.8,949,53,523
1,29,13,40,13.8,944,53,509
1,29,13,50,13.700000000000001,938,52,494
1,29,14,0,13.700000000000001,931,52,478
1,29,14,10,13.5,923,51,460
1,29,14,20,13.200000000000001,914,50,440
1,29,14,30,13,905,49,419
1,29,14,40,12.8,892,49,397
1,29,14,50,12.600000000000001,879,48,374
1,29,15,0,12.3,864,47,349
1,29,15,10,11.600000000000001,848,45,324
1,29,15,20,10.9,829,44,298
1,29,15,30,10.200000000000001,808,42,270
1,29,15,40,9.5,786,40,243
1,29,15,50,8.700000000000001,758,38,214
1,29,16,0,8,725,36,185
1,29,16,10,7.6000000000000005,686,33,157
1,29,16,20,7.2,640,30,128
1,29,16,30,6.7,585,27,100
1,29,16,40,6.300000000000001,518,23,73
1,29,16,50,5.9,435,19,48
1,29,17,0,5.4,332,14,26
1,29,17,10,5.4,0,0,0
1,29,17,20,5.4,0,0,0
1,29,17,30,5.4,0,0,0
1,29,17,40,5.300000000000001,0,0,0
1,29,17,50,5.300000000000001,0,0,0
1,29,18,0,5.300000000000001,0,0,0
1,29,18,10,5.300000000000001,0,0,0
1,29,18,20,5.300000000000001,0,0,0
1,29,18,30,5.300000000000001,0,0,0
1,29,18,40,5.4,0,0,0
1,29,18,50,5.4,0,0,0
1,29,19,0,5.4,0,0,0
1,29,19,10,5.4,0,0,0
1,29,19,20,5.4,0,0,0
1,29,19,30,5.4,0,0,0
1,29,19,40,5.300000000000001,0,0,0
1,29,19,50,5.300000000000001,0,0,0
1,29,20,0,5.300000000000001,0,0,0
1,29,20,10,5.2,0,0,0
1,29,20,20,5.1000000000000005,0,0,0
1,29,20,30,5,0,0,0
1,29,20,40,4.9,0,0,0
1,29,20,50,4.9,0,0,0
1,29,21,0,4.800000000000001,0,0,0
1,29,21,10,4.7,0,0,0
1,29,21,20,4.6000000000000005,0,0,0
1,29,21,30,4.5,0,0,0
1,29,21,40,4.4,0,0,0
1,29,21,50,4.3,0,0,0
1,29,22,0,4.2,0,0,0
1,29,22,10,4.1000000000000005,0,0,0
1,29,22,20,4,0,0,0
1,29,22,30,3.9000000000000004,0,0,0
1,29,22,40,3.8000000000000003,0,0,0
1,29,22,50,3.7,0,0,0
1,29,23,0,3.5,0,0,0
1,29,23,10,3.4000000000000004,0,0,0
1,29,23,20,3.3000000000000003,0,0,0
1,29,23,30,3.2,0,0,0
1,29,23,40,3.1,0,0,0
1,29,23,50,3,0,0,0
1,30,0,0,2.9000000000000004,0,0,0
1,30,0,10,2.8000000000000003,0,0,0
1,30,0,20,2.7,0,0,0
1,30,0,30,2.6,0,0,0
1,30,0,40,2.6,0,0,0
1,30,0,50,2.5,0,0,0
1,30,1,0,2.4000000000000004,0,0,0
1,30,1,10,2.3000000000000003,0,0,0
1,30,1,20,2.3000000000000003,0,0,0
1,30,1,30,2.2,0,0,0
1,30,1,40,2.1,0,0,0
1,30,1,50,2,0,0,0
1,30,2,0,2,0,0,0
1,30,2,10,1.9000000000000001,0,0,0
1,30,2,20,1.8,0,0,0
1,30,2,30,1.7000000000000002,0,0,0
1,30,2,40,1.6,0,0,0
1,30,2,50,1.5,0,0,0
1,30,3,0,1.5,0,0,0
1,30,3,10,1.4000000000000001,0,0,0
1,30,3,20,1.3,0,0,0
1,30,3,30,1.2000000000000002,0,0,0
1,30,3,40,1.1,0,0,0
1,30,3,50,1,0,0,0
1,30,4,0,0.9,0,0,0
1,30,4,10,0.8,0,0,0
1,30,4,20,0.7000000000000001,0,0,0
1,30,4,30,0.7000000000000001,0,0,0
1,30,4,40,0.6000000000000001,0,0,0
1,30,4,50,0.5,0,0,0
1,30,5,0,0.4,0,0,0
1,30,5,10,0.4,0,0,0
1,30,5,20,0.4,0,0,0
1,30,5,30,0.4,0,0,0
1,30,5,40,0.4,0,0,0
1,30,5,50,0.4,0,0,0
1,30,6,0,0.4,0,0,0
1,30,6,10,0.6000000000000001,0,0,0
1,30,6,20,0.9,0,0,0
1,30,6,30,1.1,0,0,0
1,30,6,40,1.4000000000000001,0,0,0
1,30,6,50,1.6,0,0,0
1,30,7,0,1.9000000000000001,0,0,0
1,30,7,10,2.6,0,0,0
1,30,7,20,3.3000000000000003,325,10,18
1,30,7,30,3.9000000000000004,442,15,38
1,30,7,40,4.6000000000000005,539,19,62
1,30,7,50,5.300000000000001,614,23,89
1,30,8,0,6,674,26,118
1,30,8,10,6.5,723,29,148
1,30,8,20,7,764,31,178
1,30,8,30,7.5,799,33,208
1,30,8,40,8,828,35,237
1,30,8,50,8.4,853,36,267
1,30,9,0,8.9,875,38,295
1,30,9,10,9.4,894,39,323
1,30,9,20,9.9,911,40,350
1,30,9,30,10.4,926,41,376
1,30,9,40,10.9,939,42,400
1,30,9,50,11.3,950,43,424
1,30,10,0,11.8,960,44,446
1,30,10,10,12.100000000000001,969,44,467
1,30,10,20,12.4,977,45,486
1,30,10,30,12.600000000000001,984,46,504
1,30,10,40,12.9,992,45,520
1,30,10,50,13.200000000000001,997,45,535
1,30,11,0,13.5,1002,45,548
1,30,11,10,13.600000000000001,1006,46,560
1,30,11,20,13.8,1009,46,570
1,30,11,30,13.9,1012,46,579
1,30,11,40,14,1014,46,586
1,30,11,50,14.200000000000001,1016,47,590
1,30,12,0,14.3,1017,47,594
1,30,12,10,14.4,1017,47,595
1,30,12,20,14.4,1017,47,595
1,30,12,30,14.5,1016,47,593
1,30,12,40,14.5,1015,47,589
1,30,12,50,14.600000000000001,1013,46,584
1,30,13,0,14.600000000000001,1011,46,576
1,30,13,10,14.600000000000001,1008,46,567
1,30,13,20,14.5,1005,46,557
1,30,13,30,14.5,1001,46,545
1,30,13,40,14.4,991,49,532
1,30,13,50,14.4,985,49,517
1,30,14,0,14.4,979,48,500
1,30,14,10,14.100000000000001,971,47,481
1,30,14,20,13.9,963,47,461
1,30,14,30,13.700000000000001,953,46,440
1,30,14,40,13.4,943,45,417
1,30,14,50,13.200000000000001,931,44,393
1,30,15,0,13,917,43,368
1,30,15,10,12.5,902,42,342
1,30,15,20,11.9,884,41,315
1,30,15,30,11.4,864,39,287
1,30,15,40,10.9,841,38,258
1,30,15,50,10.4,814,36,228
1,30,16,0,9.9,782,34,198
1,30,16,10,9.600000000000001,745,32,168
1,30,16,20,9.3,701,29,138
1,30,16,30,9,648,26,109
1,30,16,40,8.700000000000001,583,23,81
1,30,16,50,8.5,502,19,54
1,30,17,0,8.200000000000001,399,14,30
1,30,17,10,8,0,0,0
1,30,17,20,7.7,0,0,0
1,30,17,30,7.5,0,0,0
1,30,17,40,7.300000000000001,0,0,0
1,30,17,50,7.1000000000000005,0,0,0
1,30,18,0,6.9,0,0,0
1,30,18,10,6.5,0,0,0
1,30,18,20,6.2,0,0,0
1,30,18,30,5.800000000000001,0,0,0
1,30,18,40,5.5,0,0,0
1,30,18,50,5.1000000000000005,0,0,0
1,30,19,0,4.800000000000001,0,0,0
1,30,19,10,4.4,0,0,0
1,30,19,20,4.1000000000000005,0,0,0
1,30,19,30,3.7,0,0,0
1,30,19,40,3.4000000000000004,0,0,0
1,30,19,50,3,0,0,0
1,30,20,0,2.7,0,0,0
1,30,20,10,2.5,0,0,0
1,30,20,20,2.3000000000000003,0,0,0
1,30,20,30,2.1,0,0,0
1,30,20,40,1.9000000000000001,0,0,0
1,30,20,50,1.7000000000000002,0,0,0
1,30,21,0,1.5,0,0,0
1,30,21,10,1.4000000000000001,0,0,0
1,30,21,20,1.3,0,0,0
1,30,21,30,1.2000000000000002,0,0,0
1,30,21,40,1.2000000000000002,0,0,0
1,30,21,50,1.1,0,0,0
1,30,22,0,1,0,0,0
1,30,22,10,1,0,0,0
1,30,22,20,0.9,0,0,0
1,30,22,30,0.9,0,0,0
1,30,22,40,0.9,0,0,0
1,30,22,50,0.8,0,0,0
1,30,23,0,0.8,0,0,0
1,30,23,10,0.8,0,0,0
1,30,23,20,0.8,0,0,0
1,30,23,30,0.9,0,0,0
1,30,23,40,0.9,0,0,0
1,30,23,50,0.9,0,0,0
1,31,0,0,0.9,0,0,0
1,31,0,10,0.9,0,0,0
1,31,0,20,1,0,0,0
1,31,0,30,1,0,0,0
1,31,0,40,1,0,0,0
1,31,0,50,1.1,0,0,0
1,31,1,0,1.1,0,0,0
1,31,1,10,1.1,0,0,0
1,31,1,20,1.1,0,0,0
1,31,1,30,1.2000000000000002,0,0,0
1,31,1,40,1.2000000000000002,0,0,0
1,31,1,50,1.2000000000000002,0,0,0
1,31,2,0,1.2000000000000002,0,0,0
1,31,2,10,1.2000000000000002,0,0,0
1,31,2,20,1.2000000000000002,0,0,0
1,31,2,30,1.2000000000000002,0,0,0
1,31,2,40,1.2000000000000002,0,0,0
1,31,2,50,1.2000000000000002,0,0,0
1,31,3,0,1.2000000000000002,0,0,0
1,31,3,10,1.2000000000000002,0,0,0
1,31,3,20,1.2000000000000002,0,0,0
1,31,3,30,1.2000000000000002,0,0,0
1,31,3,40,1.1,0,0,0
1,31,3,50,1.1,0,0,0
1,31,4,0,1.1,0,0,0
1,31,4,10,1.1,0,0,0
1,31,4,20,1.1,0,0,0
1,31,4,30,1,0,0,0
1,31,4,40,1,0,0,0
1,31,4,50,1,0,0,0
1,31,5,0,1,0,0,0
1,31,5,10,1,0,0,0
1,31,5,20,0.9,0,0,0
1,31,5,30,0.9,0,0,0
1,31,5,40,0.9,0,0,0
1,31,5,50,0.8,0,0,0
1,31,6,0,0.8,0,0,0
1,31,6,10,1,0,0,0
1,31,6,20,1.2000000000000002,0,0,0
1,31,6,30,1.5,0,0,0
1,31,6,40,1.7000000000000002,0,0,0
1,31,6,50,1.9000000000000001,0,0,0
1,31,7,0,2.1,0,0,0
1,31,7,10,2.8000000000000003,0,0,0
1,31,7,20,3.5,329,11,19
1,31,7,30,4.2,450,16,40
1,31,7,40,4.9,541,21,66
1,31,7,50,5.6000000000000005,616,25,94
1,31,8,0,6.2,677,29,123
1,31,8,10,6.7,726,32,153
1,31,8,20,7.2,767,34,184
1,31,8,30,7.7,802,36,214
1,31,8,40,8.200000000000001,832,38,244
1,31,8,50,8.700000000000001,847,40,271
1,31,9,0,9.200000000000001,869,42,300
1,31,9,10,9.8,888,43,328
1,31,9,20,10.3,905,44,355
1,31,9,30,10.9,920,45,381
1,31,9,40,11.4,933,46,406
1,31,9,50,12,945,47,429
1,31,10,0,12.5,955,48,452
1,31,10,10,12.9,329,208,353
1,31,10,20,13.200000000000001,378,199,371
1,31,10,30,13.600000000000001,418,194,390
1,31,10,40,13.9,491,178,415
1,31,10,50,14.3,465,191,421
1,31,11,0,14.600000000000001,424,204,419
1,31,11,10,14.8,349,230,410
1,31,11,20,15,337,241,418
1,31,11,30,15.100000000000001,456,209,451
1,31,11,40,15.3,431,232,463
1,31,11,50,15.5,462,225,474
1,31,12,0,15.700000000000001,495,217,485
1,31,12,10,15.700000000000001,527,198,484
1,31,12,20,15.8,378,250,455
1,31,12,30,15.9,344,255,442
1,31,12,40,15.9,338,254,436
1,31,12,50,16,532,191,475
1,31,13,0,16.1,445,214,449
1,31,13,10,16,561,171,464
1,31,13,20,15.9,20,204,214
1,31,13,30,15.8,262,252,384
1,31,13,40,15.700000000000001,438,209,425
1,31,13,50,15.600000000000001,35,217,234
1,31,14,0,15.5,3,118,119
1,31,14,10,15,253,232,346
1,31,14,20,14.5,204,235,323
1,31,14,30,14.100000000000001,252,216,322
1,31,14,40,13.600000000000001,378,175,326
1,31,14,50,13.100000000000001,60,181,204
1,31,15,0,12.700000000000001,130,192,238
1,31,15,10,12.200000000000001,352,149,268
1,31,15,20,11.8,357,142,254
1,31,15,30,11.3,108,154,186
1,31,15,40,10.8,18,108,113
1,31,15,50,10.4,1,44,44
1,31,16,0,9.9,17,93,97
1,31,16,10,9.700000000000001,66,101,113
1,31,16,20,9.600000000000001,7,61,62
1,31,16,30,9.4,5,48,49
1,31,16,40,9.200000000000001,7,44,45
1,31,16,50,9,1,21,21
1,31,17,0,8.8,319,17,31
1,31,17,10,8.700000000000001,0,0,0
1,31,17,20,8.6,0,0,0
1,31,17,30,8.4,0,0,0
1,31,17,40,8.3,0,0,0
1,31,17,50,8.200000000000001,0,0,0
1,31,18,0,8.1,0,0,0
1,31,18,10,7.800000000000001,0,0,0
1,31,18,20,7.5,0,0,0
1,31,18,30,7.2,0,0,0
1,31,18,40,6.9,0,0,0
1,31,18,50,6.6000000000000005,0,0,0
1,31,19,0,6.300000000000001,0,0,0
1,31,19,10,6,0,0,0
1,31,19,20,5.7,0,0,0
1,31,19,30,5.4,0,0,0
1,31,19,40,5.2,0,0,0
1,31,19,50,4.9,0,0,0
1,31,20,0,4.6000000000000005,0,0,0
1,31,20,10,4.5,0,0,0
1,31,20,20,4.4,0,0,0
1,31,20,30,4.3,0,0,0
1,31,20,40,4.1000000000000005,0,0,0
1,31,20,50,4,0,0,0
1,31,21,0,3.9000000000000004,0,0,0
1,31,21,10,3.9000000000000004,0,0,0
1,31,21,20,3.8000000000000003,0,0,0
1,31,21,30,3.8000000000000003,0,0,0
1,31,21,40,3.8000000000000003,0,0,0
1,31,21,50,3.8000000000000003,0,0,0
1,31,22,0,3.7,0,0,0
1,31,22,10,3.7,0,0,0
1,31,22,20,3.7,0,0,0
1,31,22,30,3.7,0,0,0
1,31,22,40,3.7,0,0,0
1,31,22,50,3.7,0,0,0
1,31,23,0,3.7,0,0,0
1,31,23,10,3.7,0,0,0
1,31,23,20,3.7,0,0,0
1,31,23,30,3.6,0,0,0
1,31,23,40,3.6,0,0,0
1,31,23,50,3.6,0,0,0
2,1,0,0,3.6,0,0,0
2,1,0,10,3.6,0,0,0
2,1,0,20,3.6,0,0,0
2,1,0,30,3.6,0,0,0
2,1,0,40,3.6,0,0,0
2,1,0,50,3.5,0,0,0
2,1,1,0,3.5,0,0,0
2,1,1,10,3.5,0,0,0
2,1,1,20,3.5,0,0,0
2,1,1,30,3.5,0,0,0
2,1,1,40,3.5,0,0,0
2,1,1,50,3.5,0,0,0
2,1,2,0,3.5,0,0,0
2,1,2,10,3.5,0,0,0
2,1,2,20,3.4000000000000004,0,0,0
2,1,2,30,3.4000000000000004,0,0,0
2,1,2,40,3.4000000000000004,0,0,0
2,1,2,50,3.4000000000000004,0,0,0
2,1,3,0,3.4000000000000004,0,0,0
2,1,3,10,3.4000000000000004,0,0,0
2,1,3,20,3.4000000000000004,0,0,0
2,1,3,30,3.4000000000000004,0,0,0
2,1,3,40,3.3000000000000003,0,0,0
2,1,3,50,3.3000000000000003,0,0,0
2,1,4,0,3.3000000000000003,0,0,0
2,1,4,10,3.3000000000000003,0,0,0
2,1,4,20,3.3000000000000003,0,0,0
2,1,4,30,3.3000000000000003,0,0,0
2,1,4,40,3.3000000000000003,0,0,0
2,1,4,50,3.3000000000000003,0,0,0
2,1,5,0,3.3000000000000003,0,0,0
2,1,5,10,3.3000000000000003,0,0,0
2,1,5,20,3.3000000000000003,0,0,0
2,1,5,30,3.3000000000000003,0,0,0
2,1,5,40,3.2,0,0,0
2,1,5,50,3.2,0,0,0
2,1,6,0,3.2,0,0,0
2,1,6,10,3.3000000000000003,0,0,0
2,1,6,20,3.4000000000000004,0,0,0
2,1,6,30,3.5,0,0,0
2,1,6,40,3.6,0,0,0
2,1,6,50,3.7,0,0,0
2,1,7,0,3.8000000000000003,0,0,0
2,1,7,10,4.3,0,0,0
2,1,7,20,4.800000000000001,260,13,20
2,1,7,30,5.300000000000001,380,19,40
2,1,7,40,5.800000000000001,490,23,65
2,1,7,50,6.300000000000001,566,28,92
2,1,8,0,6.800000000000001,627,32,121
2,1,8,10,7.4,678,35,151
2,1,8,20,7.9,721,38,181
2,1,8,30,8.5,757,41,211
2,1,8,40,9.1,795,42,241
2,1,8,50,9.600000000000001,828,44,273
2,1,9,0,10.200000000000001,851,46,302
2,1,9,10,10.700000000000001,871,47,330
2,1,9,20,11.100000000000001,888,49,357
2,1,9,30,11.600000000000001,903,50,383
2,1,9,40,12,919,51,408
2,1,9,50,12.5,930,52,431
2,1,10,0,12.9,941,53,454
2,1,10,10,13.200000000000001,950,54,475
2,1,10,20,13.4,959,54,494
2,1,10,30,13.700000000000001,966,55,512
2,1,10,40,13.9,978,52,529
2,1,10,50,14.100000000000001,984,53,544
2,1,11,0,14.4,988,53,558
2,1,11,10,14.5,993,54,569
2,1,11,20,14.600000000000001,996,54,579
2,1,11,30,14.700000000000001,999,54,588
2,1,11,40,14.8,1001,54,595
2,1,11,50,15,1003,55,600
2,1,12,0,15.100000000000001,1004,55,603
2,1,12,10,15.100000000000001,1004,55,604
2,1,12,20,15.100000000000001,1004,55,604
2,1,12,30,15.200000000000001,1003,55,602
2,1,12,40,15.200000000000001,1002,55,599
2,1,12,50,15.200000000000001,1001,54,593
2,1,13,0,15.3,998,54,586
2,1,13,10,15.200000000000001,995,54,577
2,1,13,20,15.200000000000001,992,53,566
2,1,13,30,15.100000000000001,988,53,554
2,1,13,40,15.100000000000001,980,54,540
2,1,13,50,15.100000000000001,974,54,525
2,1,14,0,15,968,53,508
2,1,14,10,14.8,960,52,489
2,1,14,20,14.700000000000001,952,52,469
2,1,14,30,14.5,942,51,448
2,1,14,40,14.3,930,50,425
2,1,14,50,14.100000000000001,918,49,401
2,1,15,0,13.9,904,48,376
2,1,15,10,13.3,889,47,350
2,1,15,20,12.700000000000001,871,45,323
2,1,15,30,12.100000000000001,851,44,294
2,1,15,40,11.5,824,43,265
2,1,15,50,10.9,797,41,236
2,1,16,0,10.3,765,39,206
2,1,16,10,9.8,729,36,175
2,1,16,20,9.4,685,33,145
2,1,16,30,8.9,632,30,115
2,1,16,40,8.4,565,26,86
2,1,16,50,7.9,485,22,59
2,1,17,0,7.5,378,16,35
2,1,17,10,7.2,253,11,15
2,1,17,20,7,0,0,0
2,1,17,30,6.800000000000001,0,0,0
2,1,17,40,6.6000000000000005,0,0,0
2,1,17,50,6.300000000000001,0,0,0
2,1,18,0,6.1000000000000005,0,0,0
2,1,18,10,5.9,0,0,0
2,1,18,20,5.7,0,0,0
2,1,18,30,5.6000000000000005,0,0,0
2,1,18,40,5.4,0,0,0
2,1,18,50,5.2,0,0,0
2,1,19,0,5,0,0,0
2,1,19,10,4.9,0,0,0
2,1,19,20,4.7,0,0,0
2,1,19,30,4.5,0,0,0
2,1,19,40,4.4,0,0,0
2,1,19,50,4.2,0,0,0
2,1,20,0,4,0,0,0
2,1,20,10,3.8000000000000003,0,0,0
2,1,20,20,3.6,0,0,0
2,1,20,30,3.5,0,0,0
2,1,20,40,3.3000000000000003,0,0,0
2,1,20,50,3.1,0,0,0
2,1,21,0,2.9000000000000004,0,0,0
2,1,21,10,2.8000000000000003,0,0,0
2,1,21,20,2.7,0,0,0
2,1,21,30,2.5,0,0,0
2,1,21,40,2.4000000000000004,0,0,0
2,1,21,50,2.3000000000000003,0,0,0
2,1,22,0,2.2,0,0,0
2,1,22,10,2.1,0,0,0
2,1,22,20,2.1,0,0,0
2,1,22,30,2,0,0,0
2,1,22,40,2,0,0,0
2,1,22,50,1.9000000000000001,0,0,0
2,1,23,0,1.9000000000000001,0,0,0
2,1,23,10,1.9000000000000001,0,0,0
2,1,23,20,1.9000000000000001,0,0,0
2,1,23,30,2,0,0,0
2,1,23,40,2,0,0,0
2,1,23,50,2.1,0,0,0
2,2,0,0,2.1,0,0,0
2,2,0,10,2.2,0,0,0
2,2,0,20,2.3000000000000003,0,0,0
2,2,0,30,2.4000000000000004,0,0,0
2,2,0,40,2.5,0,0,0
2,2,0,50,2.5,0,0,0
2,2,1,0,2.6,0,0,0
2,2,1,10,2.7,0,0,0
2,2,1,20,2.7,0,0,0
2,2,1,30,2.8000000000000003,0,0,0
2,2,1,40,2.9000000000000004,0,0,0
2,2,1,50,2.9000000000000004,0,0,0
2,2,2,0,3,0,0,0
2,2,2,10,3,0,0,0
2,2,2,20,3.1,0,0,0
2,2,2,30,3.1,0,0,0
2,2,2,40,3.2,0,0,0
2,2,2,50,3.2,0,0,0
2,2,3,0,3.3000000000000003,0,0,0
2,2,3,10,3.3000000000000003,0,0,0
2,2,3,20,3.2,0,0,0
2,2,3,30,3.2,0,0,0
2,2,3,40,3.2,0,0,0
2,2,3,50,3.2,0,0,0
2,2,4,0,3.2,0,0,0
2,2,4,10,3.1,0,0,0
2,2,4,20,3,0,0,0
2,2,4,30,2.9000000000000004,0,0,0
2,2,4,40,2.9000000000000004,0,0,0
2,2,4,50,2.8000000000000003,0,0,0
2,2,5,0,2.7,0,0,0
2,2,5,10,2.6,0,0,0
2,2,5,20,2.6,0,0,0
2,2,5,30,2.6,0,0,0
2,2,5,40,2.5,0,0,0
2,2,5,50,2.5,0,0,0
2,2,6,0,2.4000000000000004,0,0,0
2,2,6,10,2.5,0,0,0
2,2,6,20,2.5,0,0,0
2,2,6,30,2.6,0,0,0
2,2,6,40,2.6,0,0,0
2,2,6,50,2.7,0,0,0
2,2,7,0,2.7,0,0,0
2,2,7,10,3,0,0,0
2,2,7,20,3.3000000000000003,0,6,6
2,2,7,30,3.5,0,17,17
2,2,7,40,3.8000000000000003,0,9,9
2,2,7,50,4.1000000000000005,0,12,12
2,2,8,0,4.4,5,56,57
2,2,8,10,4.4,7,71,72
2,2,8,20,4.5,11,89,91
2,2,8,30,4.6000000000000005,9,95,98
2,2,8,40,4.7,10,94,97
2,2,8,50,4.800000000000001,10,98,100
2,2,9,0,4.9,12,115,119
2,2,9,10,5,28,148,158
2,2,9,20,5.2,36,172,185
2,2,9,30,5.300000000000001,32,179,191
2,2,9,40,5.4,44,187,205
2,2,9,50,5.5,66,211,238
2,2,10,0,5.6000000000000005,83,225,261
2,2,10,10,5.7,100,236,281
2,2,10,20,5.9,56,222,248
2,2,10,30,6.1000000000000005,45,219,240
2,2,10,40,6.2,75,240,277
2,2,10,50,6.4,190,256,352
2,2,11,0,6.6000000000000005,281,245,389
2,2,11,10,6.800000000000001,262,256,393
2,2,11,20,7.1000000000000005,299,251,410
2,2,11,30,7.4,305,251,415
2,2,11,40,7.6000000000000005,438,211,449
2,2,11,50,7.9,487,197,464
2,2,12,0,8.1,273,267,418
2,2,12,10,8.3,214,282,400
2,2,12,20,8.5,482,200,466
2,2,12,30,8.700000000000001,411,268,494
2,2,12,40,8.9,957,63,587
2,2,12,50,9.1,959,63,583
2,2,13,0,9.200000000000001,956,63,576
2,2,13,10,9.200000000000001,949,62,565
2,2,13,20,9.200000000000001,505,183,447
2,2,13,30,9.1,525,172,441
2,2,13,40,9.1,577,162,450
2,2,13,50,9,920,64,513
2,2,14,0,9,913,63,496
2,2,14,10,8.700000000000001,905,62,478
2,2,14,20,8.5,896,61,458
2,2,14,30,8.200000000000001,231,236,334
2,2,14,40,8,347,175,316
2,2,14,50,7.7,290,181,293
2,2,15,0,7.5,219,184,265
2,2,15,10,7.1000000000000005,433,141,291
2,2,15,20,6.7,516,114,280
2,2,15,30,6.300000000000001,400,117,236
2,2,15,40,5.9,461,100,226
2,2,15,50,5.5,455,92,205
2,2,16,0,5.1000000000000005,317,102,173
2,2,16,10,4.800000000000001,409,45,125
2,2,16,20,4.5,53,76,85
2,2,16,30,4.2,12,62,63
2,2,16,40,3.9000000000000004,2,36,36
2,2,16,50,3.6,1,25,25
2,2,17,0,3.3000000000000003,0,12,12
2,2,17,10,3.1,1,10,10
2,2,17,20,3,0,0,0
2,2,17,30,2.8000000000000003,0,0,0
2,2,17,40,2.7,0,0,0
2,2,17,50,2.6,0,0,0
2,2,18,0,2.4000000000000004,0,0,0
2,2,18,10,2.3000000000000003,0,0,0
2,2,18,20,2.2,0,0,0
2,2,18,30,2.1,0,0,0
2,2,18,40,2,0,0,0
2,2,18,50,1.9000000000000001,0,0,0
2,2,19,0,1.7000000000000002,0,0,0
2,2,19,10,1.7000000000000002,0,0,0
2,2,19,20,1.6,0,0,0
2,2,19,30,1.5,0,0,0
2,2,19,40,1.4000000000000001,0,0,0
2,2,19,50,1.3,0,0,0
2,2,20,0,1.2000000000000002,0,0,0
2,2,20,10,1.2000000000000002,0,0,0
2,2,20,20,1.2000000000000002,0,0,0
2,2,20,30,1.2000000000000002,0,0,0
2,2,20,40,1.2000000000000002,0,0,0
2,2,20,50,1.1,0,0,0
2,2,21,0,1.1,0,0,0
2,2,21,10,1.2000000000000002,0,0,0
2,2,21,20,1.2000000000000002,0,0,0
2,2,21,30,1.3,0,0,0
2,2,21,40,1.3,0,0,0
2,2,21,50,1.4000000000000001,0,0,0
2,2,22,0,1.4000000000000001,0,0,0
2,2,22,10,1.4000000000000001,0,0,0
2,2,22,20,1.4000000000000001,0,0,0
2,2,22,30,1.4000000000000001,0,0,0
2,2,22,40,1.4000000000000001,0,0,0
2,2,22,50,1.5,0,0,0
2,2,23,0,1.5,0,0,0
2,2,23,10,1.5,0,0,0
2,2,23,20,1.5,0,0,0
2,2,23,30,1.5,0,0,0
2,2,23,40,1.5,0,0,0
2,2,23,50,1.5,0,0,0
2,3,0,0,1.5,0,0,0
2,3,0,10,1.5,0,0,0
2,3,0,20,1.5,0,0,0
2,3,0,30,1.4000000000000001,0,0,0
2,3,0,40,1.4000000000000001,0,0,0
2,3,0,50,1.3,0,0,0
2,3,1,0,1.3,0,0,0
2,3,1,10,1.2000000000000002,0,0,0
2,3,1,20,1.1,0,0,0
2,3,1,30,1,0,0,0
2,3,1,40,0.9,0,0,0
2,3,1,50,0.9,0,0,0
2,3,2,0,0.8,0,0,0
2,3,2,10,0.8,0,0,0
2,3,2,20,0.8,0,0,0
2,3,2,30,0.8,0,0,0
2,3,2,40,0.8,0,0,0
2,3,2,50,0.8,0,0,0
2,3,3,0,0.9,0,0,0
2,3,3,10,0.9,0,0,0
2,3,3,20,0.9,0,0,0
2,3,3,30,1,0,0,0
2,3,3,40,1,0,0,0
2,3,3,50,1,0,0,0
2,3,4,0,1.1,0,0,0
2,3,4,10,1.1,0,0,0
2,3,4,20,1.1,0,0,0
2,3,4,30,1,0,0,0
2,3,4,40,1,0,0,0
2,3,4,50,1,0,0,0
2,3,5,0,1,0,0,0
2,3,5,10,1,0,0,0
2,3,5,20,0.9,0,0,0
2,3,5,30,0.9,0,0,0
2,3,5,40,0.8,0,0,0
2,3,5,50,0.8,0,0,0
2,3,6,0,0.7000000000000001,0,0,0
2,3,6,10,0.8,0,0,0
2,3,6,20,0.8,0,0,0
2,3,6,30,0.8,0,0,0
2,3,6,40,0.8,0,0,0
2,3,6,50,0.8,0,0,0
2,3,7,0,0.8,0,0,0
2,3,7,10,0.9,0,0,0
2,3,7,20,1,0,8,8
2,3,7,30,1.1,0,14,14
2,3,7,40,1.2000000000000002,0,21,21
2,3,7,50,1.3,0,27,27
2,3,8,0,1.4000000000000001,0,22,22
2,3,8,10,1.4000000000000001,0,10,10
2,3,8,20,1.5,0,25,25
2,3,8,30,1.5,0,6,6
2,3,8,40,1.6,0,7,7
2,3,8,50,1.6,0,9,9
2,3,9,0,1.7000000000000002,0,38,38
2,3,9,10,1.7000000000000002,0,37,37
2,3,9,20,1.7000000000000002,0,42,42
2,3,9,30,1.8,0,28,28
2,3,9,40,1.8,0,14,14
2,3,9,50,1.9000000000000001,0,22,22
2,3,10,0,1.9000000000000001,0,14,14
2,3,10,10,1.9000000000000001,0,21,21
2,3,10,20,2,0,16,16
2,3,10,30,2,0,18,18
2,3,10,40,2.1,0,17,17
2,3,10,50,2.1,0,18,18
2,3,11,0,2.1,0,26,26
2,3,11,10,2.2,0,55,55
2,3,11,20,2.2,0,22,23
2,3,11,30,2.2,0,25,25
2,3,11,40,2.2,0,27,27
2,3,11,50,2.2,0,35,35
2,3,12,0,2.3000000000000003,0,48,48
2,3,12,10,2.3000000000000003,0,70,71
2,3,12,20,2.3000000000000003,0,35,35
2,3,12,30,2.3000000000000003,0,81,81
2,3,12,40,2.4000000000000004,0,55,55
2,3,12,50,2.4000000000000004,0,45,45
2,3,13,0,2.4000000000000004,0,49,49
2,3,13,10,2.4000000000000004,0,71,71
2,3,13,20,2.4000000000000004,0,38,38
2,3,13,30,2.4000000000000004,0,26,26
2,3,13,40,2.4000000000000004,0,50,50
2,3,13,50,2.4000000000000004,0,18,18
2,3,14,0,2.4000000000000004,1,138,139
2,3,14,10,2.3000000000000003,0,39,39
2,3,14,20,2.2,0,23,23
2,3,14,30,2.1,0,95,95
2,3,14,40,2.1,0,43,43
2,3,14,50,2,0,15,15
2,3,15,0,1.9000000000000001,0,30,30
2,3,15,10,1.7000000000000002,0,9,9
2,3,15,20,1.4000000000000001,0,19,19
2,3,15,30,1.2000000000000002,0,29,29
2,3,15,40,1,0,32,32
2,3,15,50,0.8,0,19,19
2,3,16,0,0.5,0,6,6
2,3,16,10,0.30000000000000004,0,13,13
2,3,16,20,0.2,0,20,20
2,3,16,30,0,8,67,68
2,3,16,40,-0.2,3,47,48
2,3,16,50,-0.4,4,40,40
2,3,17,0,-0.6,2,21,22
2,3,17,10,-0.7,0,10,10
2,3,17,20,-0.8,0,0,0
2,3,17,30,-0.9,0,0,0
2,3,17,40,-0.9,0,0,0
2,3,17,50,-1,0,0,0
2,3,18,0,-1.1,0,0,0
2,3,18,10,-1.2,0,0,0
2,3,18,20,-1.2,0,0,0
2,3,18,30,-1.3,0,0,0
2,3,18,40,-1.4,0,0,0
2,3,18,50,-1.4,0,0,0
2,3,19,0,-1.5,0,0,0
2,3,19,10,-1.6,0,0,0
2,3,19,20,-1.6,0,0,0
2,3,19,30,-1.6,0,0,0
2,3,19,40,-1.7,0,0,0
2,3,19,50,-1.7,0,0,0
2,3,20,0,-1.8,0,0,0
2,3,20,10,-1.8,0,0,0
2,3,20,20,-1.8,0,0,0
2,3,20,30,-1.8,0,0,0
2,3,20,40,-1.8,0,0,0
2,3,20,50,-1.8,0,0,0
2,3,21,0,-1.9,0,0,0
2,3,21,10,-1.9,0,0,0
2,3,21,20,-2,0,0,0
2,3,21,30,-2,0,0,0
2,3,21,40,-2.1,0,0,0
2,3,21,50,-2.1,0,0,0
2,3,22,0,-2.2,0,0,0
2,3,22,10,-2.3,0,0,0
2,3,22,20,-2.4,0,0,0
2,3,22,30,-2.5,0,0,0
2,3,22,40,-2.6,0,0,0
2,3,22,50,-2.7,0,0,0
2,3,23,0,-2.8,0,0,0
2,3,23,10,-2.8,0,0,0
2,3,23,20,-2.9,0,0,0
2,3,23,30,-3,0,0,0
2,3,23,40,-3.1,0,0,0
2,3,23,50,-3.2,0,0,0
2,4,0,0,-3.3,0,0,0
2,4,0,10,-3.4,0,0,0
2,4,0,20,-3.5,0,0,0
2,4,0,30,-3.6,0,0,0
2,4,0,40,-3.7,0,0,0
2,4,0,50,-3.8,0,0,0
2,4,1,0,-4,0,0,0
2,4,1,10,-4.1,0,0,0
2,4,1,20,-4.2,0,0,0
2,4,1,30,-4.4,0,0,0
2,4,1,40,-4.5,0,0,0
2,4,1,50,-4.6,0,0,0
2,4,2,0,-4.8,0,0,0
2,4,2,10,-4.9,0,0,0
2,4,2,20,-5.1,0,0,0
2,4,2,30,-5.2,0,0,0
2,4,2,40,-5.4,0,0,0
2,4,2,50,-5.5,0,0,0
2,4,3,0,-5.7,0,0,0
2,4,3,10,-5.8,0,0,0
2,4,3,20,-5.9,0,0,0
2,4,3,30,-6,0,0,0
2,4,3,40,-6.1,0,0,0
2,4,3,50,-6.2,0,0,0
2,4,4,0,-6.3,0,0,0
2,4,4,10,-6.3,0,0,0
2,4,4,20,-6.4,0,0,0
2,4,4,30,-6.4,0,0,0
2,4,4,40,-6.4,0,0,0
2,4,4,50,-6.5,0,0,0
2,4,5,0,-6.5,0,0,0
2,4,5,10,-6.5,0,0,0
2,4,5,20,-6.6,0,0,0
2,4,5,30,-6.6,0,0,0
2,4,5,40,-6.6,0,0,0
2,4,5,50,-6.6,0,0,0
2,4,6,0,-6.6,0,0,0
2,4,6,10,-6.4,0,0,0
2,4,6,20,-6.3,0,0,0
2,4,6,30,-6.1,0,0,0
2,4,6,40,-5.9,0,0,0
2,4,6,50,-5.7,0,0,0
2,4,7,0,-5.5,0,0,0
2,4,7,10,-4.9,0,0,0
2,4,7,20,-4.3,361,14,27
2,4,7,30,-3.7,470,19,50
2,4,7,40,-3,564,24,77
2,4,7,50,-2.4,632,28,106
2,4,8,0,-1.8,0,41,41
2,4,8,10,-1.2,0,69,69
2,4,8,20,-0.7,1,87,87
2,4,8,30,-0.1,3,124,124
2,4,8,40,0.4,1,121,121
2,4,8,50,1,2,144,145
2,4,9,0,1.5,3,162,163
2,4,9,10,1.8,11,205,209
2,4,9,20,2.1,15,228,233
2,4,9,30,2.4000000000000004,25,257,266
2,4,9,40,2.7,22,265,274
2,4,9,50,3,27,286,297
2,4,10,0,3.3000000000000003,33,306,320
2,4,10,10,3.5,972,58,500
2,4,10,20,3.6,979,59,520
2,4,10,30,3.8000000000000003,986,60,539
2,4,10,40,4,992,61,556
2,4,10,50,4.1000000000000005,997,62,572
2,4,11,0,4.3,1002,63,586
2,4,11,10,4.4,1006,63,598
2,4,11,20,4.5,1009,64,609
2,4,11,30,4.6000000000000005,1012,64,617
2,4,11,40,4.7,1014,65,625
2,4,11,50,4.800000000000001,1016,65,630
2,4,12,0,4.9,1017,65,633
2,4,12,10,5,1017,65,635
2,4,12,20,5,1017,65,635
2,4,12,30,5.1000000000000005,1017,65,633
2,4,12,40,5.1000000000000005,1016,65,629
2,4,12,50,5.2,1014,65,623
2,4,13,0,5.2,1012,64,616
2,4,13,10,5.2,1009,64,607
2,4,13,20,5.300000000000001,1006,63,596
2,4,13,30,5.300000000000001,1002,63,584
2,4,13,40,5.300000000000001,993,65,571
2,4,13,50,5.300000000000001,988,64,554
2,4,14,0,5.4,982,63,537
2,4,14,10,5.300000000000001,975,62,518
2,4,14,20,5.2,967,61,497
2,4,14,30,5.1000000000000005,958,60,475
2,4,14,40,5,948,58,452
2,4,14,50,4.9,936,57,427
2,4,15,0,4.800000000000001,923,55,401
2,4,15,10,4.3,909,53,374
2,4,15,20,3.9000000000000004,892,51,346
2,4,15,30,3.4000000000000004,873,49,317
2,4,15,40,2.9000000000000004,854,46,287
2,4,15,50,2.5,829,44,257
2,4,16,0,2,800,41,225
2,4,16,10,1.5,766,38,194
2,4,16,20,0.9,726,35,163
2,4,16,30,0.4,678,32,131
2,4,16,40,-0.2,620,28,101
2,4,16,50,-0.8,548,23,72
2,4,17,0,-1.3,458,18,45
2,4,17,10,-1.6,344,13,23
2,4,17,20,-1.8,0,0,0
2,4,17,30,-2.1,0,0,0
2,4,17,40,-2.4,0,0,0
2,4,17,50,-2.6,0,0,0
2,4,18,0,-2.9,0,0,0
2,4,18,10,-3.1,0,0,0
2,4,18,20,-3.2,0,0,0
2,4,18,30,-3.4,0,0,0
2,4,18,40,-3.5,0,0,0
2,4,18,50,-3.7,0,0,0
2,4,19,0,-3.8,0,0,0
2,4,19,10,-3.9,0,0,0
2,4,19,20,-4,0,0,0
2,4,19,30,-4.1,0,0,0
2,4,19,40,-4.2,0,0,0
2,4,19,50,-4.3,0,0,0
2,4,20,0,-4.4,0,0,0
2,4,20,10,-4.5,0,0,0
2,4,20,20,-4.5,0,0,0
2,4,20,30,-4.5,0,0,0
2,4,20,40,-4.6,0,0,0
2,4,20,50,-4.6,0,0,0
2,4,21,0,-4.7,0,0,0
2,4,21,10,-4.7,0,0,0
2,4,21,20,-4.7,0,0,0
2,4,21,30,-4.7,0,0,0
2,4,21,40,-4.8,0,0,0
2,4,21,50,-4.8,0,0,0
2,4,22,0,-4.8,0,0,0
2,4,22,10,-4.8,0,0,0
2,4,22,20,-4.8,0,0,0
2,4,22,30,-4.8,0,0,0
2,4,22,40,-4.9,0,0,0
2,4,22,50,-4.9,0,0,0
2,4,23,0,-4.9,0,0,0
2,4,23,10,-4.9,0,0,0
2,4,23,20,-4.9,0,0,0
2,4,23,30,-4.8,0,0,0
2,4,23,40,-4.8,0,0,0
2,4,23,50,-4.8,0,0,0
2,5,0,0,-4.8,0,0,0
2,5,0,10,-4.7,0,0,0
2,5,0,20,-4.7,0,0,0
2,5,0,30,-4.6,0,0,0
2,5,0,40,-4.6,0,0,0
2,5,0,50,-4.5,0,0,0
2,5,1,0,-4.5,0,0,0
2,5,1,10,-4.4,0,0,0
2,5,1,20,-4.4,0,0,0
2,5,1,30,-4.4,0,0,0
2,5,1,40,-4.3,0,0,0
2,5,1,50,-4.3,0,0,0
2,5,2,0,-4.3,0,0,0
2,5,2,10,-4.2,0,0,0
2,5,2,20,-4.2,0,0,0
2,5,2,30,-4.1,0,0,0
2,5,2,40,-4.1,0,0,0
2,5,2,50,-4,0,0,0
2,5,3,0,-4,0,0,0
2,5,3,10,-3.9,0,0,0
2,5,3,20,-3.9,0,0,0
2,5,3,30,-3.8,0,0,0
2,5,3,40,-3.7,0,0,0
2,5,3,50,-3.7,0,0,0
2,5,4,0,-3.6,0,0,0
2,5,4,10,-3.6,0,0,0
2,5,4,20,-3.6,0,0,0
2,5,4,30,-3.6,0,0,0
2,5,4,40,-3.6,0,0,0
2,5,4,50,-3.5,0,0,0
2,5,5,0,-3.5,0,0,0
2,5,5,10,-3.5,0,0,0
2,5,5,20,-3.4,0,0,0
2,5,5,30,-3.3,0,0,0
2,5,5,40,-3.3,0,0,0
2,5,5,50,-3.2,0,0,0
2,5,6,0,-3.1,0,0,0
2,5,6,10,-2.9,0,0,0
2,5,6,20,-2.6,0,0,0
2,5,6,30,-2.3,0,0,0
2,5,6,40,-2,0,0,0
2,5,6,50,-1.8,0,0,0
2,5,7,0,-1.5,0,0,0
2,5,7,10,-0.9,0,0,0
2,5,7,20,-0.4,390,13,28
2,5,7,30,0.2,493,18,52
2,5,7,40,0.8,575,22,78
2,5,7,50,1.4000000000000001,641,26,107
2,5,8,0,1.9000000000000001,695,29,137
2,5,8,10,2.4000000000000004,740,32,168
2,5,8,20,2.8000000000000003,777,35,199
2,5,8,30,3.3000000000000003,809,37,230
2,5,8,40,3.7,834,40,261
2,5,8,50,4.2,857,42,291
2,5,9,0,4.6000000000000005,878,44,321
2,5,9,10,5,896,46,349
2,5,9,20,5.5,911,47,377
2,5,9,30,5.9,925,49,403
2,5,9,40,6.4,938,50,429
2,5,9,50,6.800000000000001,948,52,453
2,5,10,0,7.300000000000001,958,53,476
2,5,10,10,7.6000000000000005,967,54,498
2,5,10,20,8,974,55,518
2,5,10,30,8.4,981,56,537
2,5,10,40,8.700000000000001,976,65,556
2,5,10,50,9.1,982,66,572
2,5,11,0,9.4,986,67,586
2,5,11,10,9.700000000000001,990,67,598
2,5,11,20,10,994,68,609
2,5,11,30,10.3,996,68,618
2,5,11,40,10.5,997,70,625
2,5,11,50,10.8,999,70,630
2,5,12,0,11.100000000000001,1000,70,633
2,5,12,10,11.200000000000001,1000,70,635
2,5,12,20,11.3,1000,70,635
2,5,12,30,11.5,1000,70,633
2,5,12,40,11.600000000000001,997,71,629
2,5,12,50,11.700000000000001,996,70,624
2,5,13,0,11.8,994,70,616
2,5,13,10,11.8,991,70,607
2,5,13,20,11.700000000000001,987,69,597
2,5,13,30,11.700000000000001,983,68,584
2,5,13,40,11.700000000000001,976,69,570
2,5,13,50,11.600000000000001,970,68,554
2,5,14,0,11.600000000000001,964,67,537
2,5,14,10,11.200000000000001,957,66,518
2,5,14,20,10.9,949,65,497
2,5,14,30,10.600000000000001,939,63,475
2,5,14,40,10.200000000000001,924,64,452
2,5,14,50,9.9,912,62,427
2,5,15,0,9.600000000000001,899,60,401
2,5,15,10,9,884,58,374
2,5,15,20,8.3,867,56,346
2,5,15,30,7.7,847,54,317
2,5,15,40,7.1000000000000005,821,52,287
2,5,15,50,6.5,795,50,257
2,5,16,0,5.9,539,93,219
2,5,16,10,5.5,361,97,172
2,5,16,20,5.1000000000000005,688,40,163
2,5,16,30,4.7,7,68,69
2,5,16,40,4.2,0,21,21
2,5,16,50,3.8000000000000003,1,37,37
2,5,17,0,3.4000000000000004,409,21,47
2,5,17,10,3.2,293,14,24
2,5,17,20,2.9000000000000004,0,0,0
2,5,17,30,2.7,0,0,0
2,5,17,40,2.4000000000000004,0,0,0
2,5,17,50,2.2,0,0,0
2,5,18,0,2,0,0,0
2,5,18,10,1.9000000000000001,0,0,0
2,5,18,20,1.8,0,0,0
2,5,18,30,1.7000000000000002,0,0,0
2,5,18,40,1.6,0,0,0
2,5,18,50,1.5,0,0,0
2,5,19,0,1.4000000000000001,0,0,0
2,5,19,10,1.3,0,0,0
2,5,19,20,1.3,0,0,0
2,5,19,30,1.3,0,0,0
2,5,19,40,1.2000000000000002,0,0,0
2,5,19,50,1.2000000000000002,0,0,0
2,5,20,0,1.2000000000000002,0,0,0
2,5,20,10,1.1,0,0,0
2,5,20,20,1.1,0,0,0
2,5,20,30,1.1,0,0,0
2,5,20,40,1,0,0,0
2,5,20,50,1,0,0,0
2,5,21,0,1,0,0,0
2,5,21,10,0.9,0,0,0
2,5,21,20,0.8,0,0,0
2,5,21,30,0.7000000000000001,0,0,0
2,5,21,40,0.6000000000000001,0,0,0
2,5,21,50,0.5,0,0,0
2,5,22,0,0.5,0,0,0
2,5,22,10,0.4,0,0,0
2,5,22,20,0.30000000000000004,0,0,0
2,5,22,30,0.30000000000000004,0,0,0
2,5,22,40,0.2,0,0,0
2,5,22,50,0.1,0,0,0
2,5,23,0,0.1,0,0,0
2,5,23,10,0.1,0,0,0
2,5,23,20,0.1,0,0,0
2,5,23,30,0.1,0,0,0
2,5,23,40,0.1,0,0,0
2,5,23,50,0.2,0,0,0
2,6,0,0,0.2,0,0,0
2,6,0,10,0.2,0,0,0
2,6,0,20,0.30000000000000004,0,0,0
2,6,0,30,0.4,0,0,0
2,6,0,40,0.4,0,0,0
2,6,0,50,0.5,0,0,0
2,6,1,0,0.5,0,0,0
2,6,1,10,0.6000000000000001,0,0,0
2,6,1,20,0.6000000000000001,0,0,0
2,6,1,30,0.7000000000000001,0,0,0
2,6,1,40,0.7000000000000001,0,0,0
2,6,1,50,0.7000000000000001,0,0,0
2,6,2,0,0.8,0,0,0
2,6,2,10,0.9,0,0,0
2,6,2,20,0.9,0,0,0
2,6,2,30,1,0,0,0
2,6,2,40,1.1,0,0,0
2,6,2,50,1.1,0,0,0
2,6,3,0,1.2000000000000002,0,0,0
2,6,3,10,1.3,0,0,0
2,6,3,20,1.3,0,0,0
2,6,3,30,1.4000000000000001,0,0,0
2,6,3,40,1.4000000000000001,0,0,0
2,6,3,50,1.5,0,0,0
2,6,4,0,1.5,0,0,0
2,6,4,10,1.6,0,0,0
2,6,4,20,1.6,0,0,0
2,6,4,30,1.6,0,0,0
2,6,4,40,1.6,0,0,0
2,6,4,50,1.6,0,0,0
2,6,5,0,1.6,0,0,0
2,6,5,10,1.6,0,0,0
2,6,5,20,1.7000000000000002,0,0,0
2,6,5,30,1.7000000000000002,0,0,0
2,6,5,40,1.7000000000000002,0,0,0
2,6,5,50,1.8,0,0,0
2,6,6,0,1.8,0,0,0
2,6,6,10,2.1,0,0,0
2,6,6,20,2.3000000000000003,0,0,0
2,6,6,30,2.6,0,0,0
2,6,6,40,2.8000000000000003,0,0,0
2,6,6,50,3,0,0,0
2,6,7,0,3.3000000000000003,0,0,0
2,6,7,10,3.7,0,0,0
2,6,7,20,4.1000000000000005,386,16,32
2,6,7,30,4.6000000000000005,1,27,27
2,6,7,40,5,567,27,84
2,6,7,50,5.4,3,56,57
2,6,8,0,5.9,2,57,58
2,6,8,10,6.1000000000000005,14,95,97
2,6,8,20,6.4,38,130,138
2,6,8,30,6.7,108,153,179
2,6,8,40,7,201,160,214
2,6,8,50,7.2,168,179,229
2,6,9,0,7.5,11,125,129
2,6,9,10,7.7,2,107,107
2,6,9,20,7.9,41,222,237
2,6,9,30,8.1,2,121,122
2,6,9,40,8.3,4,151,153
2,6,9,50,8.5,41,246,264
2,6,10,0,8.700000000000001,13,209,215
2,6,10,10,8.9,18,223,231
2,6,10,20,9,70,292,326
2,6,10,30,9.200000000000001,89,306,350
2,6,10,40,9.4,179,320,411
2,6,10,50,9.600000000000001,141,327,400
2,6,11,0,9.8,75,318,358
2,6,11,10,9.8,4,206,209
2,6,11,20,9.9,9,240,245
2,6,11,30,10,6,224,227
2,6,11,40,10.100000000000001,20,276,287
2,6,11,50,10.100000000000001,9,243,248
2,6,12,0,10.200000000000001,39,311,334
2,6,12,10,10.200000000000001,67,346,384
2,6,12,20,10.200000000000001,101,343,401
2,6,12,30,10.100000000000001,453,268,526
2,6,12,40,10.100000000000001,703,180,577
2,6,12,50,10.100000000000001,556,223,535
2,6,13,0,10,325,310,490
2,6,13,10,9.9,522,237,522
2,6,13,20,9.9,362,289,484
2,6,13,30,9.8,355,282,469
2,6,13,40,9.700000000000001,663,175,519
2,6,13,50,9.600000000000001,817,134,547
2,6,14,0,9.5,711,158,507
2,6,14,10,9.3,944,65,515
2,6,14,20,9.1,581,166,434
2,6,14,30,8.9,650,178,466
2,6,14,40,8.700000000000001,400,210,380
2,6,14,50,8.5,172,249,318
2,6,15,0,8.3,146,235,291
2,6,15,10,8,207,217,292
2,6,15,20,7.7,417,164,305
2,6,15,30,7.4,78,186,211
2,6,15,40,7.1000000000000005,348,143,244
2,6,15,50,6.800000000000001,14,114,117
2,6,16,0,6.5,164,139,179
2,6,16,10,6.2,79,126,143
2,6,16,20,6,9,81,83
2,6,16,30,5.7,0,41,41
2,6,16,40,5.4,0,18,18
2,6,16,50,5.2,0,20,20
2,6,17,0,4.9,37,39,41
2,6,17,10,4.800000000000001,10,20,21
2,6,17,20,4.7,0,0,0
2,6,17,30,4.6000000000000005,0,0,0
2,6,17,40,4.5,0,0,0
2,6,17,50,4.4,0,0,0
2,6,18,0,4.3,0,0,0
2,6,18,10,4.2,0,0,0
2,6,18,20,4.1000000000000005,0,0,0
2,6,18,30,4,0,0,0
2,6,18,40,3.9000000000000004,0,0,0
2,6,18,50,3.8000000000000003,0,0,0
2,6,19,0,3.7,0,0,0
2,6,19,10,3.6,0,0,0
2,6,19,20,3.4000000000000004,0,0,0
2,6,19,30,3.3000000000000003,0,0,0
2,6,19,40,3.2,0,0,0
2,6,19,50,3,0,0,0
2,6,20,0,2.9000000000000004,0,0,0
2,6,20,10,2.8000000000000003,0,0,0
2,6,20,20,2.7,0,0,0
2,6,20,30,2.5,0,0,0
2,6,20,40,2.4000000000000004,0,0,0
2,6,20,50,2.3000000000000003,0,0,0
2,6,21,0,2.1,0,0,0
2,6,21,10,2,0,0,0
2,6,21,20,2,0,0,0
2,6,21,30,1.9000000000000001,0,0,0
2,6,21,40,1.8,0,0,0
2,6,21,50,1.8,0,0,0
2,6,22,0,1.7000000000000002,0,0,0
2,6,22,10,1.7000000000000002,0,0,0
2,6,22,20,1.6,0,0,0
2,6,22,30,1.6,0,0,0
2,6,22,40,1.6,0,0,0
2,6,22,50,1.6,0,0,0
2,6,23,0,1.6,0,0,0
2,6,23,10,1.5,0,0,0
2,6,23,20,1.4000000000000001,0,0,0
2,6,23,30,1.4000000000000001,0,0,0
2,6,23,40,1.3,0,0,0
2,6,23,50,1.2000000000000002,0,0,0
2,7,0,0,1.2000000000000002,0,0,0
2,7,0,10,1.1,0,0,0
2,7,0,20,1,0,0,0
2,7,0,30,0.9,0,0,0
2,7,0,40,0.9,0,0,0
2,7,0,50,0.8,0,0,0
2,7,1,0,0.7000000000000001,0,0,0
2,7,1,10,0.7000000000000001,0,0,0
2,7,1,20,0.6000000000000001,0,0,0
2,7,1,30,0.6000000000000001,0,0,0
2,7,1,40,0.5,0,0,0
2,7,1,50,0.5,0,0,0
2,7,2,0,0.5,0,0,0
2,7,2,10,0.5,0,0,0
2,7,2,20,0.5,0,0,0
2,7,2,30,0.5,0,0,0
2,7,2,40,0.5,0,0,0
2,7,2,50,0.5,0,0,0
2,7,3,0,0.5,0,0,0
2,7,3,10,0.6000000000000001,0,0,0
2,7,3,20,0.7000000000000001,0,0,0
2,7,3,30,0.7000000000000001,0,0,0
2,7,3,40,0.8,0,0,0
2,7,3,50,0.9,0,0,0
2,7,4,0,1,0,0,0
2,7,4,10,1,0,0,0
2,7,4,20,1.1,0,0,0
2,7,4,30,1.1,0,0,0
2,7,4,40,1.2000000000000002,0,0,0
2,7,4,50,1.2000000000000002,0,0,0
2,7,5,0,1.3,0,0,0
2,7,5,10,1.3,0,0,0
2,7,5,20,1.3,0,0,0
2,7,5,30,1.3,0,0,0
2,7,5,40,1.3,0,0,0
2,7,5,50,1.3,0,0,0
2,7,6,0,1.3,0,0,0
2,7,6,10,1.6,0,0,0
2,7,6,20,1.9000000000000001,0,0,0
2,7,6,30,2.3000000000000003,0,0,0
2,7,6,40,2.6,0,0,0
2,7,6,50,2.9000000000000004,0,0,0
2,7,7,0,3.2,0,0,0
2,7,7,10,3.8000000000000003,0,0,0
2,7,7,20,4.3,418,14,33
2,7,7,30,4.9,525,18,58
2,7,7,40,5.4,600,23,85
2,7,7,50,6,663,26,115
2,7,8,0,6.5,715,29,146
2,7,8,10,7,758,32,177
2,7,8,20,7.4,794,35,209
2,7,8,30,7.9,825,37,240
2,7,8,40,8.3,285,137,215
2,7,8,50,8.8,48,165,179
2,7,9,0,9.200000000000001,148,189,237
2,7,9,10,9.5,158,212,267
2,7,9,20,9.8,1,110,111
2,7,9,30,10.100000000000001,1,98,98
2,7,9,40,10.4,0,63,63
2,7,9,50,10.700000000000001,2,142,143
2,7,10,0,11,0,93,93
2,7,10,10,11,3,160,161
2,7,10,20,11.100000000000001,119,311,369
2,7,10,30,11.100000000000001,57,300,328
2,7,10,40,11.100000000000001,4,194,195
2,7,10,50,11.200000000000001,2,176,177
2,7,11,0,11.200000000000001,3,198,200
2,7,11,10,11.200000000000001,4,210,212
2,7,11,20,11.200000000000001,1,128,129
2,7,11,30,11.200000000000001,1,159,159
2,7,11,40,11.200000000000001,9,263,269
2,7,11,50,11.200000000000001,1,133,133
2,7,12,0,11.200000000000001,3,185,187
2,7,12,10,11.100000000000001,592,221,561
2,7,12,20,11.100000000000001,1028,60,649
2,7,12,30,11,1027,60,647
2,7,12,40,10.9,1025,61,644
2,7,12,50,10.9,1023,61,639
2,7,13,0,10.8,553,234,543
2,7,13,10,10.700000000000001,0,123,123
2,7,13,20,10.5,1,126,127
2,7,13,30,10.4,1,128,129
2,7,13,40,10.200000000000001,1,150,150
2,7,13,50,10.100000000000001,4,191,193
2,7,14,0,9.9,3,171,172
2,7,14,10,9.700000000000001,3,164,166
2,7,14,20,9.4,241,283,395
2,7,14,30,9.200000000000001,25,244,255
2,7,14,40,8.9,4,155,156
2,7,14,50,8.6,593,160,403
2,7,15,0,8.4,592,157,386
2,7,15,10,7.9,1,91,92
2,7,15,20,7.4,26,176,185
2,7,15,30,6.9,0,50,50
2,7,15,40,6.4,7,122,125
2,7,15,50,5.9,0,60,60
2,7,16,0,5.4,0,45,46
2,7,16,10,5,0,37,37
2,7,16,20,4.5,0,31,31
2,7,16,30,4,3,58,58
2,7,16,40,3.5,4,55,56
2,7,16,50,3.1,70,58,65
2,7,17,0,2.6,3,29,29
2,7,17,10,2.5,0,10,10
2,7,17,20,2.3000000000000003,0,0,0
2,7,17,30,2.2,0,0,0
2,7,17,40,2.1,0,0,0
2,7,17,50,1.9000000000000001,0,0,0
2,7,18,0,1.8,0,0,0
2,7,18,10,1.7000000000000002,0,0,0
2,7,18,20,1.6,0,0,0
2,7,18,30,1.5,0,0,0
2,7,18,40,1.3,0,0,0
2,7,18,50,1.2000000000000002,0,0,0
2,7,19,0,1.1,0,0,0
2,7,19,10,1,0,0,0
2,7,19,20,0.9,0,0,0
2,7,19,30,0.9,0,0,0
2,7,19,40,0.8,0,0,0
2,7,19,50,0.7000000000000001,0,0,0
2,7,20,0,0.6000000000000001,0,0,0
2,7,20,10,0.5,0,0,0
2,7,20,20,0.4,0,0,0
2,7,20,30,0.4,0,0,0
2,7,20,40,0.30000000000000004,0,0,0
2,7,20,50,0.2,0,0,0
2,7,21,0,0.1,0,0,0
2,7,21,10,0,0,0,0
2,7,21,20,-0.1,0,0,0
2,7,21,30,-0.2,0,0,0
2,7,21,40,-0.3,0,0,0
2,7,21,50,-0.4,0,0,0
2,7,22,0,-0.5,0,0,0
2,7,22,10,-0.7,0,0,0
2,7,22,20,-0.8,0,0,0
2,7,22,30,-0.9,0,0,0
2,7,22,40,-1,0,0,0
2,7,22,50,-1.1,0,0,0
2,7,23,0,-1.2,0,0,0
2,7,23,10,-1.3,0,0,0
2,7,23,20,-1.4,0,0,0
2,7,23,30,-1.5,0,0,0
2,7,23,40,-1.6,0,0,0
2,7,23,50,-1.6,0,0,0
2,8,0,0,-1.7,0,0,0
2,8,0,10,-1.7,0,0,0
2,8,0,20,-1.7,0,0,0
2,8,0,30,-1.7,0,0,0
2,8,0,40,-1.7,0,0,0
2,8,0,50,-1.7,0,0,0
2,8,1,0,-1.7,0,0,0
2,8,1,10,-1.7,0,0,0
2,8,1,20,-1.6,0,0,0
2,8,1,30,-1.6,0,0,0
2,8,1,40,-1.5,0,0,0
2,8,1,50,-1.5,0,0,0
2,8,2,0,-1.4,0,0,0
2,8,2,10,-1.4,0,0,0
2,8,2,20,-1.3,0,0,0
2,8,2,30,-1.2,0,0,0
2,8,2,40,-1.1,0,0,0
2,8,2,50,-1,0,0,0
2,8,3,0,-0.9,0,0,0
2,8,3,10,-0.7,0,0,0
2,8,3,20,-0.6,0,0,0
2,8,3,30,-0.4,0,0,0
2,8,3,40,-0.3,0,0,0
2,8,3,50,-0.1,0,0,0
2,8,4,0,0,0,0,0
2,8,4,10,0.1,0,0,0
2,8,4,20,0.1,0,0,0
2,8,4,30,0.2,0,0,0
2,8,4,40,0.2,0,0,0
2,8,4,50,0.2,0,0,0
2,8,5,0,0.30000000000000004,0,0,0
2,8,5,10,0.30000000000000004,0,0,0
2,8,5,20,0.30000000000000004,0,0,0
2,8,5,30,0.30000000000000004,0,0,0
2,8,5,40,0.30000000000000004,0,0,0
2,8,5,50,0.30000000000000004,0,0,0
2,8,6,0,0.30000000000000004,0,0,0
2,8,6,10,0.30000000000000004,0,0,0
2,8,6,20,0.4,0,0,0
2,8,6,30,0.4,0,0,0
2,8,6,40,0.4,0,0,0
2,8,6,50,0.5,0,0,0
2,8,7,0,0.5,0,0,0
2,8,7,10,0.8,246,11,15
2,8,7,20,1.1,376,16,35
2,8,7,30,1.3,2,29,29
2,8,7,40,1.6,5,46,46
2,8,7,50,1.9000000000000001,0,23,23
2,8,8,0,2.2,0,20,20
2,8,8,10,2.5,1,38,38
2,8,8,20,2.8000000000000003,1,42,42
2,8,8,30,3,4,74,75
2,8,8,40,3.3000000000000003,6,85,87
2,8,8,50,3.6,27,134,142
2,8,9,0,3.9000000000000004,2,78,78
2,8,9,10,4.2,1,74,74
2,8,9,20,4.4,4,111,113
2,8,9,30,4.6000000000000005,142,205,261
2,8,9,40,4.9,178,216,290
2,8,9,50,5.1000000000000005,190,225,308
2,8,10,0,5.300000000000001,326,216,364
2,8,10,10,5.6000000000000005,975,51,511
2,8,10,20,5.800000000000001,983,52,531
2,8,10,30,6,989,52,549
2,8,10,40,6.2,995,53,566
2,8,10,50,6.4,1000,53,582
2,8,11,0,6.6000000000000005,1005,54,596
2,8,11,10,6.800000000000001,1008,54,608
2,8,11,20,7,1012,55,618
2,8,11,30,7.1000000000000005,1014,55,627
2,8,11,40,7.300000000000001,1016,55,634
2,8,11,50,7.4,1018,55,639
2,8,12,0,7.6000000000000005,1019,55,642
2,8,12,10,7.7,1019,55,644
2,8,12,20,7.800000000000001,1019,55,644
2,8,12,30,7.9,1019,55,642
2,8,12,40,8,1016,56,639
2,8,12,50,8,1015,56,633
2,8,13,0,8.1,1013,55,626
2,8,13,10,8.1,1010,55,617
2,8,13,20,8.1,1007,55,607
2,8,13,30,8.1,1003,55,594
2,8,13,40,8,996,56,580
2,8,13,50,8,990,55,565
2,8,14,0,8,984,55,547
2,8,14,10,7.800000000000001,650,151,466
2,8,14,20,7.7,593,151,429
2,8,14,30,7.5,298,210,344
2,8,14,40,7.300000000000001,494,166,380
2,8,14,50,7.1000000000000005,624,123,381
2,8,15,0,7,919,53,413
2,8,15,10,6.5,905,51,387
2,8,15,20,6,889,50,359
2,8,15,30,5.5,870,48,330
2,8,15,40,5,832,48,297
2,8,15,50,4.5,808,46,266
2,8,16,0,4,779,44,236
2,8,16,10,3.6,745,41,205
2,8,16,20,3.3000000000000003,706,38,173
2,8,16,30,3,660,35,142
2,8,16,40,2.6,598,32,111
2,8,16,50,2.3000000000000003,529,27,82
2,8,17,0,2,443,22,55
2,8,17,10,1.9000000000000001,335,16,31
2,8,17,20,1.8,0,0,0
2,8,17,30,1.7000000000000002,0,0,0
2,8,17,40,1.6,0,0,0
2,8,17,50,1.6,0,0,0
2,8,18,0,1.5,0,0,0
2,8,18,10,1.4000000000000001,0,0,0
2,8,18,20,1.3,0,0,0
2,8,18,30,1.2000000000000002,0,0,0
2,8,18,40,1.1,0,0,0
2,8,18,50,1,0,0,0
2,8,19,0,0.9,0,0,0
2,8,19,10,0.8,0,0,0
2,8,19,20,0.7000000000000001,0,0,0
2,8,19,30,0.6000000000000001,0,0,0
2,8,19,40,0.5,0,0,0
2,8,19,50,0.4,0,0,0
2,8,20,0,0.30000000000000004,0,0,0
2,8,20,10,0.2,0,0,0
2,8,20,20,0,0,0,0
2,8,20,30,-0.1,0,0,0
2,8,20,40,-0.2,0,0,0
2,8,20,50,-0.3,0,0,0
2,8,21,0,-0.5,0,0,0
2,8,21,10,-0.6,0,0,0
2,8,21,20,-0.7,0,0,0
2,8,21,30,-0.8,0,0,0
2,8,21,40,-1,0,0,0
2,8,21,50,-1.1,0,0,0
2,8,22,0,-1.2,0,0,0
2,8,22,10,-1.3,0,0,0
2,8,22,20,-1.5,0,0,0
2,8,22,30,-1.6,0,0,0
2,8,22,40,-1.7,0,0,0
2,8,22,50,-1.9,0,0,0
2,8,23,0,-2,0,0,0
2,8,23,10,-2.1,0,0,0
2,8,23,20,-2.2,0,0,0
2,8,23,30,-2.3,0,0,0
2,8,23,40,-2.4,0,0,0
2,8,23,50,-2.5,0,0,0
2,9,0,0,-2.6,0,0,0
2,9,0,10,-2.6,0,0,0
2,9,0,20,-2.7,0,0,0
2,9,0,30,-2.7,0,0,0
2,9,0,40,-2.8,0,0,0
2,9,0,50,-2.8,0,0,0
2,9,1,0,-2.9,0,0,0
2,9,1,10,-2.9,0,0,0
2,9,1,20,-2.9,0,0,0
2,9,1,30,-2.9,0,0,0
2,9,1,40,-2.9,0,0,0
2,9,1,50,-2.9,0,0,0
2,9,2,0,-2.9,0,0,0
2,9,2,10,-2.9,0,0,0
2,9,2,20,-2.8,0,0,0
2,9,2,30,-2.8,0,0,0
2,9,2,40,-2.8,0,0,0
2,9,2,50,-2.7,0,0,0
2,9,3,0,-2.7,0,0,0
2,9,3,10,-2.7,0,0,0
2,9,3,20,-2.6,0,0,0
2,9,3,30,-2.6,0,0,0
2,9,3,40,-2.5,0,0,0
2,9,3,50,-2.5,0,0,0
2,9,4,0,-2.4,0,0,0
2,9,4,10,-2.4,0,0,0
2,9,4,20,-2.4,0,0,0
2,9,4,30,-2.4,0,0,0
2,9,4,40,-2.4,0,0,0
2,9,4,50,-2.4,0,0,0
2,9,5,0,-2.3,0,0,0
2,9,5,10,-2.4,0,0,0
2,9,5,20,-2.4,0,0,0
2,9,5,30,-2.4,0,0,0
2,9,5,40,-2.4,0,0,0
2,9,5,50,-2.4,0,0,0
2,9,6,0,-2.5,0,0,0
2,9,6,10,-2.3,0,0,0
2,9,6,20,-2.1,0,0,0
2,9,6,30,-1.9,0,0,0
2,9,6,40,-1.7,0,0,0
2,9,6,50,-1.5,0,0,0
2,9,7,0,-1.3,0,0,0
2,9,7,10,-0.9,226,12,17
2,9,7,20,-0.5,4,25,25
2,9,7,30,-0.2,0,22,22
2,9,7,40,0.2,1,32,32
2,9,7,50,0.5,5,59,60
2,9,8,0,0.9,9,76,78
2,9,8,10,1.1,13,93,95
2,9,8,20,1.4000000000000001,18,110,114
2,9,8,30,1.6,37,132,141
2,9,8,40,1.8,106,150,180
2,9,8,50,2,63,145,165
2,9,9,0,2.3000000000000003,166,175,230
2,9,9,10,2.4000000000000004,126,198,243
2,9,9,20,2.5,141,205,258
2,9,9,30,2.7,155,220,281
2,9,9,40,2.8000000000000003,164,231,300
2,9,9,50,2.9000000000000004,233,234,337
2,9,10,0,3.1,393,209,390
2,9,10,10,3.2,500,184,422
2,9,10,20,3.3000000000000003,534,174,437
2,9,10,30,3.4000000000000004,582,167,462
2,9,10,40,3.5,553,178,466
2,9,10,50,3.6,977,62,583
2,9,11,0,3.7,982,63,597
2,9,11,10,3.7,986,63,609
2,9,11,20,3.8000000000000003,989,64,619
2,9,11,30,3.8000000000000003,992,64,628
2,9,11,40,3.9000000000000004,995,64,635
2,9,11,50,4,997,64,640
2,9,12,0,4,998,64,644
2,9,12,10,4,998,64,646
2,9,12,20,4.1000000000000005,998,64,646
2,9,12,30,4.1000000000000005,998,64,644
2,9,12,40,4.1000000000000005,997,64,640
2,9,12,50,4.2,995,64,635
2,9,13,0,4.2,993,64,627
2,9,13,10,4.2,990,63,618
2,9,13,20,4.3,987,63,607
2,9,13,30,4.3,983,62,595
2,9,13,40,4.3,979,61,581
2,9,13,50,4.4,974,60,566
2,9,14,0,4.4,968,60,548
2,9,14,10,4.4,961,59,530
2,9,14,20,4.3,953,58,509
2,9,14,30,4.3,944,57,488
2,9,14,40,4.3,253,219,329
2,9,14,50,4.3,923,55,440
2,9,15,0,4.2,910,54,415
2,9,15,10,3.9000000000000004,896,52,388
2,9,15,20,3.6,86,213,243
2,9,15,30,3.2,861,49,331
2,9,15,40,2.9000000000000004,838,48,302
2,9,15,50,2.6,567,97,254
2,9,16,0,2.2,568,85,227
2,9,16,10,1.8,753,41,209
2,9,16,20,1.4000000000000001,8,75,76
2,9,16,30,1,0,19,19
2,9,16,40,0.6000000000000001,0,3,3
2,9,16,50,0.2,1,28,28
2,9,17,0,-0.2,46,43,47
2,9,17,10,-0.2,351,17,34
2,9,17,20,-0.2,220,11,15
2,9,17,30,-0.2,0,0,0
2,9,17,40,-0.2,0,0,0
2,9,17,50,-0.2,0,0,0
2,9,18,0,-0.2,0,0,0
2,9,18,10,-0.2,0,0,0
2,9,18,20,-0.2,0,0,0
2,9,18,30,-0.2,0,0,0
2,9,18,40,-0.2,0,0,0
2,9,18,50,-0.2,0,0,0
2,9,19,0,-0.2,0,0,0
2,9,19,10,-0.3,0,0,0
2,9,19,20,-0.4,0,0,0
2,9,19,30,-0.5,0,0,0
2,9,19,40,-0.5,0,0,0
2,9,19,50,-0.6,0,0,0
2,9,20,0,-0.7,0,0,0
2,9,20,10,-0.7,0,0,0
2,9,20,20,-0.8,0,0,0
2,9,20,30,-0.9,0,0,0
2,9,20,40,-0.9,0,0,0
2,9,20,50,-1,0,0,0
2,9,21,0,-1,0,0,0
2,9,21,10,-1.1,0,0,0
2,9,21,20,-1.1,0,0,0
2,9,21,30,-1.1,0,0,0
2,9,21,40,-1.2,0,0,0
2,9,21,50,-1.2,0,0,0
2,9,22,0,-1.2,0,0,0
2,9,22,10,-1.3,0,0,0
2,9,22,20,-1.3,0,0,0
2,9,22,30,-1.4,0,0,0
2,9,22,40,-1.5,0,0,0
2,9,22,50,-1.5,0,0,0
2,9,23,0,-1.6,0,0,0
2,9,23,10,-1.7,0,0,0
2,9,23,20,-1.8,0,0,0
2,9,23,30,-1.9,0,0,0
2,9,23,40,-2,0,0,0
2,9,23,50,-2.1,0,0,0
2,10,0,0,-2.2,0,0,0
2,10,0,10,-2.3,0,0,0
2,10,0,20,-2.4,0,0,0
2,10,0,30,-2.5,0,0,0
2,10,0,40,-2.5,0,0,0
2,10,0,50,-2.6,0,0,0
2,10,1,0,-2.7,0,0,0
2,10,1,10,-2.7,0,0,0
2,10,1,20,-2.8,0,0,0
2,10,1,30,-2.8,0,0,0
2,10,1,40,-2.9,0,0,0
2,10,1,50,-2.9,0,0,0
2,10,2,0,-3,0,0,0
2,10,2,10,-3,0,0,0
2,10,2,20,-3.1,0,0,0
2,10,2,30,-3.1,0,0,0
2,10,2,40,-3.2,0,0,0
2,10,2,50,-3.3,0,0,0
2,10,3,0,-3.3,0,0,0
2,10,3,10,-3.4,0,0,0
2,10,3,20,-3.4,0,0,0
2,10,3,30,-3.4,0,0,0
2,10,3,40,-3.5,0,0,0
2,10,3,50,-3.5,0,0,0
2,10,4,0,-3.6,0,0,0
2,10,4,10,-3.6,0,0,0
2,10,4,20,-3.6,0,0,0
2,10,4,30,-3.7,0,0,0
2,10,4,40,-3.7,0,0,0
2,10,4,50,-3.7,0,0,0
2,10,5,0,-3.8,0,0,0
2,10,5,10,-3.8,0,0,0
2,10,5,20,-3.9,0,0,0
2,10,5,30,-3.9,0,0,0
2,10,5,40,-4,0,0,0
2,10,5,50,-4,0,0,0
2,10,6,0,-4,0,0,0
2,10,6,10,-3.9,0,0,0
2,10,6,20,-3.7,0,0,0
2,10,6,30,-3.6,0,0,0
2,10,6,40,-3.4,0,0,0
2,10,6,50,-3.2,0,0,0
2,10,7,0,-3.1,0,0,0
2,10,7,10,-2.8,172,13,18
2,10,7,20,-2.6,295,21,37
2,10,7,30,-2.3,58,49,54
2,10,7,40,-2,46,64,69
2,10,7,50,-1.8,7,64,65
2,10,8,0,-1.5,10,76,78
2,10,8,10,-1.4,17,97,100
2,10,8,20,-1.3,29,119,126
2,10,8,30,-1.1,33,129,138
2,10,8,40,-1,42,146,158
2,10,8,50,-0.9,36,152,163
2,10,9,0,-0.8,32,159,170
2,10,9,10,-0.7,48,189,206
2,10,9,20,-0.7,101,206,245
2,10,9,30,-0.6,92,220,257
2,10,9,40,-0.5,86,232,269
2,10,9,50,-0.5,100,243,288
2,10,10,0,-0.4,101,248,294
2,10,10,10,-0.4,111,262,315
2,10,10,20,-0.4,149,274,348
2,10,10,30,-0.3,196,271,371
2,10,10,40,-0.3,109,277,334
2,10,10,50,-0.3,148,287,367
2,10,11,0,-0.3,160,296,383
2,10,11,10,-0.3,120,297,364
2,10,11,20,-0.3,126,302,374
2,10,11,30,-0.3,149,304,389
2,10,11,40,-0.3,141,304,386
2,10,11,50,-0.3,144,304,388
2,10,12,0,-0.4,150,305,393
2,10,12,10,-0.4,150,303,391
2,10,12,20,-0.4,155,305,396
2,10,12,30,-0.4,190,304,415
2,10,12,40,-0.4,202,301,419
2,10,12,50,-0.4,221,302,430
2,10,13,0,-0.5,231,301,433
2,10,13,10,-0.5,242,300,436
2,10,13,20,-0.5,214,299,418
2,10,13,30,-0.6,230,294,419
2,10,13,40,-0.6,220,289,407
2,10,13,50,-0.7,127,281,348
2,10,14,0,-0.7,169,277,363
2,10,14,10,-0.8,140,266,336
2,10,14,20,-0.9,168,252,333
2,10,14,30,-1,214,236,335
2,10,14,40,-1.1,23,230,240
2,10,14,50,-1.1,1,137,137
2,10,15,0,-1.2,2,155,156
2,10,15,10,-1.4,245,193,285
2,10,15,20,-1.6,3,84,85
2,10,15,30,-1.7,1,57,58
2,10,15,40,-1.9,0,5,5
2,10,15,50,-2.1,22,118,124
2,10,16,0,-2.3,1,81,81
2,10,16,10,-2.5,0,11,11
2,10,16,20,-2.8,58,110,122
2,10,16,30,-3.1,0,11,11
2,10,16,40,-3.4,42,80,86
2,10,16,50,-3.6,32,62,66
2,10,17,0,-3.9,304,33,57
2,10,17,10,-4.1,205,23,34
2,10,17,20,-4.2,96,14,16
2,10,17,30,-4.3,0,0,0
2,10,17,40,-4.5,0,0,0
2,10,17,50,-4.6,0,0,0
2,10,18,0,-4.8,0,0,0
2,10,18,10,-4.9,0,0,0
2,10,18,20,-5,0,0,0
2,10,18,30,-5.1,0,0,0
2,10,18,40,-5.2,0,0,0
2,10,18,50,-5.3,0,0,0
2,10,19,0,-5.4,0,0,0
2,10,19,10,-5.4,0,0,0
2,10,19,20,-5.5,0,0,0
2,10,19,30,-5.6,0,0,0
2,10,19,40,-5.6,0,0,0
2,10,19,50,-5.7,0,0,0
2,10,20,0,-5.8,0,0,0
2,10,20,10,-5.8,0,0,0
2,10,20,20,-5.8,0,0,0
2,10,20,30,-5.9,0,0,0
2,10,20,40,-5.9,0,0,0
2,10,20,50,-6,0,0,0
2,10,21,0,-6,0,0,0
2,10,21,10,-6.1,0,0,0
2,10,21,20,-6.1,0,0,0
2,10,21,30,-6.2,0,0,0
2,10,21,40,-6.2,0,0,0
2,10,21,50,-6.3,0,0,0
2,10,22,0,-6.3,0,0,0
2,10,22,10,-6.4,0,0,0
2,10,22,20,-6.4,0,0,0
2,10,22,30,-6.5,0,0,0
2,10,22,40,-6.6,0,0,0
2,10,22,50,-6.6,0,0,0
2,10,23,0,-6.7,0,0,0
2,10,23,10,-6.8,0,0,0
2,10,23,20,-6.8,0,0,0
2,10,23,30,-6.9,0,0,0
2,10,23,40,-7,0,0,0
2,10,23,50,-7,0,0,0
2,11,0,0,-7.1,0,0,0
2,11,0,10,-7.2,0,0,0
2,11,0,20,-7.2,0,0,0
2,11,0,30,-7.3,0,0,0
2,11,0,40,-7.4,0,0,0
2,11,0,50,-7.4,0,0,0
2,11,1,0,-7.5,0,0,0
2,11,1,10,-7.5,0,0,0
2,11,1,20,-7.6,0,0,0
2,11,1,30,-7.6,0,0,0
2,11,1,40,-7.6,0,0,0
2,11,1,50,-7.7,0,0,0
2,11,2,0,-7.7,0,0,0
2,11,2,10,-7.8,0,0,0
2,11,2,20,-7.8,0,0,0
2,11,2,30,-7.8,0,0,0
2,11,2,40,-7.9,0,0,0
2,11,2,50,-7.9,0,0,0
2,11,3,0,-7.9,0,0,0
2,11,3,10,-7.9,0,0,0
2,11,3,20,-8,0,0,0
2,11,3,30,-8,0,0,0
2,11,3,40,-8,0,0,0
2,11,3,50,-8,0,0,0
2,11,4,0,-8.1,0,0,0
2,11,4,10,-8.1,0,0,0
2,11,4,20,-8.1,0,0,0
2,11,4,30,-8.1,0,0,0
2,11,4,40,-8.1,0,0,0
2,11,4,50,-8.1,0,0,0
2,11,5,0,-8.1,0,0,0
2,11,5,10,-8.1,0,0,0
2,11,5,20,-8.1,0,0,0
2,11,5,30,-8.1,0,0,0
2,11,5,40,-8.2,0,0,0
2,11,5,50,-8.2,0,0,0
2,11,6,0,-8.2,0,0,0
2,11,6,10,-8,0,0,0
2,11,6,20,-7.8,0,0,0
2,11,6,30,-7.5,0,0,0
2,11,6,40,-7.3,0,0,0
2,11,6,50,-7.1,0,0,0
2,11,7,0,-6.9,0,0,0
2,11,7,10,-6.4,310,13,23
2,11,7,20,-5.8,435,20,46
2,11,7,30,-5.3,531,26,73
2,11,7,40,-4.7,613,31,104
2,11,7,50,-4.2,675,35,136
2,11,8,0,-3.6,725,39,169
2,11,8,10,-3.1,767,43,202
2,11,8,20,-2.7,802,47,235
2,11,8,30,-2.2,832,50,268
2,11,8,40,-1.8,860,52,301
2,11,8,50,-1.3,882,55,333
2,11,9,0,-0.8,902,57,364
2,11,9,10,-0.5,919,60,394
2,11,9,20,-0.2,934,62,423
2,11,9,30,0.1,948,64,451
2,11,9,40,0.4,961,65,478
2,11,9,50,0.7000000000000001,972,67,503
2,11,10,0,1,981,69,527
2,11,10,10,1.2000000000000002,990,70,550
2,11,10,20,1.4000000000000001,997,71,571
2,11,10,30,1.6,1004,72,590
2,11,10,40,1.8,1011,73,608
2,11,10,50,2,1016,74,624
2,11,11,0,2.2,1020,75,639
2,11,11,10,2.3000000000000003,1024,75,651
2,11,11,20,2.5,1027,76,662
2,11,11,30,2.6,1030,77,672
2,11,11,40,2.7,1033,76,679
2,11,11,50,2.9000000000000004,1034,77,684
2,11,12,0,3,1035,77,688
2,11,12,10,3,1036,77,690
2,11,12,20,3.1,1036,77,689
2,11,12,30,3.2,1024,76,681
2,11,12,40,3.3000000000000003,1024,75,677
2,11,12,50,3.3000000000000003,1023,75,671
2,11,13,0,3.4000000000000004,1021,75,663
2,11,13,10,3.4000000000000004,1018,74,654
2,11,13,20,3.4000000000000004,1015,73,643
2,11,13,30,3.4000000000000004,1011,73,631
2,11,13,40,3.4000000000000004,1000,76,616
2,11,13,50,3.4000000000000004,995,75,600
2,11,14,0,3.4000000000000004,989,74,582
2,11,14,10,3.2,982,73,563
2,11,14,20,3.1,975,71,541
2,11,14,30,3,966,70,519
2,11,14,40,2.9000000000000004,956,68,495
2,11,14,50,2.8000000000000003,946,66,470
2,11,15,0,2.7,933,64,443
2,11,15,10,2.3000000000000003,920,62,415
2,11,15,20,1.9000000000000001,904,60,386
2,11,15,30,1.5,877,58,353
2,11,15,40,1.2000000000000002,854,56,322
2,11,15,50,0.8,831,53,290
2,11,16,0,0.4,804,50,258
2,11,16,10,0,773,47,226
2,11,16,20,-0.4,737,43,193
2,11,16,30,-0.9,693,39,160
2,11,16,40,-1.3,641,35,128
2,11,16,50,-1.7,578,30,97
2,11,17,0,-2.1,500,25,68
2,11,17,10,-2.3,401,19,41
2,11,17,20,-2.6,276,13,20
2,11,17,30,-2.9,0,0,0
2,11,17,40,-3.1,0,0,0
2,11,17,50,-3.4,0,0,0
2,11,18,0,-3.6,0,0,0
2,11,18,10,-3.8,0,0,0
2,11,18,20,-4,0,0,0
2,11,18,30,-4.1,0,0,0
2,11,18,40,-4.3,0,0,0
2,11,18,50,-4.5,0,0,0
2,11,19,0,-4.7,0,0,0
2,11,19,10,-4.7,0,0,0
2,11,19,20,-4.7,0,0,0
2,11,19,30,-4.7,0,0,0
2,11,19,40,-4.8,0,0,0
2,11,19,50,-4.8,0,0,0
2,11,20,0,-4.8,0,0,0
2,11,20,10,-4.8,0,0,0
2,11,20,20,-4.8,0,0,0
2,11,20,30,-4.8,0,0,0
2,11,20,40,-4.8,0,0,0
2,11,20,50,-4.8,0,0,0
2,11,21,0,-4.7,0,0,0
2,11,21,10,-4.8,0,0,0
2,11,21,20,-4.8,0,0,0
2,11,21,30,-4.8,0,0,0
2,11,21,40,-4.8,0,0,0
2,11,21,50,-4.8,0,0,0
2,11,22,0,-4.9,0,0,0
2,11,22,10,-4.9,0,0,0
2,11,22,20,-4.9,0,0,0
2,11,22,30,-4.9,0,0,0
2,11,22,40,-4.9,0,0,0
2,11,22,50,-4.9,0,0,0
2,11,23,0,-4.9,0,0,0
2,11,23,10,-4.9,0,0,0
2,11,23,20,-5,0,0,0
2,11,23,30,-5,0,0,0
2,11,23,40,-5,0,0,0
2,11,23,50,-5,0,0,0
2,12,0,0,-5,0,0,0
2,12,0,10,-5,0,0,0
2,12,0,20,-5,0,0,0
2,12,0,30,-5,0,0,0
2,12,0,40,-5,0,0,0
2,12,0,50,-4.9,0,0,0
2,12,1,0,-4.9,0,0,0
2,12,1,10,-4.8,0,0,0
2,12,1,20,-4.7,0,0,0
2,12,1,30,-4.6,0,0,0
2,12,1,40,-4.5,0,0,0
2,12,1,50,-4.4,0,0,0
2,12,2,0,-4.3,0,0,0
2,12,2,10,-4.2,0,0,0
2,12,2,20,-4.1,0,0,0
2,12,2,30,-3.9,0,0,0
2,12,2,40,-3.8,0,0,0
2,12,2,50,-3.6,0,0,0
2,12,3,0,-3.5,0,0,0
2,12,3,10,-3.5,0,0,0
2,12,3,20,-3.4,0,0,0
2,12,3,30,-3.3,0,0,0
2,12,3,40,-3.3,0,0,0
2,12,3,50,-3.2,0,0,0
2,12,4,0,-3.2,0,0,0
2,12,4,10,-3.2,0,0,0
2,12,4,20,-3.2,0,0,0
2,12,4,30,-3.2,0,0,0
2,12,4,40,-3.2,0,0,0
2,12,4,50,-3.2,0,0,0
2,12,5,0,-3.2,0,0,0
2,12,5,10,-3.1,0,0,0
2,12,5,20,-3,0,0,0
2,12,5,30,-3,0,0,0
2,12,5,40,-2.9,0,0,0
2,12,5,50,-2.9,0,0,0
2,12,6,0,-2.8,0,0,0
2,12,6,10,-2.6,0,0,0
2,12,6,20,-2.3,0,0,0
2,12,6,30,-2.1,0,0,0
2,12,6,40,-1.8,0,0,0
2,12,6,50,-1.6,0,0,0
2,12,7,0,-1.3,0,0,0
2,12,7,10,-0.9,2,16,16
2,12,7,20,-0.6,14,35,36
2,12,7,30,-0.2,36,54,58
2,12,7,40,0.2,34,71,75
2,12,7,50,0.6000000000000001,0,29,29
2,12,8,0,1,0,25,25
2,12,8,10,1.4000000000000001,0,35,35
2,12,8,20,1.8,0,46,46
2,12,8,30,2.1,18,132,136
2,12,8,40,2.5,145,179,221
2,12,8,50,2.9000000000000004,589,93,280
2,12,9,0,3.3000000000000003,866,57,354
2,12,9,10,3.7,883,59,384
2,12,9,20,4.1000000000000005,898,61,412
2,12,9,30,4.5,912,63,439
2,12,9,40,4.9,932,61,465
2,12,9,50,5.300000000000001,942,63,490
2,12,10,0,5.7,952,64,513
2,12,10,10,6,960,66,535
2,12,10,20,6.300000000000001,968,67,556
2,12,10,30,6.6000000000000005,974,68,575
2,12,10,40,6.9,982,68,592
2,12,10,50,7.2,987,69,608
2,12,11,0,7.5,991,70,622
2,12,11,10,7.7,995,70,635
2,12,11,20,7.9,998,71,645
2,12,11,30,8,1001,71,654
2,12,11,40,8.200000000000001,1003,72,661
2,12,11,50,8.4,1011,72,671
2,12,12,0,8.5,1012,72,674
2,12,12,10,8.6,1012,73,676
2,12,12,20,8.700000000000001,1012,73,676
2,12,12,30,8.8,1012,72,674
2,12,12,40,8.9,1011,72,670
2,12,12,50,9,1009,72,665
2,12,13,0,9.1,1007,72,658
2,12,13,10,9.1,1005,71,648
2,12,13,20,9.1,1002,70,637
2,12,13,30,9.1,998,70,625
2,12,13,40,9.1,992,70,610
2,12,13,50,9.1,987,69,594
2,12,14,0,9.1,981,68,577
2,12,14,10,8.9,974,67,558
2,12,14,20,8.8,967,66,537
2,12,14,30,8.700000000000001,959,65,515
2,12,14,40,8.5,947,64,491
2,12,14,50,8.4,937,62,466
2,12,15,0,8.200000000000001,925,60,440
2,12,15,10,7.7,911,59,412
2,12,15,20,7.2,896,57,383
2,12,15,30,6.800000000000001,879,55,354
2,12,15,40,6.300000000000001,855,53,323
2,12,15,50,5.800000000000001,825,51,290
2,12,16,0,5.300000000000001,799,48,258
2,12,16,10,4.800000000000001,768,45,226
2,12,16,20,4.4,732,42,194
2,12,16,30,4,418,81,156
2,12,16,40,3.5,193,79,108
2,12,16,50,3.1,114,68,82
2,12,17,0,2.6,6,43,43
2,12,17,10,2.5,3,28,29
2,12,17,20,2.4000000000000004,2,14,14
2,12,17,30,2.2,0,0,0
2,12,17,40,2.1,0,0,0
2,12,17,50,1.9000000000000001,0,0,0
2,12,18,0,1.8,0,0,0
2,12,18,10,1.7000000000000002,0,0,0
2,12,18,20,1.5,0,0,0
2,12,18,30,1.4000000000000001,0,0,0
2,12,18,40,1.3,0,0,0
2,12,18,50,1.2000000000000002,0,0,0
2,12,19,0,1,0,0,0
2,12,19,10,0.9,0,0,0
2,12,19,20,0.8,0,0,0
2,12,19,30,0.7000000000000001,0,0,0
2,12,19,40,0.6000000000000001,0,0,0
2,12,19,50,0.4,0,0,0
2,12,20,0,0.30000000000000004,0,0,0
2,12,20,10,0.30000000000000004,0,0,0
2,12,20,20,0.2,0,0,0
2,12,20,30,0.1,0,0,0
2,12,20,40,0.1,0,0,0
2,12,20,50,0,0,0,0
2,12,21,0,-0.1,0,0,0
2,12,21,10,-0.2,0,0,0
2,12,21,20,-0.2,0,0,0
2,12,21,30,-0.3,0,0,0
2,12,21,40,-0.4,0,0,0
2,12,21,50,-0.5,0,0,0
2,12,22,0,-0.5,0,0,0
2,12,22,10,-0.7,0,0,0
2,12,22,20,-0.8,0,0,0
2,12,22,30,-0.9,0,0,0
2,12,22,40,-1,0,0,0
2,12,22,50,-1.1,0,0,0
2,12,23,0,-1.2,0,0,0
2,12,23,10,-1.3,0,0,0
2,12,23,20,-1.4,0,0,0
2,12,23,30,-1.6,0,0,0
2,12,23,40,-1.7,0,0,0
2,12,23,50,-1.8,0,0,0
2,13,0,0,-1.9,0,0,0
2,13,0,10,-1.9,0,0,0
2,13,0,20,-2,0,0,0
2,13,0,30,-2,0,0,0
2,13,0,40,-2.1,0,0,0
2,13,0,50,-2.1,0,0,0
2,13,1,0,-2.2,0,0,0
2,13,1,10,-2.2,0,0,0
2,13,1,20,-2.2,0,0,0
2,13,1,30,-2.2,0,0,0
2,13,1,40,-2.2,0,0,0
2,13,1,50,-2.2,0,0,0
2,13,2,0,-2.2,0,0,0
2,13,2,10,-2.3,0,0,0
2,13,2,20,-2.3,0,0,0
2,13,2,30,-2.3,0,0,0
2,13,2,40,-2.3,0,0,0
2,13,2,50,-2.3,0,0,0
2,13,3,0,-2.3,0,0,0
2,13,3,10,-2.3,0,0,0
2,13,3,20,-2.4,0,0,0
2,13,3,30,-2.4,0,0,0
2,13,3,40,-2.5,0,0,0
2,13,3,50,-2.5,0,0,0
2,13,4,0,-2.6,0,0,0
2,13,4,10,-2.6,0,0,0
2,13,4,20,-2.7,0,0,0
2,13,4,30,-2.7,0,0,0
2,13,4,40,-2.8,0,0,0
2,13,4,50,-2.9,0,0,0
2,13,5,0,-2.9,0,0,0
2,13,5,10,-3,0,0,0
2,13,5,20,-3,0,0,0
2,13,5,30,-3.1,0,0,0
2,13,5,40,-3.1,0,0,0
2,13,5,50,-3.2,0,0,0
2,13,6,0,-3.2,0,0,0
2,13,6,10,-2.9,0,0,0
2,13,6,20,-2.6,0,0,0
2,13,6,30,-2.3,0,0,0
2,13,6,40,-2,0,0,0
2,13,6,50,-1.7,0,0,0
2,13,7,0,-1.4,0,0,0
2,13,7,10,-0.8,347,15,27
2,13,7,20,-0.3,463,20,51
2,13,7,30,0.30000000000000004,554,26,80
2,13,7,40,0.8,628,30,110
2,13,7,50,1.4000000000000001,686,34,142
2,13,8,0,1.9000000000000001,734,37,174
2,13,8,10,2.4000000000000004,774,41,207
2,13,8,20,3,808,43,240
2,13,8,30,3.5,836,46,272
2,13,8,40,4,865,47,304
2,13,8,50,4.6000000000000005,887,49,336
2,13,9,0,5.1000000000000005,905,51,366
2,13,9,10,5.5,922,53,396
2,13,9,20,5.9,936,54,424
2,13,9,30,6.2,949,56,451
2,13,9,40,6.6000000000000005,962,56,477
2,13,9,50,7,972,57,502
2,13,10,0,7.300000000000001,981,59,526
2,13,10,10,7.6000000000000005,989,60,548
2,13,10,20,7.800000000000001,997,61,569
2,13,10,30,8,1003,61,588
2,13,10,40,8.3,1010,61,605
2,13,10,50,8.5,1015,62,621
2,13,11,0,8.700000000000001,1019,63,635
2,13,11,10,8.9,1022,63,648
2,13,11,20,9,1025,64,658
2,13,11,30,9.200000000000001,1028,64,667
2,13,11,40,9.3,1030,64,675
2,13,11,50,9.5,1031,64,680
2,13,12,0,9.600000000000001,1032,65,683
2,13,12,10,9.700000000000001,1033,65,685
2,13,12,20,9.700000000000001,1033,65,685
2,13,12,30,9.8,1032,65,683
2,13,12,40,9.9,1022,64,674
2,13,12,50,9.9,1021,64,668
2,13,13,0,10,1019,64,661
2,13,13,10,10,1016,63,652
2,13,13,20,10,1013,63,641
2,13,13,30,9.9,1009,62,628
2,13,13,40,9.9,1001,64,614
2,13,13,50,9.9,996,64,598
2,13,14,0,9.9,990,63,581
2,13,14,10,9.8,984,62,562
2,13,14,20,9.600000000000001,977,61,541
2,13,14,30,9.5,968,60,519
2,13,14,40,9.3,956,60,495
2,13,14,50,9.200000000000001,946,59,470
2,13,15,0,9,934,57,444
2,13,15,10,8.5,920,56,417
2,13,15,20,7.9,905,54,388
2,13,15,30,7.4,888,52,359
2,13,15,40,6.800000000000001,867,51,328
2,13,15,50,6.2,845,49,297
2,13,16,0,5.7,819,46,265
2,13,16,10,5,789,44,233
2,13,16,20,4.4,754,41,200
2,13,16,30,3.7,713,38,168
2,13,16,40,3.1,661,34,136
2,13,16,50,2.4000000000000004,601,30,104
2,13,17,0,1.8,526,25,74
2,13,17,10,1.6,433,20,47
2,13,17,20,1.3,313,14,24
2,13,17,30,1.1,0,0,0
2,13,17,40,0.9,0,0,0
2,13,17,50,0.6000000000000001,0,0,0
2,13,18,0,0.4,0,0,0
2,13,18,10,0.30000000000000004,0,0,0
2,13,18,20,0.2,0,0,0
2,13,18,30,0.1,0,0,0
2,13,18,40,0.1,0,0,0
2,13,18,50,0,0,0,0
2,13,19,0,-0.1,0,0,0
2,13,19,10,-0.2,0,0,0
2,13,19,20,-0.2,0,0,0
2,13,19,30,-0.3,0,0,0
2,13,19,40,-0.4,0,0,0
2,13,19,50,-0.5,0,0,0
2,13,20,0,-0.5,0,0,0
2,13,20,10,-0.6,0,0,0
2,13,20,20,-0.6,0,0,0
2,13,20,30,-0.7,0,0,0
2,13,20,40,-0.7,0,0,0
2,13,20,50,-0.8,0,0,0
2,13,21,0,-0.8,0,0,0
2,13,21,10,-0.8,0,0,0
2,13,21,20,-0.8,0,0,0
2,13,21,30,-0.8,0,0,0
2,13,21,40,-0.8,0,0,0
2,13,21,50,-0.8,0,0,0
2,13,22,0,-0.8,0,0,0
2,13,22,10,-0.8,0,0,0
2,13,22,20,-0.8,0,0,0
2,13,22,30,-0.8,0,0,0
2,13,22,40,-0.8,0,0,0
2,13,22,50,-0.8,0,0,0
2,13,23,0,-0.9,0,0,0
2,13,23,10,-0.9,0,0,0
2,13,23,20,-0.9,0,0,0
2,13,23,30,-1,0,0,0
2,13,23,40,-1,0,0,0
2,13,23,50,-1,0,0,0
2,14,0,0,-1.1,0,0,0
2,14,0,10,-1.1,0,0,0
2,14,0,20,-1.1,0,0,0
2,14,0,30,-1.1,0,0,0
2,14,0,40,-1.2,0,0,0
2,14,0,50,-1.2,0,0,0
2,14,1,0,-1.2,0,0,0
2,14,1,10,-1.2,0,0,0
2,14,1,20,-1.2,0,0,0
2,14,1,30,-1.2,0,0,0
2,14,1,40,-1.2,0,0,0
2,14,1,50,-1.2,0,0,0
2,14,2,0,-1.2,0,0,0
2,14,2,10,-1.2,0,0,0
2,14,2,20,-1.2,0,0,0
2,14,2,30,-1.1,0,0,0
2,14,2,40,-1.1,0,0,0
2,14,2,50,-1.1,0,0,0
2,14,3,0,-1.1,0,0,0
2,14,3,10,-1.1,0,0,0
2,14,3,20,-1.1,0,0,0
2,14,3,30,-1.1,0,0,0
2,14,3,40,-1.1,0,0,0
2,14,3,50,-1.1,0,0,0
2,14,4,0,-1.1,0,0,0
2,14,4,10,-1,0,0,0
2,14,4,20,-1,0,0,0
2,14,4,30,-1,0,0,0
2,14,4,40,-1,0,0,0
2,14,4,50,-1,0,0,0
2,14,5,0,-1,0,0,0
2,14,5,10,-1,0,0,0
2,14,5,20,-0.9,0,0,0
2,14,5,30,-0.9,0,0,0
2,14,5,40,-0.9,0,0,0
2,14,5,50,-0.9,0,0,0
2,14,6,0,-0.8,0,0,0
2,14,6,10,-0.6,0,0,0
2,14,6,20,-0.3,0,0,0
2,14,6,30,0,0,0,0
2,14,6,40,0.30000000000000004,0,0,0
2,14,6,50,0.6000000000000001,0,0,0
2,14,7,0,0.8,0,0,0
2,14,7,10,1.3,315,16,29
2,14,7,20,1.8,428,22,52
2,14,7,30,2.2,518,27,80
2,14,7,40,2.7,142,70,89
2,14,7,50,3.2,45,83,90
2,14,8,0,3.6,144,103,130
2,14,8,10,4.1000000000000005,725,44,204
2,14,8,20,4.5,760,47,236
2,14,8,30,4.9,791,50,268
2,14,8,40,5.4,812,53,298
2,14,8,50,5.800000000000001,835,56,329
2,14,9,0,6.2,855,58,359
2,14,9,10,6.6000000000000005,872,59,388
2,14,9,20,7,888,61,416
2,14,9,30,7.4,902,63,443
2,14,9,40,7.7,919,63,469
2,14,9,50,8.1,930,64,494
2,14,10,0,8.5,940,65,517
2,14,10,10,8.700000000000001,948,66,539
2,14,10,20,8.8,956,67,559
2,14,10,30,9,963,68,578
2,14,10,40,9.200000000000001,979,65,596
2,14,10,50,9.4,984,65,612
2,14,11,0,9.600000000000001,989,66,626
2,14,11,10,9.600000000000001,992,66,638
2,14,11,20,9.600000000000001,996,66,649
2,14,11,30,9.700000000000001,998,67,657
2,14,11,40,9.700000000000001,57,328,362
2,14,11,50,9.700000000000001,1001,67,670
2,14,12,0,9.8,1002,67,673
2,14,12,10,9.700000000000001,251,307,459
2,14,12,20,9.700000000000001,197,313,432
2,14,12,30,9.600000000000001,1002,67,673
2,14,12,40,9.5,1002,67,669
2,14,12,50,9.5,1001,67,664
2,14,13,0,9.4,10,204,210
2,14,13,10,9.3,721,163,584
2,14,13,20,9.3,400,260,490
2,14,13,30,9.200000000000001,989,65,624
2,14,13,40,9.1,986,64,610
2,14,13,50,9,981,63,595
2,14,14,0,8.9,975,63,577
2,14,14,10,8.8,968,62,558
2,14,14,20,8.6,961,61,538
2,14,14,30,8.5,953,60,516
2,14,14,40,8.3,339,215,371
2,14,14,50,8.200000000000001,229,224,325
2,14,15,0,8,919,57,442
2,14,15,10,7.5,905,56,415
2,14,15,20,7,517,141,334
2,14,15,30,6.4,521,134,316
2,14,15,40,5.9,429,137,276
2,14,15,50,5.300000000000001,526,109,265
2,14,16,0,4.800000000000001,805,47,265
2,14,16,10,4.3,775,44,233
2,14,16,20,3.7,740,41,201
2,14,16,30,3.2,699,38,169
2,14,16,40,2.6,652,35,137
2,14,16,50,2.1,592,31,106
2,14,17,0,1.5,519,26,77
2,14,17,10,1.3,428,21,49
2,14,17,20,1.2000000000000002,312,15,26
2,14,17,30,1,0,0,0
2,14,17,40,0.8,0,0,0
2,14,17,50,0.6000000000000001,0,0,0
2,14,18,0,0.4,0,0,0
2,14,18,10,0.30000000000000004,0,0,0
2,14,18,20,0.1,0,0,0
2,14,18,30,-0.1,0,0,0
2,14,18,40,-0.2,0,0,0
2,14,18,50,-0.4,0,0,0
2,14,19,0,-0.6,0,0,0
2,14,19,10,-0.7,0,0,0
2,14,19,20,-0.8,0,0,0
2,14,19,30,-1,0,0,0
2,14,19,40,-1.1,0,0,0
2,14,19,50,-1.2,0,0,0
2,14,20,0,-1.3,0,0,0
2,14,20,10,-1.4,0,0,0
2,14,20,20,-1.5,0,0,0
2,14,20,30,-1.5,0,0,0
2,14,20,40,-1.6,0,0,0
2,14,20,50,-1.6,0,0,0
2,14,21,0,-1.7,0,0,0
2,14,21,10,-1.7,0,0,0
2,14,21,20,-1.8,0,0,0
2,14,21,30,-1.8,0,0,0
2,14,21,40,-1.8,0,0,0
2,14,21,50,-1.8,0,0,0
2,14,22,0,-1.9,0,0,0
2,14,22,10,-1.9,0,0,0
2,14,22,20,-1.9,0,0,0
2,14,22,30,-2,0,0,0
2,14,22,40,-2,0,0,0
2,14,22,50,-2,0,0,0
2,14,23,0,-2.1,0,0,0
2,14,23,10,-2.1,0,0,0
2,14,23,20,-2.1,0,0,0
2,14,23,30,-2.1,0,0,0
2,14,23,40,-2.1,0,0,0
2,14,23,50,-2.1,0,0,0
2,15,0,0,-2.1,0,0,0
2,15,0,10,-2.1,0,0,0
2,15,0,20,-2,0,0,0
2,15,0,30,-2,0,0,0
2,15,0,40,-2,0,0,0
2,15,0,50,-2,0,0,0
2,15,1,0,-1.9,0,0,0
2,15,1,10,-2,0,0,0
2,15,1,20,-2,0,0,0
2,15,1,30,-2.1,0,0,0
2,15,1,40,-2.1,0,0,0
2,15,1,50,-2.1,0,0,0
2,15,2,0,-2.2,0,0,0
2,15,2,10,-2.3,0,0,0
2,15,2,20,-2.4,0,0,0
2,15,2,30,-2.4,0,0,0
2,15,2,40,-2.5,0,0,0
2,15,2,50,-2.6,0,0,0
2,15,3,0,-2.7,0,0,0
2,15,3,10,-2.7,0,0,0
2,15,3,20,-2.8,0,0,0
2,15,3,30,-2.8,0,0,0
2,15,3,40,-2.9,0,0,0
2,15,3,50,-2.9,0,0,0
2,15,4,0,-3,0,0,0
2,15,4,10,-3,0,0,0
2,15,4,20,-3.1,0,0,0
2,15,4,30,-3.1,0,0,0
2,15,4,40,-3.1,0,0,0
2,15,4,50,-3.2,0,0,0
2,15,5,0,-3.2,0,0,0
2,15,5,10,-3.2,0,0,0
2,15,5,20,-3.2,0,0,0
2,15,5,30,-3.2,0,0,0
2,15,5,40,-3.2,0,0,0
2,15,5,50,-3.2,0,0,0
2,15,6,0,-3.3,0,0,0
2,15,6,10,-3,0,0,0
2,15,6,20,-2.7,0,0,0
2,15,6,30,-2.5,0,0,0
2,15,6,40,-2.2,0,0,0
2,15,6,50,-2,0,0,0
2,15,7,0,-1.7,0,0,0
2,15,7,10,-1.3,4,21,21
2,15,7,20,-0.8,0,3,3
2,15,7,30,-0.3,21,54,56
2,15,7,40,0.1,5,51,52
2,15,7,50,0.6000000000000001,1,54,54
2,15,8,0,1,0,22,22
2,15,8,10,1.6,0,31,31
2,15,8,20,2.2,0,5,5
2,15,8,30,2.8000000000000003,0,30,30
2,15,8,40,3.4000000000000004,2,111,112
2,15,8,50,4,1,119,120
2,15,9,0,4.6000000000000005,0,104,104
2,15,9,10,5.300000000000001,898,51,393
2,15,9,20,5.9,913,52,421
2,15,9,30,6.5,926,54,448
2,15,9,40,7.1000000000000005,937,55,474
2,15,9,50,7.7,947,56,498
2,15,10,0,8.3,956,57,521
2,15,10,10,8.700000000000001,965,57,542
2,15,10,20,9.1,972,58,563
2,15,10,30,9.5,978,59,581
2,15,10,40,9.9,991,55,598
2,15,10,50,10.3,996,56,614
2,15,11,0,10.700000000000001,1000,56,627
2,15,11,10,11,1003,57,640
2,15,11,20,11.200000000000001,1006,57,650
2,15,11,30,11.4,1009,57,659
2,15,11,40,11.600000000000001,1011,57,666
2,15,11,50,11.8,1012,58,671
2,15,12,0,12.100000000000001,1013,58,675
2,15,12,10,12.100000000000001,1013,58,676
2,15,12,20,12.200000000000001,1013,58,676
2,15,12,30,12.200000000000001,1013,58,674
2,15,12,40,12.3,1011,58,671
2,15,12,50,12.4,1009,58,665
2,15,13,0,12.4,1007,58,658
2,15,13,10,12.4,999,58,646
2,15,13,20,12.3,732,152,576
2,15,13,30,12.200000000000001,682,160,548
2,15,13,40,12.100000000000001,469,226,488
2,15,13,50,12.100000000000001,112,275,336
2,15,14,0,12,349,241,427
2,15,14,10,11.8,12,169,175
2,15,14,20,11.5,231,253,369
2,15,14,30,11.3,1,101,102
2,15,14,40,11,37,190,207
2,15,14,50,10.8,1,97,98
2,15,15,0,10.5,57,202,226
2,15,15,10,9.8,1,69,69
2,15,15,20,9.200000000000001,99,193,230
2,15,15,30,8.5,865,51,357
2,15,15,40,7.800000000000001,152,173,223
2,15,15,50,7.1000000000000005,187,155,212
2,15,16,0,6.4,145,144,184
2,15,16,10,5.800000000000001,761,45,234
2,15,16,20,5.2,726,42,202
2,15,16,30,4.6000000000000005,686,39,170
2,15,16,40,4,627,36,138
2,15,16,50,3.4000000000000004,568,32,107
2,15,17,0,2.9000000000000004,496,27,77
2,15,17,10,2.6,407,22,51
2,15,17,20,2.4000000000000004,296,16,28
2,15,17,30,2.2,0,0,0
2,15,17,40,2,0,0,0
2,15,17,50,1.8,0,0,0
2,15,18,0,1.6,0,0,0
2,15,18,10,1.4000000000000001,0,0,0
2,15,18,20,1.3,0,0,0
2,15,18,30,1.1,0,0,0
2,15,18,40,1,0,0,0
2,15,18,50,0.8,0,0,0
2,15,19,0,0.7000000000000001,0,0,0
2,15,19,10,0.6000000000000001,0,0,0
2,15,19,20,0.5,0,0,0
2,15,19,30,0.4,0,0,0
2,15,19,40,0.30000000000000004,0,0,0
2,15,19,50,0.2,0,0,0
2,15,20,0,0.1,0,0,0
2,15,20,10,0,0,0,0
2,15,20,20,0,0,0,0
2,15,20,30,-0.1,0,0,0
2,15,20,40,-0.1,0,0,0
2,15,20,50,-0.1,0,0,0
2,15,21,0,-0.2,0,0,0
2,15,21,10,-0.3,0,0,0
2,15,21,20,-0.4,0,0,0
2,15,21,30,-0.5,0,0,0
2,15,21,40,-0.7,0,0,0
2,15,21,50,-0.8,0,0,0
2,15,22,0,-0.9,0,0,0
2,15,22,10,-1,0,0,0
2,15,22,20,-1.1,0,0,0
2,15,22,30,-1.2,0,0,0
2,15,22,40,-1.3,0,0,0
2,15,22,50,-1.4,0,0,0
2,15,23,0,-1.5,0,0,0
2,15,23,10,-1.6,0,0,0
2,15,23,20,-1.6,0,0,0
2,15,23,30,-1.7,0,0,0
2,15,23,40,-1.8,0,0,0
2,15,23,50,-1.9,0,0,0
2,16,0,0,-2,0,0,0
2,16,0,10,-2.2,0,0,0
2,16,0,20,-2.3,0,0,0
2,16,0,30,-2.5,0,0,0
2,16,0,40,-2.6,0,0,0
2,16,0,50,-2.8,0,0,0
2,16,1,0,-3,0,0,0
2,16,1,10,-3.1,0,0,0
2,16,1,20,-3.3,0,0,0
2,16,1,30,-3.5,0,0,0
2,16,1,40,-3.6,0,0,0
2,16,1,50,-3.8,0,0,0
2,16,2,0,-4,0,0,0
2,16,2,10,-4.1,0,0,0
2,16,2,20,-4.2,0,0,0
2,16,2,30,-4.3,0,0,0
2,16,2,40,-4.4,0,0,0
2,16,2,50,-4.5,0,0,0
2,16,3,0,-4.6,0,0,0
2,16,3,10,-4.6,0,0,0
2,16,3,20,-4.6,0,0,0
2,16,3,30,-4.7,0,0,0
2,16,3,40,-4.7,0,0,0
2,16,3,50,-4.7,0,0,0
2,16,4,0,-4.7,0,0,0
2,16,4,10,-4.7,0,0,0
2,16,4,20,-4.7,0,0,0
2,16,4,30,-4.7,0,0,0
2,16,4,40,-4.7,0,0,0
2,16,4,50,-4.7,0,0,0
2,16,5,0,-4.7,0,0,0
2,16,5,10,-4.7,0,0,0
2,16,5,20,-4.7,0,0,0
2,16,5,30,-4.7,0,0,0
2,16,5,40,-4.7,0,0,0
2,16,5,50,-4.7,0,0,0
2,16,6,0,-4.7,0,0,0
2,16,6,10,-4.5,0,0,0
2,16,6,20,-4.4,0,0,0
2,16,6,30,-4.2,0,0,0
2,16,6,40,-4,0,0,0
2,16,6,50,-3.9,0,0,0
2,16,7,0,-3.7,174,11,14
2,16,7,10,-3.4,307,18,33
2,16,7,20,-3,414,25,57
2,16,7,30,-2.7,501,31,85
2,16,7,40,-2.3,1,31,31
2,16,7,50,-2,0,32,32
2,16,8,0,-1.6,4,59,60
2,16,8,10,-1.3,1,47,47
2,16,8,20,-0.9,4,67,68
2,16,8,30,-0.5,5,80,81
2,16,8,40,-0.1,5,83,85
2,16,8,50,0.2,1,59,59
2,16,9,0,0.6000000000000001,0,47,47
2,16,9,10,0.9,1,71,72
2,16,9,20,1.3,0,57,57
2,16,9,30,1.6,4,106,107
2,16,9,40,2,6,124,127
2,16,9,50,2.3000000000000003,0,53,53
2,16,10,0,2.6,0,76,76
2,16,10,10,2.9000000000000004,2,119,120
2,16,10,20,3.1,1,96,96
2,16,10,30,3.4000000000000004,1,87,88
2,16,10,40,3.7,1,92,93
2,16,10,50,3.9000000000000004,1,82,82
2,16,11,0,4.2,9,177,183
2,16,11,10,4.3,3,139,140
2,16,11,20,4.5,2,148,149
2,16,11,30,4.6000000000000005,5,181,184
2,16,11,40,4.800000000000001,2,150,151
2,16,11,50,4.9,0,145,145
2,16,12,0,5.1000000000000005,0,140,140
2,16,12,10,5.1000000000000005,0,199,199
2,16,12,20,5.1000000000000005,1,242,243
2,16,12,30,5.1000000000000005,6,287,291
2,16,12,40,5.1000000000000005,3,272,274
2,16,12,50,5.1000000000000005,0,169,169
2,16,13,0,5.1000000000000005,0,146,146
2,16,13,10,5,2,254,255
2,16,13,20,4.800000000000001,1,225,226
2,16,13,30,4.7,1,215,216
2,16,13,40,4.5,1,202,202
2,16,13,50,4.4,0,176,176
2,16,14,0,4.2,0,180,180
2,16,14,10,3.9000000000000004,0,162,163
2,16,14,20,3.6,1,182,183
2,16,14,30,3.3000000000000003,0,128,128
2,16,14,40,3,0,139,139
2,16,14,50,2.7,0,79,79
2,16,15,0,2.4000000000000004,0,79,79
2,16,15,10,2,0,63,63
2,16,15,20,1.5,0,69,70
2,16,15,30,1.1,0,23,23
2,16,15,40,0.7000000000000001,0,40,40
2,16,15,50,0.30000000000000004,0,51,51
2,16,16,0,-0.1,0,42,42
2,16,16,10,-0.6,0,36,36
2,16,16,20,-1,0,31,31
2,16,16,30,-1.4,0,26,26
2,16,16,40,-1.9,0,26,26
2,16,16,50,-2.3,540,35,108
2,16,17,0,-2.7,22,61,63
2,16,17,10,-3,37,45,48
2,16,17,20,-3.3,269,18,30
2,16,17,30,-3.5,0,0,0
2,16,17,40,-3.8,0,0,0
2,16,17,50,-4.1,0,0,0
2,16,18,0,-4.3,0,0,0
2,16,18,10,-4.5,0,0,0
2,16,18,20,-4.7,0,0,0
2,16,18,30,-4.8,0,0,0
2,16,18,40,-5,0,0,0
2,16,18,50,-5.2,0,0,0
2,16,19,0,-5.4,0,0,0
2,16,19,10,-5.4,0,0,0
2,16,19,20,-5.5,0,0,0
2,16,19,30,-5.5,0,0,0
2,16,19,40,-5.6,0,0,0
2,16,19,50,-5.6,0,0,0
2,16,20,0,-5.7,0,0,0
2,16,20,10,-5.7,0,0,0
2,16,20,20,-5.8,0,0,0
2,16,20,30,-5.8,0,0,0
2,16,20,40,-5.9,0,0,0
2,16,20,50,-5.9,0,0,0
2,16,21,0,-6,0,0,0
2,16,21,10,-6.1,0,0,0
2,16,21,20,-6.1,0,0,0
2,16,21,30,-6.2,0,0,0
2,16,21,40,-6.3,0,0,0
2,16,21,50,-6.4,0,0,0
2,16,22,0,-6.5,0,0,0
2,16,22,10,-6.6,0,0,0
2,16,22,20,-6.7,0,0,0
2,16,22,30,-6.9,0,0,0
2,16,22,40,-7,0,0,0
2,16,22,50,-7.1,0,0,0
2,16,23,0,-7.2,0,0,0
2,16,23,10,-7.3,0,0,0
2,16,23,20,-7.4,0,0,0
2,16,23,30,-7.4,0,0,0
2,16,23,40,-7.5,0,0,0
2,16,23,50,-7.6,0,0,0
2,17,0,0,-7.7,0,0,0
2,17,0,10,-7.8,0,0,0
2,17,0,20,-7.8,0,0,0
2,17,0,30,-7.8,0,0,0
2,17,0,40,-7.9,0,0,0
2,17,0,50,-7.9,0,0,0
2,17,1,0,-7.9,0,0,0
2,17,1,10,-7.9,0,0,0
2,17,1,20,-7.9,0,0,0
2,17,1,30,-7.9,0,0,0
2,17,1,40,-8,0,0,0
2,17,1,50,-8,0,0,0
2,17,2,0,-8,0,0,0
2,17,2,10,-8,0,0,0
2,17,2,20,-8,0,0,0
2,17,2,30,-8,0,0,0
2,17,2,40,-8,0,0,0
2,17,2,50,-8,0,0,0
2,17,3,0,-8,0,0,0
2,17,3,10,-8,0,0,0
2,17,3,20,-8,0,0,0
2,17,3,30,-8.1,0,0,0
2,17,3,40,-8.1,0,0,0
2,17,3,50,-8.1,0,0,0
2,17,4,0,-8.1,0,0,0
2,17,4,10,-8.2,0,0,0
2,17,4,20,-8.2,0,0,0
2,17,4,30,-8.3,0,0,0
2,17,4,40,-8.3,0,0,0
2,17,4,50,-8.3,0,0,0
2,17,5,0,-8.4,0,0,0
2,17,5,10,-8.4,0,0,0
2,17,5,20,-8.5,0,0,0
2,17,5,30,-8.5,0,0,0
2,17,5,40,-8.6,0,0,0
2,17,5,50,-8.6,0,0,0
2,17,6,0,-8.7,0,0,0
2,17,6,10,-8.5,0,0,0
2,17,6,20,-8.3,0,0,0
2,17,6,30,-8.2,0,0,0
2,17,6,40,-8,0,0,0
2,17,6,50,-7.8,0,0,0
2,17,7,0,-7.7,242,12,18
2,17,7,10,-7.2,375,19,39
2,17,7,20,-6.7,480,26,66
2,17,7,30,-6.3,562,32,96
2,17,7,40,-5.8,650,36,129
2,17,7,50,-5.3,703,40,163
2,17,8,0,-4.9,747,44,196
2,17,8,10,-4.5,785,48,231
2,17,8,20,-4.1,816,52,264
2,17,8,30,-3.7,844,55,298
2,17,8,40,-3.3,881,54,332
2,17,8,50,-2.9,901,57,364
2,17,9,0,-2.5,919,59,396
2,17,9,10,-2.1,934,62,426
2,17,9,20,-1.8,948,64,455
2,17,9,30,-1.5,960,65,484
2,17,9,40,-1.1,979,64,510
2,17,9,50,-0.8,988,65,536
2,17,10,0,-0.5,997,67,560
2,17,10,10,-0.2,1005,68,583
2,17,10,20,0.1,1011,69,604
2,17,10,30,0.4,1017,70,623
2,17,10,40,0.7000000000000001,1025,69,641
2,17,10,50,1,1030,70,657
2,17,11,0,1.3,1033,71,672
2,17,11,10,1.5,1037,72,684
2,17,11,20,1.8,1055,73,705
2,17,11,30,2,1057,73,714
2,17,11,40,2.2,1061,71,720
2,17,11,50,2.5,1063,71,726
2,17,12,0,2.7,1064,71,729
2,17,12,10,2.9000000000000004,1064,72,731
2,17,12,20,3,1064,71,731
2,17,12,30,3.2,1063,71,729
2,17,12,40,3.3000000000000003,1065,68,724
2,17,12,50,3.4000000000000004,1064,68,718
2,17,13,0,3.6,1062,68,710
2,17,13,10,3.6,1060,67,701
2,17,13,20,3.7,1057,66,689
2,17,13,30,3.7,1054,66,676
2,17,13,40,3.8000000000000003,1051,64,661
2,17,13,50,3.8000000000000003,1046,63,644
2,17,14,0,3.9000000000000004,1041,62,626
2,17,14,10,3.8000000000000003,1036,61,606
2,17,14,20,3.8000000000000003,1029,60,584
2,17,14,30,3.7,1022,58,561
2,17,14,40,3.6,1015,56,536
2,17,14,50,3.6,1006,54,510
2,17,15,0,3.5,995,53,483
2,17,15,10,3.1,984,51,454
2,17,15,20,2.7,971,50,425
2,17,15,30,2.4000000000000004,956,48,394
2,17,15,40,2,941,45,362
2,17,15,50,1.6,922,43,329
2,17,16,0,1.2000000000000002,900,40,296
2,17,16,10,0.7000000000000001,874,38,262
2,17,16,20,0.2,845,36,228
2,17,16,30,-0.4,810,33,194
2,17,16,40,-0.9,769,30,160
2,17,16,50,-1.4,719,27,127
2,17,17,0,-1.9,657,23,94
2,17,17,10,-2.1,580,19,64
2,17,17,20,-2.4,480,14,37
2,17,17,30,-2.6,351,9,16
2,17,17,40,-2.8,0,0,0
2,17,17,50,-3,0,0,0
2,17,18,0,-3.2,0,0,0
2,17,18,10,-3.4,0,0,0
2,17,18,20,-3.6,0,0,0
2,17,18,30,-3.7,0,0,0
2,17,18,40,-3.9,0,0,0
2,17,18,50,-4.1,0,0,0
2,17,19,0,-4.3,0,0,0
2,17,19,10,-4.3,0,0,0
2,17,19,20,-4.3,0,0,0
2,17,19,30,-4.4,0,0,0
2,17,19,40,-4.4,0,0,0
2,17,19,50,-4.4,0,0,0
2,17,20,0,-4.5,0,0,0
2,17,20,10,-4.5,0,0,0
2,17,20,20,-4.5,0,0,0
2,17,20,30,-4.5,0,0,0
2,17,20,40,-4.5,0,0,0
2,17,20,50,-4.4,0,0,0
2,17,21,0,-4.4,0,0,0
2,17,21,10,-4.4,0,0,0
2,17,21,20,-4.4,0,0,0
2,17,21,30,-4.4,0,0,0
2,17,21,40,-4.5,0,0,0
2,17,21,50,-4.5,0,0,0
2,17,22,0,-4.5,0,0,0
2,17,22,10,-4.5,0,0,0
2,17,22,20,-4.5,0,0,0
2,17,22,30,-4.5,0,0,0
2,17,22,40,-4.5,0,0,0
2,17,22,50,-4.5,0,0,0
2,17,23,0,-4.5,0,0,0
2,17,23,10,-4.5,0,0,0
2,17,23,20,-4.6,0,0,0
2,17,23,30,-4.6,0,0,0
2,17,23,40,-4.6,0,0,0
2,17,23,50,-4.6,0,0,0
2,18,0,0,-4.6,0,0,0
2,18,0,10,-4.6,0,0,0
2,18,0,20,-4.6,0,0,0
2,18,0,30,-4.6,0,0,0
2,18,0,40,-4.6,0,0,0
2,18,0,50,-4.6,0,0,0
2,18,1,0,-4.6,0,0,0
2,18,1,10,-4.6,0,0,0
2,18,1,20,-4.6,0,0,0
2,18,1,30,-4.6,0,0,0
2,18,1,40,-4.5,0,0,0
2,18,1,50,-4.5,0,0,0
2,18,2,0,-4.5,0,0,0
2,18,2,10,-4.4,0,0,0
2,18,2,20,-4.4,0,0,0
2,18,2,30,-4.4,0,0,0
2,18,2,40,-4.4,0,0,0
2,18,2,50,-4.3,0,0,0
2,18,3,0,-4.3,0,0,0
2,18,3,10,-4.3,0,0,0
2,18,3,20,-4.2,0,0,0
2,18,3,30,-4.2,0,0,0
2,18,3,40,-4.2,0,0,0
2,18,3,50,-4.2,0,0,0
2,18,4,0,-4.1,0,0,0
2,18,4,10,-4.1,0,0,0
2,18,4,20,-4,0,0,0
2,18,4,30,-4,0,0,0
2,18,4,40,-4,0,0,0
2,18,4,50,-3.9,0,0,0
2,18,5,0,-3.9,0,0,0
2,18,5,10,-3.9,0,0,0
2,18,5,20,-3.8,0,0,0
2,18,5,30,-3.8,0,0,0
2,18,5,40,-3.8,0,0,0
2,18,5,50,-3.7,0,0,0
2,18,6,0,-3.7,0,0,0
2,18,6,10,-3.3,0,0,0
2,18,6,20,-2.8,0,0,0
2,18,6,30,-2.4,0,0,0
2,18,6,40,-2,0,0,0
2,18,6,50,-1.5,0,0,0
2,18,7,0,-1.1,413,11,22
2,18,7,10,-0.4,537,16,46
2,18,7,20,0.2,631,21,76
2,18,7,30,0.9,704,24,107
2,18,7,40,1.6,762,28,141
2,18,7,50,2.2,809,31,176
2,18,8,0,2.9000000000000004,849,34,210
2,18,8,10,3.3000000000000003,882,36,245
2,18,8,20,3.8000000000000003,910,39,280
2,18,8,30,4.2,934,41,314
2,18,8,40,4.6000000000000005,117,206,244
2,18,8,50,5,165,219,276
2,18,9,0,5.5,333,209,333
2,18,9,10,5.9,1000,51,445
2,18,9,20,6.4,1012,52,475
2,18,9,30,6.9,1024,54,504
2,18,9,40,7.300000000000001,174,312,392
2,18,9,50,7.800000000000001,298,307,450
2,18,10,0,8.3,300,324,474
2,18,10,10,8.5,220,345,459
2,18,10,20,8.8,335,326,504
2,18,10,30,9.1,478,281,543
2,18,10,40,9.4,401,309,535
2,18,10,50,9.700000000000001,423,317,560
2,18,11,0,10,285,370,537
2,18,11,10,10.100000000000001,117,403,472
2,18,11,20,10.3,264,392,551
2,18,11,30,10.4,133,409,490
2,18,11,40,10.5,314,380,574
2,18,11,50,10.700000000000001,479,312,609
2,18,12,0,10.8,355,369,590
2,18,12,10,10.8,155,415,512
2,18,12,20,10.8,145,416,506
2,18,12,30,10.8,77,403,451
2,18,12,40,10.9,561,266,614
2,18,12,50,10.9,441,324,596
2,18,13,0,10.9,525,277,597
2,18,13,10,10.8,675,200,606
2,18,13,20,10.600000000000001,427,313,566
2,18,13,30,10.5,522,253,558
2,18,13,40,10.3,129,371,445
2,18,13,50,10.200000000000001,411,284,514
2,18,14,0,10,441,273,514
2,18,14,10,9.600000000000001,179,334,429
2,18,14,20,9.1,482,240,488
2,18,14,30,8.6,415,250,456
2,18,14,40,8.200000000000001,389,248,433
2,18,14,50,7.7,686,152,466
2,18,15,0,7.300000000000001,424,222,407
2,18,15,10,6.9,806,29,362
2,18,15,20,6.5,726,30,314
2,18,15,30,6.2,1,112,112
2,18,15,40,5.800000000000001,0,16,16
2,18,15,50,5.4,12,149,153
2,18,16,0,5.1000000000000005,0,12,12
2,18,16,10,4.800000000000001,0,28,28
2,18,16,20,4.6000000000000005,0,8,8
2,18,16,30,4.4,0,32,32
2,18,16,40,4.1000000000000005,519,36,126
2,18,16,50,3.9000000000000004,2,53,53
2,18,17,0,3.6,494,31,87
2,18,17,10,3.5,409,25,59
2,18,17,20,3.3000000000000003,304,19,34
2,18,17,30,3.2,176,12,16
2,18,17,40,3,0,0,0
2,18,17,50,2.9000000000000004,0,0,0
2,18,18,0,2.7,0,0,0
2,18,18,10,2.6,0,0,0
2,18,18,20,2.4000000000000004,0,0,0
2,18,18,30,2.2,0,0,0
2,18,18,40,2.1,0,0,0
2,18,18,50,1.9000000000000001,0,0,0
2,18,19,0,1.8,0,0,0
2,18,19,10,1.5,0,0,0
2,18,19,20,1.3,0,0,0
2,18,19,30,1,0,0,0
2,18,19,40,0.8,0,0,0
2,18,19,50,0.5,0,0,0
2,18,20,0,0.30000000000000004,0,0,0
2,18,20,10,0.2,0,0,0
2,18,20,20,0.1,0,0,0
2,18,20,30,0.1,0,0,0
2,18,20,40,0,0,0,0
2,18,20,50,-0.1,0,0,0
2,18,21,0,-0.2,0,0,0
2,18,21,10,-0.1,0,0,0
2,18,21,20,0,0,0,0
2,18,21,30,0,0,0,0
2,18,21,40,0.1,0,0,0
2,18,21,50,0.1,0,0,0
2,18,22,0,0.2,0,0,0
2,18,22,10,0.30000000000000004,0,0,0
2,18,22,20,0.4,0,0,0
2,18,22,30,0.5,0,0,0
2,18,22,40,0.6000000000000001,0,0,0
2,18,22,50,0.7000000000000001,0,0,0
2,18,23,0,0.9,0,0,0
2,18,23,10,0.9,0,0,0
2,18,23,20,0.9,0,0,0
2,18,23,30,1,0,0,0
2,18,23,40,1,0,0,0
2,18,23,50,1.1,0,0,0
2,19,0,0,1.1,0,0,0
2,19,0,10,1.1,0,0,0
2,19,0,20,1,0,0,0
2,19,0,30,1,0,0,0
2,19,0,40,1,0,0,0
2,19,0,50,1,0,0,0
2,19,1,0,0.9,0,0,0
2,19,1,10,1,0,0,0
2,19,1,20,1,0,0,0
2,19,1,30,1.1,0,0,0
2,19,1,40,1.1,0,0,0
2,19,1,50,1.2000000000000002,0,0,0
2,19,2,0,1.2000000000000002,0,0,0
2,19,2,10,1.3,0,0,0
2,19,2,20,1.3,0,0,0
2,19,2,30,1.3,0,0,0
2,19,2,40,1.3,0,0,0
2,19,2,50,1.3,0,0,0
2,19,3,0,1.4000000000000001,0,0,0
2,19,3,10,1.3,0,0,0
2,19,3,20,1.2000000000000002,0,0,0
2,19,3,30,1.2000000000000002,0,0,0
2,19,3,40,1.1,0,0,0
2,19,3,50,1,0,0,0
2,19,4,0,0.9,0,0,0
2,19,4,10,0.9,0,0,0
2,19,4,20,0.8,0,0,0
2,19,4,30,0.8,0,0,0
2,19,4,40,0.7000000000000001,0,0,0
2,19,4,50,0.6000000000000001,0,0,0
2,19,5,0,0.6000000000000001,0,0,0
2,19,5,10,0.5,0,0,0
2,19,5,20,0.5,0,0,0
2,19,5,30,0.5,0,0,0
2,19,5,40,0.4,0,0,0
2,19,5,50,0.4,0,0,0
2,19,6,0,0.4,0,0,0
2,19,6,10,0.6000000000000001,0,0,0
2,19,6,20,0.9,0,0,0
2,19,6,30,1.2000000000000002,0,0,0
2,19,6,40,1.5,0,0,0
2,19,6,50,1.8,0,0,0
2,19,7,0,2,333,13,23
2,19,7,10,2.5,458,19,47
2,19,7,20,3.1,553,24,75
2,19,7,30,3.6,614,28,103
2,19,7,40,4.1000000000000005,673,32,135
2,19,7,50,4.6000000000000005,723,36,168
2,19,8,0,5.1000000000000005,765,39,201
2,19,8,10,5.5,800,41,235
2,19,8,20,5.9,830,44,268
2,19,8,30,6.2,856,46,300
2,19,8,40,6.6000000000000005,877,48,333
2,19,8,50,7,896,50,364
2,19,9,0,7.4,913,52,394
2,19,9,10,7.7,929,53,424
2,19,9,20,8.1,943,54,453
2,19,9,30,8.4,955,56,480
2,19,9,40,8.8,967,56,506
2,19,9,50,9.1,976,57,531
2,19,10,0,9.5,985,58,555
2,19,10,10,9.8,992,59,577
2,19,10,20,10.100000000000001,999,60,598
2,19,10,30,10.4,1005,61,617
2,19,10,40,10.700000000000001,1009,62,634
2,19,10,50,10.9,1014,63,650
2,19,11,0,11.200000000000001,1018,63,664
2,19,11,10,11.5,1021,64,677
2,19,11,20,11.700000000000001,1024,64,688
2,19,11,30,11.9,1026,64,696
2,19,11,40,12.100000000000001,1028,65,703
2,19,11,50,12.3,1030,65,709
2,19,12,0,12.5,435,280,553
2,19,12,10,12.600000000000001,1031,65,714
2,19,12,20,12.8,1042,65,721
2,19,12,30,12.9,1041,65,719
2,19,12,40,13,1042,64,715
2,19,12,50,13.100000000000001,1040,64,709
2,19,13,0,13.200000000000001,1038,64,702
2,19,13,10,13.200000000000001,1036,64,693
2,19,13,20,13.200000000000001,1033,63,681
2,19,13,30,13.200000000000001,633,208,580
2,19,13,40,13.200000000000001,1026,62,654
2,19,13,50,13.200000000000001,518,213,505
2,19,14,0,13.200000000000001,55,252,282
2,19,14,10,13,1,107,108
2,19,14,20,12.9,394,233,438
2,19,14,30,12.700000000000001,429,207,422
2,19,14,40,12.5,15,169,177
2,19,14,50,12.3,387,211,390
2,19,15,0,12.200000000000001,503,176,397
2,19,15,10,11.5,528,160,381
2,19,15,20,10.8,930,52,419
2,19,15,30,10.200000000000001,914,50,389
2,19,15,40,9.5,898,48,358
2,19,15,50,8.9,878,46,327
2,19,16,0,8.200000000000001,855,44,294
2,19,16,10,7.6000000000000005,829,42,262
2,19,16,20,6.9,798,40,229
2,19,16,30,6.300000000000001,762,38,195
2,19,16,40,5.6000000000000005,719,35,162
2,19,16,50,5,667,31,129
2,19,17,0,4.3,1,33,34
2,19,17,10,4,1,24,24
2,19,17,20,3.7,0,17,17
2,19,17,30,3.4000000000000004,292,12,19
2,19,17,40,3,0,0,0
2,19,17,50,2.7,0,0,0
2,19,18,0,2.4000000000000004,0,0,0
2,19,18,10,2.2,0,0,0
2,19,18,20,1.9000000000000001,0,0,0
2,19,18,30,1.7000000000000002,0,0,0
2,19,18,40,1.5,0,0,0
2,19,18,50,1.2000000000000002,0,0,0
2,19,19,0,1,0,0,0
2,19,19,10,1,0,0,0
2,19,19,20,0.9,0,0,0
2,19,19,30,0.9,0,0,0
2,19,19,40,0.8,0,0,0
2,19,19,50,0.7000000000000001,0,0,0
2,19,20,0,0.7000000000000001,0,0,0
2,19,20,10,0.7000000000000001,0,0,0
2,19,20,20,0.7000000000000001,0,0,0
2,19,20,30,0.7000000000000001,0,0,0
2,19,20,40,0.7000000000000001,0,0,0
2,19,20,50,0.7000000000000001,0,0,0
2,19,21,0,0.7000000000000001,0,0,0
2,19,21,10,0.7000000000000001,0,0,0
2,19,21,20,0.7000000000000001,0,0,0
2,19,21,30,0.7000000000000001,0,0,0
2,19,21,40,0.7000000000000001,0,0,0
2,19,21,50,0.6000000000000001,0,0,0
2,19,22,0,0.6000000000000001,0,0,0
2,19,22,10,0.6000000000000001,0,0,0
2,19,22,20,0.6000000000000001,0,0,0
2,19,22,30,0.6000000000000001,0,0,0
2,19,22,40,0.5,0,0,0
2,19,22,50,0.5,0,0,0
2,19,23,0,0.5,0,0,0
2,19,23,10,0.5,0,0,0
2,19,23,20,0.5,0,0,0
2,19,23,30,0.5,0,0,0
2,19,23,40,0.5,0,0,0
2,19,23,50,0.5,0,0,0
2,20,0,0,0.5,0,0,0
2,20,0,10,0.5,0,0,0
2,20,0,20,0.5,0,0,0
2,20,0,30,0.5,0,0,0
2,20,0,40,0.6000000000000001,0,0,0
2,20,0,50,0.6000000000000001,0,0,0
2,20,1,0,0.6000000000000001,0,0,0
2,20,1,10,0.6000000000000001,0,0,0
2,20,1,20,0.6000000000000001,0,0,0
2,20,1,30,0.6000000000000001,0,0,0
2,20,1,40,0.7000000000000001,0,0,0
2,20,1,50,0.7000000000000001,0,0,0
2,20,2,0,0.7000000000000001,0,0,0
2,20,2,10,0.7000000000000001,0,0,0
2,20,2,20,0.7000000000000001,0,0,0
2,20,2,30,0.7000000000000001,0,0,0
2,20,2,40,0.7000000000000001,0,0,0
2,20,2,50,0.7000000000000001,0,0,0
2,20,3,0,0.7000000000000001,0,0,0
2,20,3,10,0.7000000000000001,0,0,0
2,20,3,20,0.8,0,0,0
2,20,3,30,0.8,0,0,0
2,20,3,40,0.8,0,0,0
2,20,3,50,0.8,0,0,0
2,20,4,0,0.8,0,0,0
2,20,4,10,0.9,0,0,0
2,20,4,20,1,0,0,0
2,20,4,30,1,0,0,0
2,20,4,40,1.1,0,0,0
2,20,4,50,1.2000000000000002,0,0,0
2,20,5,0,1.2000000000000002,0,0,0
2,20,5,10,1.3,0,0,0
2,20,5,20,1.4000000000000001,0,0,0
2,20,5,30,1.5,0,0,0
2,20,5,40,1.5,0,0,0
2,20,5,50,1.6,0,0,0
2,20,6,0,1.7000000000000002,0,0,0
2,20,6,10,2.1,0,0,0
2,20,6,20,2.5,0,0,0
2,20,6,30,2.9000000000000004,0,0,0
2,20,6,40,3.4000000000000004,0,0,0
2,20,6,50,3.8000000000000003,0,0,0
2,20,7,0,4.2,313,14,25
2,20,7,10,4.800000000000001,431,20,48
2,20,7,20,5.4,525,25,76
2,20,7,30,6.1000000000000005,599,30,106
2,20,7,40,6.7,656,34,137
2,20,7,50,7.300000000000001,706,37,170
2,20,8,0,7.9,748,40,203
2,20,8,10,8.4,783,43,236
2,20,8,20,9,813,46,269
2,20,8,30,9.5,839,48,301
2,20,8,40,10,858,50,333
2,20,8,50,10.5,877,52,364
2,20,9,0,11,895,54,394
2,20,9,10,11.5,903,55,421
2,20,9,20,12,917,57,449
2,20,9,30,12.5,929,58,476
2,20,9,40,13,936,61,501
2,20,9,50,13.5,946,62,526
2,20,10,0,14,955,63,549
2,20,10,10,14.200000000000001,962,64,571
2,20,10,20,14.4,969,65,591
2,20,10,30,14.700000000000001,976,65,610
2,20,10,40,14.9,985,64,628
2,20,10,50,15.200000000000001,990,65,643
2,20,11,0,15.4,988,65,654
2,20,11,10,15.5,992,66,666
2,20,11,20,15.600000000000001,995,66,676
2,20,11,30,15.700000000000001,997,66,685
2,20,11,40,15.8,995,68,692
2,20,11,50,15.9,997,69,697
2,20,12,0,16,998,69,700
2,20,12,10,16,998,69,702
2,20,12,20,16,998,69,702
2,20,12,30,16,998,69,700
2,20,12,40,16,991,71,695
2,20,12,50,16,984,71,686
2,20,13,0,16,982,71,679
2,20,13,10,15.9,980,70,670
2,20,13,20,15.8,976,70,659
2,20,13,30,15.700000000000001,973,70,647
2,20,13,40,15.600000000000001,965,70,632
2,20,13,50,15.600000000000001,960,70,616
2,20,14,0,15.5,954,69,598
2,20,14,10,15.3,356,248,440
2,20,14,20,15.100000000000001,97,260,311
2,20,14,30,14.8,67,241,275
2,20,14,40,14.600000000000001,129,248,311
2,20,14,50,14.4,910,64,489
2,20,15,0,14.200000000000001,899,63,463
2,20,15,10,13.600000000000001,885,62,436
2,20,15,20,13.100000000000001,871,60,408
2,20,15,30,12.5,518,143,337
2,20,15,40,11.9,592,109,316
2,20,15,50,11.4,517,113,280
2,20,16,0,10.8,324,129,225
2,20,16,10,10.3,49,130,143
2,20,16,20,9.8,21,106,111
2,20,16,30,9.4,88,113,131
2,20,16,40,8.9,66,97,109
2,20,16,50,8.4,4,49,49
2,20,17,0,7.9,56,64,70
2,20,17,10,7.7,21,47,49
2,20,17,20,7.5,4,26,26
2,20,17,30,7.300000000000001,243,13,20
2,20,17,40,7.1000000000000005,0,0,0
2,20,17,50,7,0,0,0
2,20,18,0,6.800000000000001,0,0,0
2,20,18,10,6.6000000000000005,0,0,0
2,20,18,20,6.4,0,0,0
2,20,18,30,6.2,0,0,0
2,20,18,40,6,0,0,0
2,20,18,50,5.800000000000001,0,0,0
2,20,19,0,5.6000000000000005,0,0,0
2,20,19,10,5.4,0,0,0
2,20,19,20,5.300000000000001,0,0,0
2,20,19,30,5.1000000000000005,0,0,0
2,20,19,40,4.9,0,0,0
2,20,19,50,4.7,0,0,0
2,20,20,0,4.6000000000000005,0,0,0
2,20,20,10,4.4,0,0,0
2,20,20,20,4.3,0,0,0
2,20,20,30,4.2,0,0,0
2,20,20,40,4.1000000000000005,0,0,0
2,20,20,50,3.9000000000000004,0,0,0
2,20,21,0,3.8000000000000003,0,0,0
2,20,21,10,3.7,0,0,0
2,20,21,20,3.7,0,0,0
2,20,21,30,3.6,0,0,0
2,20,21,40,3.5,0,0,0
2,20,21,50,3.5,0,0,0
2,20,22,0,3.4000000000000004,0,0,0
2,20,22,10,3.4000000000000004,0,0,0
2,20,22,20,3.4000000000000004,0,0,0
2,20,22,30,3.4000000000000004,0,0,0
2,20,22,40,3.4000000000000004,0,0,0
2,20,22,50,3.3000000000000003,0,0,0
2,20,23,0,3.3000000000000003,0,0,0
2,20,23,10,3.3000000000000003,0,0,0
2,20,23,20,3.3000000000000003,0,0,0
2,20,23,30,3.2,0,0,0
2,20,23,40,3.2,0,0,0
2,20,23,50,3.1,0,0,0
2,21,0,0,3.1,0,0,0
2,21,0,10,3,0,0,0
2,21,0,20,2.9000000000000004,0,0,0
2,21,0,30,2.9000000000000004,0,0,0
2,21,0,40,2.8000000000000003,0,0,0
2,21,0,50,2.7,0,0,0
2,21,1,0,2.6,0,0,0
2,21,1,10,2.6,0,0,0
2,21,1,20,2.5,0,0,0
2,21,1,30,2.4000000000000004,0,0,0
2,21,1,40,2.3000000000000003,0,0,0
2,21,1,50,2.3000000000000003,0,0,0
2,21,2,0,2.2,0,0,0
2,21,2,10,2.2,0,0,0
2,21,2,20,2.2,0,0,0
2,21,2,30,2.2,0,0,0
2,21,2,40,2.3000000000000003,0,0,0
2,21,2,50,2.3000000000000003,0,0,0
2,21,3,0,2.3000000000000003,0,0,0
2,21,3,10,2.3000000000000003,0,0,0
2,21,3,20,2.4000000000000004,0,0,0
2,21,3,30,2.4000000000000004,0,0,0
2,21,3,40,2.5,0,0,0
2,21,3,50,2.6,0,0,0
2,21,4,0,2.6,0,0,0
2,21,4,10,2.6,0,0,0
2,21,4,20,2.6,0,0,0
2,21,4,30,2.5,0,0,0
2,21,4,40,2.5,0,0,0
2,21,4,50,2.5,0,0,0
2,21,5,0,2.5,0,0,0
2,21,5,10,2.4000000000000004,0,0,0
2,21,5,20,2.4000000000000004,0,0,0
2,21,5,30,2.3000000000000003,0,0,0
2,21,5,40,2.3000000000000003,0,0,0
2,21,5,50,2.3000000000000003,0,0,0
2,21,6,0,2.2,0,0,0
2,21,6,10,2.7,0,0,0
2,21,6,20,3.1,0,0,0
2,21,6,30,3.5,0,0,0
2,21,6,40,4,0,0,0
2,21,6,50,4.4,0,0,0
2,21,7,0,4.9,361,14,28
2,21,7,10,5.5,474,20,53
2,21,7,20,6.2,563,25,81
2,21,7,30,6.800000000000001,633,29,112
2,21,7,40,7.5,693,32,144
2,21,7,50,8.1,740,35,177
2,21,8,0,8.8,779,37,210
2,21,8,10,9.3,812,40,244
2,21,8,20,9.9,841,42,277
2,21,8,30,10.5,865,44,309
2,21,8,40,11,886,45,341
2,21,8,50,11.600000000000001,905,47,373
2,21,9,0,12.100000000000001,921,48,403
2,21,9,10,12.5,936,50,432
2,21,9,20,12.9,949,51,461
2,21,9,30,13.3,960,52,488
2,21,9,40,13.600000000000001,970,53,514
2,21,9,50,14,979,54,539
2,21,10,0,14.4,987,55,563
2,21,10,10,14.5,995,56,585
2,21,10,20,14.700000000000001,1001,56,605
2,21,10,30,14.9,1007,57,624
2,21,10,40,15,1007,60,641
2,21,10,50,15.200000000000001,1012,61,657
2,21,11,0,15.3,1015,61,671
2,21,11,10,15.3,1019,62,684
2,21,11,20,15.4,1021,62,694
2,21,11,30,15.4,1024,62,703
2,21,11,40,15.4,1018,67,709
2,21,11,50,15.4,1020,67,715
2,21,12,0,15.4,1020,67,718
2,21,12,10,15.4,1021,67,720
2,21,12,20,15.3,1021,67,719
2,21,12,30,15.200000000000001,1020,67,717
2,21,12,40,15.100000000000001,1015,69,713
2,21,12,50,15,1014,69,707
2,21,13,0,14.9,1012,68,700
2,21,13,10,14.700000000000001,1009,68,690
2,21,13,20,14.5,1006,68,679
2,21,13,30,14.3,1002,67,666
2,21,13,40,14,990,70,651
2,21,13,50,13.8,429,253,499
2,21,14,0,13.600000000000001,590,181,511
2,21,14,10,13.3,570,198,508
2,21,14,20,13.100000000000001,163,277,363
2,21,14,30,12.8,102,250,302
2,21,14,40,12.5,110,255,309
2,21,14,50,12.3,252,235,354
2,21,15,0,12,137,234,296
2,21,15,10,11.600000000000001,159,225,292
2,21,15,20,11.100000000000001,8,132,135
2,21,15,30,10.700000000000001,78,203,233
2,21,15,40,10.200000000000001,0,41,42
2,21,15,50,9.8,19,131,137
2,21,16,0,9.4,0,16,16
2,21,16,10,8.8,16,107,111
2,21,16,20,8.3,0,8,8
2,21,16,30,7.7,6,67,68
2,21,16,40,7.1000000000000005,0,15,15
2,21,16,50,6.6000000000000005,28,78,82
2,21,17,0,6,0,20,20
2,21,17,10,5.800000000000001,479,26,71
2,21,17,20,5.6000000000000005,380,20,44
2,21,17,30,5.4,248,14,21
2,21,17,40,5.2,0,0,0
2,21,17,50,5,0,0,0
2,21,18,0,4.800000000000001,0,0,0
2,21,18,10,4.5,0,0,0
2,21,18,20,4.3,0,0,0
2,21,18,30,4.1000000000000005,0,0,0
2,21,18,40,3.9000000000000004,0,0,0
2,21,18,50,3.6,0,0,0
2,21,19,0,3.4000000000000004,0,0,0
2,21,19,10,3.3000000000000003,0,0,0
2,21,19,20,3.3000000000000003,0,0,0
2,21,19,30,3.2,0,0,0
2,21,19,40,3.1,0,0,0
2,21,19,50,3.1,0,0,0
2,21,20,0,3,0,0,0
2,21,20,10,3,0,0,0
2,21,20,20,3,0,0,0
2,21,20,30,2.9000000000000004,0,0,0
2,21,20,40,2.9000000000000004,0,0,0
2,21,20,50,2.9000000000000004,0,0,0
2,21,21,0,2.9000000000000004,0,0,0
2,21,21,10,2.8000000000000003,0,0,0
2,21,21,20,2.8000000000000003,0,0,0
2,21,21,30,2.8000000000000003,0,0,0
2,21,21,40,2.8000000000000003,0,0,0
2,21,21,50,2.7,0,0,0
2,21,22,0,2.7,0,0,0
2,21,22,10,2.7,0,0,0
2,21,22,20,2.7,0,0,0
2,21,22,30,2.7,0,0,0
2,21,22,40,2.7,0,0,0
2,21,22,50,2.7,0,0,0
2,21,23,0,2.7,0,0,0
2,21,23,10,2.6,0,0,0
2,21,23,20,2.6,0,0,0
2,21,23,30,2.5,0,0,0
2,21,23,40,2.4000000000000004,0,0,0
2,21,23,50,2.4000000000000004,0,0,0
2,22,0,0,2.3000000000000003,0,0,0
2,22,0,10,2.2,0,0,0
2,22,0,20,2,0,0,0
2,22,0,30,1.8,0,0,0
2,22,0,40,1.7000000000000002,0,0,0
2,22,0,50,1.5,0,0,0
2,22,1,0,1.4000000000000001,0,0,0
2,22,1,10,1.3,0,0,0
2,22,1,20,1.2000000000000002,0,0,0
2,22,1,30,1.1,0,0,0
2,22,1,40,1,0,0,0
2,22,1,50,0.8,0,0,0
2,22,2,0,0.7000000000000001,0,0,0
2,22,2,10,0.7000000000000001,0,0,0
2,22,2,20,0.7000000000000001,0,0,0
2,22,2,30,0.7000000000000001,0,0,0
2,22,2,40,0.6000000000000001,0,0,0
2,22,2,50,0.6000000000000001,0,0,0
2,22,3,0,0.6000000000000001,0,0,0
2,22,3,10,0.5,0,0,0
2,22,3,20,0.5,0,0,0
2,22,3,30,0.5,0,0,0
2,22,3,40,0.4,0,0,0
2,22,3,50,0.4,0,0,0
2,22,4,0,0.4,0,0,0
2,22,4,10,0.30000000000000004,0,0,0
2,22,4,20,0.2,0,0,0
2,22,4,30,0.2,0,0,0
2,22,4,40,0.1,0,0,0
2,22,4,50,0,0,0,0
2,22,5,0,0,0,0,0
2,22,5,10,0,0,0,0
2,22,5,20,-0.1,0,0,0
2,22,5,30,-0.1,0,0,0
2,22,5,40,-0.2,0,0,0
2,22,5,50,-0.2,0,0,0
2,22,6,0,-0.2,0,0,0
2,22,6,10,0,0,0,0
2,22,6,20,0.2,0,0,0
2,22,6,30,0.4,0,0,0
2,22,6,40,0.6000000000000001,0,0,0
2,22,6,50,0.8,0,0,0
2,22,7,0,1,246,17,28
2,22,7,10,1.3,359,25,51
2,22,7,20,1.6,450,31,78
2,22,7,30,1.9000000000000001,3,65,65
2,22,7,40,2.1,1,55,55
2,22,7,50,2.4000000000000004,0,47,47
2,22,8,0,2.7,4,104,105
2,22,8,10,2.9000000000000004,6,124,125
2,22,8,20,3.2,16,152,157
2,22,8,30,3.4000000000000004,61,185,204
2,22,8,40,3.7,819,57,334
2,22,8,50,4,10,166,170
2,22,9,0,4.2,0,66,66
2,22,9,10,4.4,0,39,39
2,22,9,20,4.6000000000000005,0,35,35
2,22,9,30,4.800000000000001,0,79,79
2,22,9,40,5.1000000000000005,0,86,86
2,22,9,50,5.300000000000001,0,75,75
2,22,10,0,5.5,0,60,60
2,22,10,10,5.6000000000000005,0,46,46
2,22,10,20,5.800000000000001,0,84,84
2,22,10,30,5.9,4,253,256
2,22,10,40,6.1000000000000005,104,353,414
2,22,10,50,6.2,123,364,438
2,22,11,0,6.4,0,174,174
2,22,11,10,6.5,1,211,211
2,22,11,20,6.6000000000000005,1,217,217
2,22,11,30,6.7,20,317,330
2,22,11,40,6.800000000000001,1,261,262
2,22,11,50,6.9,37,337,361
2,22,12,0,7,78,365,415
2,22,12,10,7,4,292,294
2,22,12,20,7.1000000000000005,0,211,211
2,22,12,30,7.1000000000000005,2,269,270
2,22,12,40,7.2,1,228,229
2,22,12,50,7.2,0,195,195
2,22,13,0,7.300000000000001,9,302,308
2,22,13,10,7.300000000000001,228,373,515
2,22,13,20,7.2,178,376,486
2,22,13,30,7.2,4,267,269
2,22,13,40,7.2,35,315,336
2,22,13,50,7.2,76,341,384
2,22,14,0,7.2,1,216,217
2,22,14,10,7.1000000000000005,42,288,311
2,22,14,20,7,40,282,303
2,22,14,30,7,138,316,387
2,22,14,40,6.9,925,68,526
2,22,14,50,6.800000000000001,915,67,501
2,22,15,0,6.7,903,65,475
2,22,15,10,6.5,123,262,315
2,22,15,20,6.300000000000001,875,62,419
2,22,15,30,6.1000000000000005,858,60,389
2,22,15,40,5.800000000000001,841,58,359
2,22,15,50,5.6000000000000005,820,56,328
2,22,16,0,5.4,795,54,296
2,22,16,10,4.9,767,51,264
2,22,16,20,4.4,735,48,231
2,22,16,30,3.8000000000000003,697,45,198
2,22,16,40,3.3000000000000003,655,41,165
2,22,16,50,2.8000000000000003,602,38,133
2,22,17,0,2.3000000000000003,537,33,102
2,22,17,10,2.1,459,28,72
2,22,17,20,1.9000000000000001,360,22,45
2,22,17,30,1.8,237,15,23
2,22,17,40,1.6,0,0,0
2,22,17,50,1.4000000000000001,0,0,0
2,22,18,0,1.3,0,0,0
2,22,18,10,1.1,0,0,0
2,22,18,20,1,0,0,0
2,22,18,30,0.9,0,0,0
2,22,18,40,0.8,0,0,0
2,22,18,50,0.6000000000000001,0,0,0
2,22,19,0,0.5,0,0,0
2,22,19,10,0.4,0,0,0
2,22,19,20,0.2,0,0,0
2,22,19,30,0.1,0,0,0
2,22,19,40,-0.1,0,0,0
2,22,19,50,-0.2,0,0,0
2,22,20,0,-0.4,0,0,0
2,22,20,10,-0.4,0,0,0
2,22,20,20,-0.5,0,0,0
2,22,20,30,-0.5,0,0,0
2,22,20,40,-0.6,0,0,0
2,22,20,50,-0.6,0,0,0
2,22,21,0,-0.7,0,0,0
2,22,21,10,-0.7,0,0,0
2,22,21,20,-0.7,0,0,0
2,22,21,30,-0.7,0,0,0
2,22,21,40,-0.8,0,0,0
2,22,21,50,-0.8,0,0,0
2,22,22,0,-0.8,0,0,0
2,22,22,10,-0.9,0,0,0
2,22,22,20,-1,0,0,0
2,22,22,30,-1,0,0,0
2,22,22,40,-1.1,0,0,0
2,22,22,50,-1.1,0,0,0
2,22,23,0,-1.2,0,0,0
2,22,23,10,-1.3,0,0,0
2,22,23,20,-1.4,0,0,0
2,22,23,30,-1.5,0,0,0
2,22,23,40,-1.6,0,0,0
2,22,23,50,-1.6,0,0,0
2,23,0,0,-1.7,0,0,0
2,23,0,10,-1.8,0,0,0
2,23,0,20,-1.8,0,0,0
2,23,0,30,-1.9,0,0,0
2,23,0,40,-1.9,0,0,0
2,23,0,50,-2,0,0,0
2,23,1,0,-2,0,0,0
2,23,1,10,-2.1,0,0,0
2,23,1,20,-2.1,0,0,0
2,23,1,30,-2.1,0,0,0
2,23,1,40,-2.1,0,0,0
2,23,1,50,-2.1,0,0,0
2,23,2,0,-2.2,0,0,0
2,23,2,10,-2.2,0,0,0
2,23,2,20,-2.2,0,0,0
2,23,2,30,-2.2,0,0,0
2,23,2,40,-2.3,0,0,0
2,23,2,50,-2.3,0,0,0
2,23,3,0,-2.3,0,0,0
2,23,3,10,-2.3,0,0,0
2,23,3,20,-2.3,0,0,0
2,23,3,30,-2.4,0,0,0
2,23,3,40,-2.4,0,0,0
2,23,3,50,-2.4,0,0,0
2,23,4,0,-2.4,0,0,0
2,23,4,10,-2.5,0,0,0
2,23,4,20,-2.5,0,0,0
2,23,4,30,-2.5,0,0,0
2,23,4,40,-2.5,0,0,0
2,23,4,50,-2.5,0,0,0
2,23,5,0,-2.5,0,0,0
2,23,5,10,-2.5,0,0,0
2,23,5,20,-2.5,0,0,0
2,23,5,30,-2.5,0,0,0
2,23,5,40,-2.5,0,0,0
2,23,5,50,-2.5,0,0,0
2,23,6,0,-2.5,0,0,0
2,23,6,10,-2,0,0,0
2,23,6,20,-1.5,0,0,0
2,23,6,30,-1,0,0,0
2,23,6,40,-0.6,0,0,0
2,23,6,50,-0.1,0,0,0
2,23,7,0,0.4,356,17,34
2,23,7,10,0.9,473,23,60
2,23,7,20,1.4000000000000001,562,29,90
2,23,7,30,1.9000000000000001,634,33,122
2,23,7,40,2.4000000000000004,698,36,156
2,23,7,50,2.9000000000000004,745,40,190
2,23,8,0,3.4000000000000004,784,43,224
2,23,8,10,3.7,817,45,258
2,23,8,20,4.1000000000000005,846,47,292
2,23,8,30,4.4,870,50,325
2,23,8,40,4.7,896,51,358
2,23,8,50,5,915,52,390
2,23,9,0,5.4,931,54,421
2,23,9,10,5.6000000000000005,946,55,451
2,23,9,20,5.9,958,57,480
2,23,9,30,6.2,970,58,508
2,23,9,40,6.4,984,58,535
2,23,9,50,6.7,993,59,560
2,23,10,0,7,1001,59,584
2,23,10,10,7.2,1008,60,606
2,23,10,20,7.4,1014,61,627
2,23,10,30,7.6000000000000005,1020,62,646
2,23,10,40,7.800000000000001,1034,57,664
2,23,10,50,8.1,1038,57,680
2,23,11,0,8.3,1042,58,694
2,23,11,10,8.4,1045,58,706
2,23,11,20,8.6,1048,58,717
2,23,11,30,8.700000000000001,1050,59,726
2,23,11,40,8.9,1053,58,733
2,23,11,50,9,1054,58,738
2,23,12,0,9.200000000000001,1055,58,742
2,23,12,10,9.3,1056,58,743
2,23,12,20,9.3,1056,58,743
2,23,12,30,9.4,1055,58,741
2,23,12,40,9.5,1053,59,737
2,23,12,50,9.600000000000001,1052,59,731
2,23,13,0,9.600000000000001,1050,59,724
2,23,13,10,9.600000000000001,1048,58,714
2,23,13,20,9.600000000000001,1045,58,703
2,23,13,30,9.700000000000001,1042,58,690
2,23,13,40,9.700000000000001,1032,61,676
2,23,13,50,9.700000000000001,1028,60,660
2,23,14,0,9.700000000000001,1023,60,642
2,23,14,10,9.600000000000001,1017,59,622
2,23,14,20,9.5,1011,59,601
2,23,14,30,9.4,1003,58,578
2,23,14,40,9.3,992,58,554
2,23,14,50,9.200000000000001,983,57,528
2,23,15,0,9.1,972,56,501
2,23,15,10,8.700000000000001,961,55,473
2,23,15,20,8.3,948,54,444
2,23,15,30,8,933,52,414
2,23,15,40,7.6000000000000005,910,52,382
2,23,15,50,7.2,891,50,350
2,23,16,0,6.800000000000001,869,49,317
2,23,16,10,6,843,46,283
2,23,16,20,5.1000000000000005,813,44,249
2,23,16,30,4.3,779,41,215
2,23,16,40,3.5,729,39,180
2,23,16,50,2.7,679,36,146
2,23,17,0,1.8,618,32,113
2,23,17,10,1.6,542,27,82
2,23,17,20,1.3,446,22,53
2,23,17,30,1.1,320,16,28
2,23,17,40,0.9,0,0,0
2,23,17,50,0.6000000000000001,0,0,0
2,23,18,0,0.4,0,0,0
2,23,18,10,0.30000000000000004,0,0,0
2,23,18,20,0.2,0,0,0
2,23,18,30,0.1,0,0,0
2,23,18,40,0.1,0,0,0
2,23,18,50,0,0,0,0
2,23,19,0,-0.1,0,0,0
2,23,19,10,-0.1,0,0,0
2,23,19,20,-0.2,0,0,0
2,23,19,30,-0.3,0,0,0
2,23,19,40,-0.4,0,0,0
2,23,19,50,-0.4,0,0,0
2,23,20,0,-0.5,0,0,0
2,23,20,10,-0.6,0,0,0
2,23,20,20,-0.8,0,0,0
2,23,20,30,-0.9,0,0,0
2,23,20,40,-1.1,0,0,0
2,23,20,50,-1.2,0,0,0
2,23,21,0,-1.4,0,0,0
2,23,21,10,-1.5,0,0,0
2,23,21,20,-1.6,0,0,0
2,23,21,30,-1.7,0,0,0
2,23,21,40,-1.9,0,0,0
2,23,21,50,-2,0,0,0
2,23,22,0,-2.1,0,0,0
2,23,22,10,-2.2,0,0,0
2,23,22,20,-2.3,0,0,0
2,23,22,30,-2.3,0,0,0
2,23,22,40,-2.4,0,0,0
2,23,22,50,-2.5,0,0,0
2,23,23,0,-2.6,0,0,0
2,23,23,10,-2.6,0,0,0
2,23,23,20,-2.7,0,0,0
2,23,23,30,-2.7,0,0,0
2,23,23,40,-2.7,0,0,0
2,23,23,50,-2.8,0,0,0
2,24,0,0,-2.8,0,0,0
2,24,0,10,-2.8,0,0,0
2,24,0,20,-2.9,0,0,0
2,24,0,30,-2.9,0,0,0
2,24,0,40,-2.9,0,0,0
2,24,0,50,-2.9,0,0,0
2,24,1,0,-2.9,0,0,0
2,24,1,10,-2.9,0,0,0
2,24,1,20,-2.9,0,0,0
2,24,1,30,-2.9,0,0,0
2,24,1,40,-2.9,0,0,0
2,24,1,50,-2.9,0,0,0
2,24,2,0,-2.8,0,0,0
2,24,2,10,-2.8,0,0,0
2,24,2,20,-2.8,0,0,0
2,24,2,30,-2.8,0,0,0
2,24,2,40,-2.8,0,0,0
2,24,2,50,-2.8,0,0,0
2,24,3,0,-2.8,0,0,0
2,24,3,10,-2.8,0,0,0
2,24,3,20,-2.8,0,0,0
2,24,3,30,-2.8,0,0,0
2,24,3,40,-2.8,0,0,0
2,24,3,50,-2.7,0,0,0
2,24,4,0,-2.7,0,0,0
2,24,4,10,-2.7,0,0,0
2,24,4,20,-2.7,0,0,0
2,24,4,30,-2.6,0,0,0
2,24,4,40,-2.6,0,0,0
2,24,4,50,-2.6,0,0,0
2,24,5,0,-2.5,0,0,0
2,24,5,10,-2.5,0,0,0
2,24,5,20,-2.4,0,0,0
2,24,5,30,-2.4,0,0,0
2,24,5,40,-2.3,0,0,0
2,24,5,50,-2.2,0,0,0
2,24,6,0,-2.2,0,0,0
2,24,6,10,-1.7,0,0,0
2,24,6,20,-1.1,0,0,0
2,24,6,30,-0.6,0,0,0
2,24,6,40,-0.1,0,0,0
2,24,6,50,0.5,172,13,16
2,24,7,0,1,323,20,37
2,24,7,10,1.7000000000000002,444,27,64
2,24,7,20,2.4000000000000004,537,33,94
2,24,7,30,3,611,38,127
2,24,7,40,3.7,667,43,160
2,24,7,50,4.4,717,46,195
2,24,8,0,5.1000000000000005,759,50,229
2,24,8,10,5.7,794,53,264
2,24,8,20,6.300000000000001,825,56,298
2,24,8,30,6.9,851,58,332
2,24,8,40,7.5,872,61,365
2,24,8,50,8.1,892,63,397
2,24,9,0,8.700000000000001,910,65,429
2,24,9,10,9.200000000000001,926,67,459
2,24,9,20,9.600000000000001,940,68,489
2,24,9,30,10,952,70,517
2,24,9,40,10.5,962,72,544
2,24,9,50,10.9,972,73,569
2,24,10,0,11.3,980,74,593
2,24,10,10,11.600000000000001,988,76,616
2,24,10,20,11.9,995,77,637
2,24,10,30,12.200000000000001,1002,77,656
2,24,10,40,12.5,1013,76,676
2,24,10,50,12.8,1018,77,692
2,24,11,0,13,1022,77,706
2,24,11,10,13.200000000000001,1026,78,719
2,24,11,20,13.4,1029,78,730
2,24,11,30,13.5,1031,79,739
2,24,11,40,13.700000000000001,1030,80,745
2,24,11,50,13.9,1032,80,751
2,24,12,0,14.100000000000001,1032,80,754
2,24,12,10,14.100000000000001,1033,80,756
2,24,12,20,14.200000000000001,1033,80,756
2,24,12,30,14.200000000000001,1018,80,744
2,24,12,40,14.3,545,261,615
2,24,12,50,14.3,704,204,657
2,24,13,0,14.4,756,189,672
2,24,13,10,14.3,517,262,588
2,24,13,20,14.3,690,202,631
2,24,13,30,14.200000000000001,817,166,666
2,24,13,40,14.200000000000001,681,201,610
2,24,13,50,14.100000000000001,644,205,583
2,24,14,0,14.100000000000001,512,237,531
2,24,14,10,13.9,617,199,544
2,24,14,20,13.700000000000001,572,194,504
2,24,14,30,13.600000000000001,562,206,500
2,24,14,40,13.4,554,197,477
2,24,14,50,13.200000000000001,637,165,473
2,24,15,0,13,591,162,435
2,24,15,10,12.5,538,177,413
2,24,15,20,12,569,160,397
2,24,15,30,11.4,571,146,369
2,24,15,40,10.9,873,61,381
2,24,15,50,10.4,589,130,330
2,24,16,0,9.8,535,124,291
2,24,16,10,9,801,54,282
2,24,16,20,8.1,521,104,238
2,24,16,30,7.300000000000001,501,98,212
2,24,16,40,6.5,403,87,166
2,24,16,50,5.6000000000000005,406,74,141
2,24,17,0,4.800000000000001,0,3,3
2,24,17,10,4.5,0,6,6
2,24,17,20,4.2,0,16,16
2,24,17,30,4,1,18,18
2,24,17,40,3.7,0,0,0
2,24,17,50,3.5,0,0,0
2,24,18,0,3.2,0,0,0
2,24,18,10,3.1,0,0,0
2,24,18,20,3.1,0,0,0
2,24,18,30,3,0,0,0
2,24,18,40,2.9000000000000004,0,0,0
2,24,18,50,2.8000000000000003,0,0,0
2,24,19,0,2.7,0,0,0
2,24,19,10,2.7,0,0,0
2,24,19,20,2.6,0,0,0
2,24,19,30,2.6,0,0,0
2,24,19,40,2.5,0,0,0
2,24,19,50,2.5,0,0,0
2,24,20,0,2.4000000000000004,0,0,0
2,24,20,10,2.3000000000000003,0,0,0
2,24,20,20,2.3000000000000003,0,0,0
2,24,20,30,2.2,0,0,0
2,24,20,40,2.2,0,0,0
2,24,20,50,2.1,0,0,0
2,24,21,0,2,0,0,0
2,24,21,10,2,0,0,0
2,24,21,20,1.9000000000000001,0,0,0
2,24,21,30,1.9000000000000001,0,0,0
2,24,21,40,1.8,0,0,0
2,24,21,50,1.8,0,0,0
2,24,22,0,1.7000000000000002,0,0,0
2,24,22,10,1.7000000000000002,0,0,0
2,24,22,20,1.7000000000000002,0,0,0
2,24,22,30,1.6,0,0,0
2,24,22,40,1.6,0,0,0
2,24,22,50,1.5,0,0,0
2,24,23,0,1.5,0,0,0
2,24,23,10,1.4000000000000001,0,0,0
2,24,23,20,1.4000000000000001,0,0,0
2,24,23,30,1.3,0,0,0
2,24,23,40,1.3,0,0,0
2,24,23,50,1.2000000000000002,0,0,0
2,25,0,0,1.2000000000000002,0,0,0
2,25,0,10,1.1,0,0,0
2,25,0,20,1,0,0,0
2,25,0,30,1,0,0,0
2,25,0,40,0.9,0,0,0
2,25,0,50,0.8,0,0,0
2,25,1,0,0.8,0,0,0
2,25,1,10,0.7000000000000001,0,0,0
2,25,1,20,0.6000000000000001,0,0,0
2,25,1,30,0.6000000000000001,0,0,0
2,25,1,40,0.5,0,0,0
2,25,1,50,0.4,0,0,0
2,25,2,0,0.30000000000000004,0,0,0
2,25,2,10,0.30000000000000004,0,0,0
2,25,2,20,0.2,0,0,0
2,25,2,30,0.2,0,0,0
2,25,2,40,0.1,0,0,0
2,25,2,50,0,0,0,0
2,25,3,0,0,0,0,0
2,25,3,10,-0.1,0,0,0
2,25,3,20,-0.1,0,0,0
2,25,3,30,-0.2,0,0,0
2,25,3,40,-0.2,0,0,0
2,25,3,50,-0.3,0,0,0
2,25,4,0,-0.3,0,0,0
2,25,4,10,-0.3,0,0,0
2,25,4,20,-0.4,0,0,0
2,25,4,30,-0.4,0,0,0
2,25,4,40,-0.4,0,0,0
2,25,4,50,-0.5,0,0,0
2,25,5,0,-0.5,0,0,0
2,25,5,10,-0.5,0,0,0
2,25,5,20,-0.5,0,0,0
2,25,5,30,-0.5,0,0,0
2,25,5,40,-0.5,0,0,0
2,25,5,50,-0.5,0,0,0
2,25,6,0,-0.5,0,0,0
2,25,6,10,0,0,0,0
2,25,6,20,0.5,0,0,0
2,25,6,30,1,0,0,0
2,25,6,40,1.5,0,0,0
2,25,6,50,2,155,14,18
2,25,7,0,2.5,301,22,39
2,25,7,10,3.2,419,29,66
2,25,7,20,3.8000000000000003,513,35,96
2,25,7,30,4.5,587,41,129
2,25,7,40,5.2,643,46,162
2,25,7,50,5.800000000000001,694,50,197
2,25,8,0,6.5,737,54,231
2,25,8,10,7.1000000000000005,773,57,266
2,25,8,20,7.7,805,60,300
2,25,8,30,8.3,832,63,334
2,25,8,40,8.9,856,65,368
2,25,8,50,9.5,876,67,400
2,25,9,0,10,895,69,431
2,25,9,10,10.4,911,71,462
2,25,9,20,10.8,925,73,491
2,25,9,30,11.200000000000001,938,75,520
2,25,9,40,11.600000000000001,956,74,548
2,25,9,50,12,952,75,566
2,25,10,0,12.4,961,76,590
2,25,10,10,12.700000000000001,969,77,612
2,25,10,20,13,976,78,633
2,25,10,30,13.3,982,79,652
2,25,10,40,13.5,1012,71,675
2,25,10,50,13.8,1016,71,691
2,25,11,0,14.100000000000001,1020,72,705
2,25,11,10,14.200000000000001,1023,72,717
2,25,11,20,14.4,1026,73,728
2,25,11,30,14.5,1028,73,737
2,25,11,40,14.700000000000001,1032,72,744
2,25,11,50,14.8,1033,73,749
2,25,12,0,14.9,1034,73,753
2,25,12,10,15,1034,73,754
2,25,12,20,15,1034,73,754
2,25,12,30,15,1034,73,752
2,25,12,40,15,1028,69,741
2,25,12,50,15.100000000000001,1026,69,735
2,25,13,0,15.100000000000001,1024,69,727
2,25,13,10,15,1022,69,718
2,25,13,20,15,1019,68,707
2,25,13,30,14.9,1015,68,694
2,25,13,40,14.9,1015,66,680
2,25,13,50,14.8,1010,65,663
2,25,14,0,14.8,1005,64,645
2,25,14,10,14.600000000000001,999,63,625
2,25,14,20,14.5,992,63,604
2,25,14,30,14.3,985,62,581
2,25,14,40,14.200000000000001,977,61,557
2,25,14,50,14.100000000000001,968,59,532
2,25,15,0,13.9,957,58,505
2,25,15,10,13.600000000000001,945,57,477
2,25,15,20,13.200000000000001,932,56,448
2,25,15,30,12.9,918,54,418
2,25,15,40,12.5,899,53,386
2,25,15,50,12.100000000000001,880,51,354
2,25,16,0,11.8,858,49,321
2,25,16,10,11,833,47,288
2,25,16,20,10.200000000000001,805,45,254
2,25,16,30,9.4,771,42,220
2,25,16,40,8.6,734,39,186
2,25,16,50,7.800000000000001,687,35,152
2,25,17,0,7,630,32,119
2,25,17,10,6.7,559,27,88
2,25,17,20,6.4,471,22,58
2,25,17,30,6.2,357,16,32
2,25,17,40,5.9,0,0,0
2,25,17,50,5.6000000000000005,0,0,0
2,25,18,0,5.300000000000001,0,0,0
2,25,18,10,5.2,0,0,0
2,25,18,20,5.1000000000000005,0,0,0
2,25,18,30,5,0,0,0
2,25,18,40,4.9,0,0,0
2,25,18,50,4.7,0,0,0
2,25,19,0,4.6000000000000005,0,0,0
2,25,19,10,4.5,0,0,0
2,25,19,20,4.4,0,0,0
2,25,19,30,4.3,0,0,0
2,25,19,40,4.2,0,0,0
2,25,19,50,4.1000000000000005,0,0,0
2,25,20,0,4,0,0,0
2,25,20,10,3.9000000000000004,0,0,0
2,25,20,20,3.9000000000000004,0,0,0
2,25,20,30,3.8000000000000003,0,0,0
2,25,20,40,3.8000000000000003,0,0,0
2,25,20,50,3.7,0,0,0
2,25,21,0,3.7,0,0,0
2,25,21,10,3.7,0,0,0
2,25,21,20,3.6,0,0,0
2,25,21,30,3.6,0,0,0
2,25,21,40,3.6,0,0,0
2,25,21,50,3.6,0,0,0
2,25,22,0,3.5,0,0,0
2,25,22,10,3.6,0,0,0
2,25,22,20,3.6,0,0,0
2,25,22,30,3.6,0,0,0
2,25,22,40,3.6,0,0,0
2,25,22,50,3.6,0,0,0
2,25,23,0,3.6,0,0,0
2,25,23,10,3.6,0,0,0
2,25,23,20,3.7,0,0,0
2,25,23,30,3.7,0,0,0
2,25,23,40,3.8000000000000003,0,0,0
2,25,23,50,3.8000000000000003,0,0,0
2,26,0,0,3.9000000000000004,0,0,0
2,26,0,10,3.9000000000000004,0,0,0
2,26,0,20,4,0,0,0
2,26,0,30,4,0,0,0
2,26,0,40,4,0,0,0
2,26,0,50,4.1000000000000005,0,0,0
2,26,1,0,4.1000000000000005,0,0,0
2,26,1,10,4.1000000000000005,0,0,0
2,26,1,20,4.1000000000000005,0,0,0
2,26,1,30,4.1000000000000005,0,0,0
2,26,1,40,4.1000000000000005,0,0,0
2,26,1,50,4.1000000000000005,0,0,0
2,26,2,0,4.1000000000000005,0,0,0
2,26,2,10,4,0,0,0
2,26,2,20,4,0,0,0
2,26,2,30,4,0,0,0
2,26,2,40,4,0,0,0
2,26,2,50,3.9000000000000004,0,0,0
2,26,3,0,3.9000000000000004,0,0,0
2,26,3,10,3.9000000000000004,0,0,0
2,26,3,20,3.9000000000000004,0,0,0
2,26,3,30,3.9000000000000004,0,0,0
2,26,3,40,3.9000000000000004,0,0,0
2,26,3,50,3.8000000000000003,0,0,0
2,26,4,0,3.8000000000000003,0,0,0
2,26,4,10,3.8000000000000003,0,0,0
2,26,4,20,3.7,0,0,0
2,26,4,30,3.7,0,0,0
2,26,4,40,3.6,0,0,0
2,26,4,50,3.6,0,0,0
2,26,5,0,3.5,0,0,0
2,26,5,10,3.5,0,0,0
2,26,5,20,3.5,0,0,0
2,26,5,30,3.5,0,0,0
2,26,5,40,3.5,0,0,0
2,26,5,50,3.5,0,0,0
2,26,6,0,3.6,0,0,0
2,26,6,10,4.1000000000000005,0,0,0
2,26,6,20,4.6000000000000005,0,0,0
2,26,6,30,5.1000000000000005,0,0,0
2,26,6,40,5.6000000000000005,0,0,0
2,26,6,50,6.1000000000000005,283,13,21
2,26,7,0,6.6000000000000005,408,19,44
2,26,7,10,7.2,506,24,71
2,26,7,20,7.800000000000001,584,29,101
2,26,7,30,8.5,647,33,133
2,26,7,40,9.1,696,37,166
2,26,7,50,9.700000000000001,739,40,199
2,26,8,0,10.3,776,42,233
2,26,8,10,10.700000000000001,807,45,267
2,26,8,20,11.200000000000001,833,47,300
2,26,8,30,11.600000000000001,857,49,333
2,26,8,40,12,874,52,365
2,26,8,50,12.5,892,53,396
2,26,9,0,12.9,908,55,427
2,26,9,10,13,922,56,457
2,26,9,20,13.200000000000001,934,58,485
2,26,9,30,13.4,945,59,512
2,26,9,40,13.5,957,60,539
2,26,9,50,13.700000000000001,966,61,563
2,26,10,0,13.8,974,62,587
2,26,10,10,13.9,981,63,609
2,26,10,20,14,987,63,629
2,26,10,30,14.100000000000001,993,64,648
2,26,10,40,14.200000000000001,1003,62,666
2,26,10,50,14.3,1007,62,681
2,26,11,0,14.4,1011,63,695
2,26,11,10,14.4,1014,63,707
2,26,11,20,14.5,1017,64,718
2,26,11,30,14.5,1019,64,727
2,26,11,40,14.600000000000001,1018,66,733
2,26,11,50,14.600000000000001,1020,66,739
2,26,12,0,14.700000000000001,409,347,618
2,26,12,10,14.600000000000001,1021,66,743
2,26,12,20,14.600000000000001,1021,66,743
2,26,12,30,14.600000000000001,459,273,577
2,26,12,40,14.600000000000001,576,231,610
2,26,12,50,14.600000000000001,427,335,614
2,26,13,0,14.600000000000001,88,318,375
2,26,13,10,14.5,564,217,578
2,26,13,20,14.5,201,311,438
2,26,13,30,14.4,1014,65,694
2,26,13,40,14.4,1011,63,680
2,26,13,50,14.3,1007,63,664
2,26,14,0,14.3,1002,62,646
2,26,14,10,14.200000000000001,996,61,626
2,26,14,20,14.100000000000001,989,60,605
2,26,14,30,14,982,60,582
2,26,14,40,13.9,320,280,444
2,26,14,50,13.8,967,56,533
2,26,15,0,13.700000000000001,957,55,506
2,26,15,10,13.5,946,54,478
2,26,15,20,13.3,933,53,449
2,26,15,30,13,919,51,419
2,26,15,40,12.8,901,50,388
2,26,15,50,12.600000000000001,882,49,356
2,26,16,0,12.3,861,47,323
2,26,16,10,11.700000000000001,837,45,290
2,26,16,20,11,809,43,257
2,26,16,30,10.4,777,40,223
2,26,16,40,9.700000000000001,736,38,189
2,26,16,50,9.1,690,35,155
2,26,17,0,8.4,635,33,124
2,26,17,10,8.1,567,28,92
2,26,17,20,7.9,483,23,62
2,26,17,30,7.6000000000000005,375,17,35
2,26,17,40,7.300000000000001,224,11,15
2,26,17,50,7,0,0,0
2,26,18,0,6.7,0,0,0
2,26,18,10,6.6000000000000005,0,0,0
2,26,18,20,6.5,0,0,0
2,26,18,30,6.4,0,0,0
2,26,18,40,6.300000000000001,0,0,0
2,26,18,50,6.2,0,0,0
2,26,19,0,6.1000000000000005,0,0,0
2,26,19,10,5.9,0,0,0
2,26,19,20,5.800000000000001,0,0,0
2,26,19,30,5.7,0,0,0
2,26,19,40,5.6000000000000005,0,0,0
2,26,19,50,5.5,0,0,0
2,26,20,0,5.300000000000001,0,0,0
2,26,20,10,5.300000000000001,0,0,0
2,26,20,20,5.2,0,0,0
2,26,20,30,5.1000000000000005,0,0,0
2,26,20,40,5.1000000000000005,0,0,0
2,26,20,50,5,0,0,0
2,26,21,0,4.9,0,0,0
2,26,21,10,4.800000000000001,0,0,0
2,26,21,20,4.800000000000001,0,0,0
2,26,21,30,4.7,0,0,0
2,26,21,40,4.6000000000000005,0,0,0
2,26,21,50,4.6000000000000005,0,0,0
2,26,22,0,4.5,0,0,0
2,26,22,10,4.5,0,0,0
2,26,22,20,4.4,0,0,0
2,26,22,30,4.4,0,0,0
2,26,22,40,4.4,0,0,0
2,26,22,50,4.4,0,0,0
2,26,23,0,4.3,0,0,0
2,26,23,10,4.3,0,0,0
2,26,23,20,4.2,0,0,0
2,26,23,30,4.2,0,0,0
2,26,23,40,4.1000000000000005,0,0,0
2,26,23,50,4.1000000000000005,0,0,0
2,27,0,0,4.1000000000000005,0,0,0
2,27,0,10,4,0,0,0
2,27,0,20,4,0,0,0
2,27,0,30,4,0,0,0
2,27,0,40,4,0,0,0
2,27,0,50,4,0,0,0
2,27,1,0,3.9000000000000004,0,0,0
2,27,1,10,3.9000000000000004,0,0,0
2,27,1,20,3.8000000000000003,0,0,0
2,27,1,30,3.7,0,0,0
2,27,1,40,3.7,0,0,0
2,27,1,50,3.6,0,0,0
2,27,2,0,3.5,0,0,0
2,27,2,10,3.5,0,0,0
2,27,2,20,3.4000000000000004,0,0,0
2,27,2,30,3.3000000000000003,0,0,0
2,27,2,40,3.2,0,0,0
2,27,2,50,3.2,0,0,0
2,27,3,0,3.1,0,0,0
2,27,3,10,3.1,0,0,0
2,27,3,20,3,0,0,0
2,27,3,30,3,0,0,0
2,27,3,40,2.9000000000000004,0,0,0
2,27,3,50,2.9000000000000004,0,0,0
2,27,4,0,2.9000000000000004,0,0,0
2,27,4,10,2.7,0,0,0
2,27,4,20,2.6,0,0,0
2,27,4,30,2.4000000000000004,0,0,0
2,27,4,40,2.3000000000000003,0,0,0
2,27,4,50,2.1,0,0,0
2,27,5,0,2,0,0,0
2,27,5,10,1.8,0,0,0
2,27,5,20,1.7000000000000002,0,0,0
2,27,5,30,1.5,0,0,0
2,27,5,40,1.4000000000000001,0,0,0
2,27,5,50,1.3,0,0,0
2,27,6,0,1.1,0,0,0
2,27,6,10,1.2000000000000002,0,0,0
2,27,6,20,1.3,0,0,0
2,27,6,30,1.3,0,0,0
2,27,6,40,1.4000000000000001,0,0,0
2,27,6,50,1.5,0,11,11
2,27,7,0,1.5,1,28,28
2,27,7,10,1.3,0,21,21
2,27,7,20,1.1,0,28,28
2,27,7,30,0.9,28,95,100
2,27,7,40,0.6000000000000001,26,122,127
2,27,7,50,0.4,33,125,132
2,27,8,0,0.2,0,6,6
2,27,8,10,0.2,0,9,9
2,27,8,20,0.2,0,11,11
2,27,8,30,0.2,0,10,10
2,27,8,40,0.2,0,13,13
2,27,8,50,0.30000000000000004,0,27,27
2,27,9,0,0.30000000000000004,0,34,34
2,27,9,10,0.5,0,14,14
2,27,9,20,0.8,0,25,25
2,27,9,30,1,0,17,18
2,27,9,40,1.3,0,29,29
2,27,9,50,1.5,0,25,25
2,27,10,0,1.8,0,22,22
2,27,10,10,2,0,115,115
2,27,10,20,2.2,1,153,154
2,27,10,30,2.4000000000000004,0,117,117
2,27,10,40,2.6,1,186,187
2,27,10,50,2.9000000000000004,5,250,253
2,27,11,0,3.1,1,198,199
2,27,11,10,3.2,2,209,210
2,27,11,20,3.3000000000000003,0,106,107
2,27,11,30,3.4000000000000004,19,324,336
2,27,11,40,3.5,2,264,266
2,27,11,50,3.6,2,254,255
2,27,12,0,3.7,0,158,158
2,27,12,10,3.8000000000000003,1,256,256
2,27,12,20,3.8000000000000003,2,282,283
2,27,12,30,3.8000000000000003,116,489,566
2,27,12,40,3.8000000000000003,9,355,362
2,27,12,50,3.9000000000000004,2,368,370
2,27,13,0,3.9000000000000004,5,398,401
2,27,13,10,3.9000000000000004,6,400,405
2,27,13,20,3.8000000000000003,1,306,306
2,27,13,30,3.8000000000000003,59,431,468
2,27,13,40,3.7,30,412,430
2,27,13,50,3.7,5,364,367
2,27,14,0,3.6,76,438,483
2,27,14,10,3.4000000000000004,146,434,518
2,27,14,20,3.2,402,296,519
2,27,14,30,3,299,327,488
2,27,14,40,2.8000000000000003,360,300,486
2,27,14,50,2.6,101,329,379
2,27,15,0,2.4000000000000004,146,312,382
2,27,15,10,2.1,56,277,302
2,27,15,20,1.9000000000000001,428,214,398
2,27,15,30,1.6,352,224,366
2,27,15,40,1.3,276,220,325
2,27,15,50,1,386,178,314
2,27,16,0,0.7000000000000001,129,222,264
2,27,16,10,0.2,500,138,286
2,27,16,20,-0.2,361,139,236
2,27,16,30,-0.6,66,154,169
2,27,16,40,-1.1,9,105,107
2,27,16,50,-1.5,168,80,110
2,27,17,0,-1.9,206,75,105
2,27,17,10,-2.2,143,62,79
2,27,17,20,-2.5,61,47,53
2,27,17,30,-2.7,22,29,30
2,27,17,40,-3,0,6,6
2,27,17,50,-3.3,0,0,0
2,27,18,0,-3.6,0,0,0
2,27,18,10,-3.7,0,0,0
2,27,18,20,-3.9,0,0,0
2,27,18,30,-4,0,0,0
2,27,18,40,-4.2,0,0,0
2,27,18,50,-4.3,0,0,0
2,27,19,0,-4.5,0,0,0
2,27,19,10,-4.6,0,0,0
2,27,19,20,-4.7,0,0,0
2,27,19,30,-4.8,0,0,0
2,27,19,40,-4.9,0,0,0
2,27,19,50,-5,0,0,0
2,27,20,0,-5.1,0,0,0
2,27,20,10,-5.1,0,0,0
2,27,20,20,-5.2,0,0,0
2,27,20,30,-5.2,0,0,0
2,27,20,40,-5.3,0,0,0
2,27,20,50,-5.3,0,0,0
2,27,21,0,-5.4,0,0,0
2,27,21,10,-5.5,0,0,0
2,27,21,20,-5.7,0,0,0
2,27,21,30,-5.8,0,0,0
2,27,21,40,-5.9,0,0,0
2,27,21,50,-6.1,0,0,0
2,27,22,0,-6.2,0,0,0
2,27,22,10,-6.3,0,0,0
2,27,22,20,-6.4,0,0,0
2,27,22,30,-6.4,0,0,0
2,27,22,40,-6.5,0,0,0
2,27,22,50,-6.6,0,0,0
2,27,23,0,-6.7,0,0,0
2,27,23,10,-6.8,0,0,0
2,27,23,20,-6.8,0,0,0
2,27,23,30,-6.9,0,0,0
2,27,23,40,-7,0,0,0
2,27,23,50,-7.1,0,0,0
2,28,0,0,-7.2,0,0,0
2,28,0,10,-7.2,0,0,0
2,28,0,20,-7.2,0,0,0
2,28,0,30,-7.3,0,0,0
2,28,0,40,-7.3,0,0,0
2,28,0,50,-7.3,0,0,0
2,28,1,0,-7.4,0,0,0
2,28,1,10,-7.4,0,0,0
2,28,1,20,-7.4,0,0,0
2,28,1,30,-7.3,0,0,0
2,28,1,40,-7.3,0,0,0
2,28,1,50,-7.3,0,0,0
2,28,2,0,-7.3,0,0,0
2,28,2,10,-7.3,0,0,0
2,28,2,20,-7.3,0,0,0
2,28,2,30,-7.2,0,0,0
2,28,2,40,-7.2,0,0,0
2,28,2,50,-7.2,0,0,0
2,28,3,0,-7.1,0,0,0
2,28,3,10,-7.1,0,0,0
2,28,3,20,-7.1,0,0,0
2,28,3,30,-7.1,0,0,0
2,28,3,40,-7.1,0,0,0
2,28,3,50,-7,0,0,0
2,28,4,0,-7,0,0,0
2,28,4,10,-7,0,0,0
2,28,4,20,-7,0,0,0
2,28,4,30,-6.9,0,0,0
2,28,4,40,-6.9,0,0,0
2,28,4,50,-6.9,0,0,0
2,28,5,0,-6.8,0,0,0
2,28,5,10,-6.8,0,0,0
2,28,5,20,-6.7,0,0,0
2,28,5,30,-6.6,0,0,0
2,28,5,40,-6.5,0,0,0
2,28,5,50,-6.4,0,0,0
2,28,6,0,-6.3,0,0,0
2,28,6,10,-5.9,0,0,0
2,28,6,20,-5.4,0,0,0
2,28,6,30,-4.9,0,0,0
2,28,6,40,-4.5,0,0,0
2,28,6,50,-4,350,16,29
2,28,7,0,-3.6,476,22,55
2,28,7,10,-2.9,572,27,85
2,28,7,20,-2.3,647,31,118
2,28,7,30,-1.7,691,35,149
2,28,7,40,-1.1,743,38,184
2,28,7,50,-0.4,784,41,218
2,28,8,0,0.2,818,44,253
2,28,8,10,0.8,848,46,288
2,28,8,20,1.5,873,48,322
2,28,8,30,2.1,895,50,356
2,28,8,40,2.7,915,52,389
2,28,8,50,3.3000000000000003,932,53,421
2,28,9,0,4,947,55,453
2,28,9,10,4.4,960,56,483
2,28,9,20,4.9,972,58,512
2,28,9,30,5.4,983,59,540
2,28,9,40,5.800000000000001,992,60,567
2,28,9,50,6.300000000000001,1001,61,592
2,28,10,0,6.7,1008,62,616
2,28,10,10,7.1000000000000005,1015,63,638
2,28,10,20,7.4,1021,64,659
2,28,10,30,7.800000000000001,1015,64,671
2,28,10,40,8.1,1021,64,689
2,28,10,50,8.4,1025,64,705
2,28,11,0,8.8,1029,65,719
2,28,11,10,9,1032,65,731
2,28,11,20,9.3,1035,66,742
2,28,11,30,9.5,1037,66,751
2,28,11,40,9.8,1039,66,758
2,28,11,50,10,1040,66,763
2,28,12,0,10.3,1041,66,766
2,28,12,10,10.5,1041,66,767
2,28,12,20,10.600000000000001,1041,66,767
2,28,12,30,10.8,1040,66,765
2,28,12,40,11,1040,66,761
2,28,12,50,11.200000000000001,1038,66,755
2,28,13,0,11.3,1036,66,747
2,28,13,10,11.4,1034,65,738
2,28,13,20,11.5,1031,65,726
2,28,13,30,11.600000000000001,1028,64,713
2,28,13,40,11.700000000000001,1021,66,698
2,28,13,50,11.700000000000001,1017,65,681
2,28,14,0,11.8,1012,64,663
2,28,14,10,11.8,1006,64,643
2,28,14,20,11.700000000000001,1000,63,622
2,28,14,30,11.600000000000001,993,62,599
2,28,14,40,11.600000000000001,986,60,575
2,28,14,50,11.5,977,59,549
2,28,15,0,11.5,967,58,522
2,28,15,10,11,956,57,494
2,28,15,20,10.600000000000001,944,56,464
2,28,15,30,10.200000000000001,930,54,434
2,28,15,40,9.8,917,52,403
2,28,15,50,9.4,899,50,371
2,28,16,0,8.9,879,48,337
2,28,16,10,8.200000000000001,856,46,304
2,28,16,20,7.5,829,44,269
2,28,16,30,6.800000000000001,798,41,235
2,28,16,40,6,761,39,201
2,28,16,50,5.300000000000001,717,36,166
2,28,17,0,4.6000000000000005,667,32,133
2,28,17,10,4.2,603,28,100
2,28,17,20,3.9000000000000004,522,23,69
2,28,17,30,3.5,419,18,42
2,28,17,40,3.2,289,12,19
2,28,17,50,2.8000000000000003,0,0,0
2,28,18,0,2.5,0,0,0
2,28,18,10,2.2,0,0,0
2,28,18,20,1.9000000000000001,0,0,0
2,28,18,30,1.7000000000000002,0,0,0
2,28,18,40,1.4000000000000001,0,0,0
2,28,18,50,1.1,0,0,0
2,28,19,0,0.8,0,0,0
2,28,19,10,0.7000000000000001,0,0,0
2,28,19,20,0.6000000000000001,0,0,0
2,28,19,30,0.5,0,0,0
2,28,19,40,0.4,0,0,0
2,28,19,50,0.30000000000000004,0,0,0
2,28,20,0,0.2,0,0,0
2,28,20,10,0.2,0,0,0
2,28,20,20,0.30000000000000004,0,0,0
2,28,20,30,0.30000000000000004,0,0,0
2,28,20,40,0.30000000000000004,0,0,0
2,28,20,50,0.30000000000000004,0,0,0
2,28,21,0,0.4,0,0,0
2,28,21,10,0.30000000000000004,0,0,0
2,28,21,20,0.30000000000000004,0,0,0
2,28,21,30,0.2,0,0,0
2,28,21,40,0.2,0,0,0
2,28,21,50,0.1,0,0,0
2,28,22,0,0,0,0,0
2,28,22,10,0,0,0,0
2,28,22,20,-0.1,0,0,0
2,28,22,30,-0.2,0,0,0
2,28,22,40,-0.3,0,0,0
2,28,22,50,-0.4,0,0,0
2,28,23,0,-0.5,0,0,0
2,28,23,10,-0.6,0,0,0
2,28,23,20,-0.7,0,0,0
2,28,23,30,-0.7,0,0,0
2,28,23,40,-0.8,0,0,0
2,28,23,50,-0.9,0,0,0
3,1,0,0,1.2000000000000002,0,0,0
3,1,0,10,1.2000000000000002,0,0,0
3,1,0,20,1.1,0,0,0
3,1,0,30,1,0,0,0
3,1,0,40,1,0,0,0
3,1,0,50,0.9,0,0,0
3,1,1,0,0.9,0,0,0
3,1,1,10,0.8,0,0,0
3,1,1,20,0.7000000000000001,0,0,0
3,1,1,30,0.7000000000000001,0,0,0
3,1,1,40,0.6000000000000001,0,0,0
3,1,1,50,0.6000000000000001,0,0,0
3,1,2,0,0.5,0,0,0
3,1,2,10,0.5,0,0,0
3,1,2,20,0.4,0,0,0
3,1,2,30,0.4,0,0,0
3,1,2,40,0.30000000000000004,0,0,0
3,1,2,50,0.30000000000000004,0,0,0
3,1,3,0,0.2,0,0,0
3,1,3,10,0.2,0,0,0
3,1,3,20,0.2,0,0,0
3,1,3,30,0.2,0,0,0
3,1,3,40,0.1,0,0,0
3,1,3,50,0.1,0,0,0
3,1,4,0,0.1,0,0,0
3,1,4,10,0.1,0,0,0
3,1,4,20,0.1,0,0,0
3,1,4,30,0.1,0,0,0
3,1,4,40,0.1,0,0,0
3,1,4,50,0.2,0,0,0
3,1,5,0,0.2,0,0,0
3,1,5,10,0.2,0,0,0
3,1,5,20,0.30000000000000004,0,0,0
3,1,5,30,0.4,0,0,0
3,1,5,40,0.4,0,0,0
3,1,5,50,0.5,0,0,0
3,1,6,0,0.6000000000000001,0,0,0
3,1,6,10,1.2000000000000002,0,0,0
3,1,6,20,1.7000000000000002,0,0,0
3,1,6,30,2.3000000000000003,0,0,0
3,1,6,40,2.9000000000000004,0,0,0
3,1,6,50,3.5,346,17,34
3,1,7,0,4,0,11,11
3,1,7,10,4.7,0,8,8
3,1,7,20,5.4,184,73,100
3,1,7,30,6.1000000000000005,210,86,123
3,1,7,40,6.800000000000001,323,93,160
3,1,7,50,7.5,750,43,220
3,1,8,0,8.200000000000001,236,141,204
3,1,8,10,8.8,813,48,288
3,1,8,20,9.3,838,50,322
3,1,8,30,9.8,859,52,354
3,1,8,40,10.4,880,54,387
3,1,8,50,10.9,897,55,418
3,1,9,0,11.4,912,57,449
3,1,9,10,11.8,926,58,479
3,1,9,20,12.100000000000001,937,59,507
3,1,9,30,12.5,948,61,535
3,1,9,40,12.8,959,61,561
3,1,9,50,13.200000000000001,967,62,585
3,1,10,0,13.5,975,63,609
3,1,10,10,13.8,982,64,630
3,1,10,20,14,988,64,651
3,1,10,30,14.3,993,65,669
3,1,10,40,14.5,1007,61,687
3,1,10,50,14.8,1011,61,703
3,1,11,0,15,1015,61,717
3,1,11,10,15.200000000000001,1018,62,729
3,1,11,20,15.3,1020,62,739
3,1,11,30,15.4,1022,62,748
3,1,11,40,15.600000000000001,1023,63,754
3,1,11,50,15.700000000000001,1024,64,759
3,1,12,0,15.9,1024,64,762
3,1,12,10,15.9,1025,64,764
3,1,12,20,16,1025,64,763
3,1,12,30,16,1031,64,765
3,1,12,40,16.1,1031,63,761
3,1,12,50,16.2,1029,62,755
3,1,13,0,16.2,1028,62,747
3,1,13,10,16.2,1025,62,738
3,1,13,20,16.2,1023,62,727
3,1,13,30,16.2,1020,61,713
3,1,13,40,16.1,1016,61,699
3,1,13,50,16.1,1011,60,682
3,1,14,0,16.1,1007,59,664
3,1,14,10,16,1001,59,644
3,1,14,20,15.9,995,58,623
3,1,14,30,15.8,988,57,600
3,1,14,40,15.700000000000001,980,57,576
3,1,14,50,15.5,971,56,551
3,1,15,0,15.4,962,55,524
3,1,15,10,15.100000000000001,951,54,496
3,1,15,20,14.8,939,52,467
3,1,15,30,14.4,925,51,437
3,1,15,40,14.100000000000001,910,50,406
3,1,15,50,13.8,892,48,373
3,1,16,0,13.5,873,46,341
3,1,16,10,12.700000000000001,850,45,307
3,1,16,20,12,824,43,273
3,1,16,30,11.200000000000001,794,40,239
3,1,16,40,10.5,770,38,207
3,1,16,50,9.700000000000001,728,35,173
3,1,17,0,9,679,32,139
3,1,17,10,8.700000000000001,618,28,106
3,1,17,20,8.5,543,24,75
3,1,17,30,8.3,447,19,47
3,1,17,40,8,328,13,23
3,1,17,50,7.800000000000001,0,0,0
3,1,18,0,7.5,0,0,0
3,1,18,10,7.300000000000001,0,0,0
3,1,18,20,7.1000000000000005,0,0,0
3,1,18,30,6.9,0,0,0
3,1,18,40,6.7,0,0,0
3,1,18,50,6.5,0,0,0
3,1,19,0,6.2,0,0,0
3,1,19,10,6,0,0,0
3,1,19,20,5.7,0,0,0
3,1,19,30,5.4,0,0,0
3,1,19,40,5.1000000000000005,0,0,0
3,1,19,50,4.9,0,0,0
3,1,20,0,4.6000000000000005,0,0,0
3,1,20,10,4.4,0,0,0
3,1,20,20,4.2,0,0,0
3,1,20,30,4,0,0,0
3,1,20,40,3.8000000000000003,0,0,0
3,1,20,50,3.6,0,0,0
3,1,21,0,3.4000000000000004,0,0,0
3,1,21,10,3.3000000000000003,0,0,0
3,1,21,20,3.2,0,0,0
3,1,21,30,3.1,0,0,0
3,1,21,40,3,0,0,0
3,1,21,50,2.9000000000000004,0,0,0
3,1,22,0,2.8000000000000003,0,0,0
3,1,22,10,2.6,0,0,0
3,1,22,20,2.5,0,0,0
3,1,22,30,2.4000000000000004,0,0,0
3,1,22,40,2.2,0,0,0
3,1,22,50,2.1,0,0,0
3,1,23,0,2,0,0,0
3,1,23,10,1.9000000000000001,0,0,0
3,1,23,20,1.7000000000000002,0,0,0
3,1,23,30,1.6,0,0,0
3,1,23,40,1.5,0,0,0
3,1,23,50,1.4000000000000001,0,0,0
3,2,0,0,1.3,0,0,0
3,2,0,10,1.2000000000000002,0,0,0
3,2,0,20,1.1,0,0,0
3,2,0,30,1.1,0,0,0
3,2,0,40,1,0,0,0
3,2,0,50,0.9,0,0,0
3,2,1,0,0.8,0,0,0
3,2,1,10,0.8,0,0,0
3,2,1,20,0.8,0,0,0
3,2,1,30,0.8,0,0,0
3,2,1,40,0.7000000000000001,0,0,0
3,2,1,50,0.7000000000000001,0,0,0
3,2,2,0,0.7000000000000001,0,0,0
3,2,2,10,0.7000000000000001,0,0,0
3,2,2,20,0.6000000000000001,0,0,0
3,2,2,30,0.6000000000000001,0,0,0
3,2,2,40,0.6000000000000001,0,0,0
3,2,2,50,0.5,0,0,0
3,2,3,0,0.5,0,0,0
3,2,3,10,0.5,0,0,0
3,2,3,20,0.4,0,0,0
3,2,3,30,0.4,0,0,0
3,2,3,40,0.30000000000000004,0,0,0
3,2,3,50,0.30000000000000004,0,0,0
3,2,4,0,0.2,0,0,0
3,2,4,10,0.2,0,0,0
3,2,4,20,0.2,0,0,0
3,2,4,30,0.1,0,0,0
3,2,4,40,0.1,0,0,0
3,2,4,50,0.1,0,0,0
3,2,5,0,0,0,0,0
3,2,5,10,0.1,0,0,0
3,2,5,20,0.2,0,0,0
3,2,5,30,0.2,0,0,0
3,2,5,40,0.30000000000000004,0,0,0
3,2,5,50,0.4,0,0,0
3,2,6,0,0.5,0,0,0
3,2,6,10,1.3,0,0,0
3,2,6,20,2.1,0,0,0
3,2,6,30,2.9000000000000004,0,0,0
3,2,6,40,3.8000000000000003,275,11,17
3,2,6,50,4.6000000000000005,414,17,39
3,2,7,0,5.4,519,23,67
3,2,7,10,6.2,602,27,97
3,2,7,20,6.9,667,31,130
3,2,7,30,7.7,721,34,164
3,2,7,40,8.4,762,38,199
3,2,7,50,9.1,799,40,233
3,2,8,0,9.9,831,43,268
3,2,8,10,10.5,858,45,303
3,2,8,20,11.100000000000001,881,47,337
3,2,8,30,11.600000000000001,902,49,371
3,2,8,40,12.200000000000001,916,51,403
3,2,8,50,12.8,932,53,435
3,2,9,0,13.4,947,54,466
3,2,9,10,13.700000000000001,959,56,497
3,2,9,20,14.100000000000001,971,57,526
3,2,9,30,14.4,981,58,553
3,2,9,40,14.8,990,59,580
3,2,9,50,15.100000000000001,998,60,605
3,2,10,0,15.4,1005,61,628
3,2,10,10,15.600000000000001,1011,62,651
3,2,10,20,15.8,1017,62,671
3,2,10,30,16,1022,63,690
3,2,10,40,16.2,1029,62,708
3,2,10,50,16.400000000000002,1033,63,724
3,2,11,0,16.6,1037,63,738
3,2,11,10,16.7,1040,64,750
3,2,11,20,16.8,1033,64,754
3,2,11,30,16.900000000000002,1035,64,763
3,2,11,40,17,1040,61,769
3,2,11,50,17.1,1041,62,774
3,2,12,0,17.2,500,278,622
3,2,12,10,17.2,461,346,663
3,2,12,20,17.2,1042,62,778
3,2,12,30,17.2,1042,62,776
3,2,12,40,17.2,1043,60,771
3,2,12,50,17.2,1042,59,765
3,2,13,0,17.2,1040,59,758
3,2,13,10,17.1,1038,59,748
3,2,13,20,17.1,1035,59,737
3,2,13,30,17,1032,58,723
3,2,13,40,16.900000000000002,1028,58,708
3,2,13,50,16.900000000000002,1024,57,692
3,2,14,0,16.8,1020,57,674
3,2,14,10,16.6,1014,56,654
3,2,14,20,16.5,1008,55,632
3,2,14,30,16.3,1001,55,610
3,2,14,40,16.2,992,55,585
3,2,14,50,16,984,54,560
3,2,15,0,15.8,974,53,533
3,2,15,10,15.5,964,52,505
3,2,15,20,15.200000000000001,952,51,475
3,2,15,30,14.9,939,50,445
3,2,15,40,14.600000000000001,922,49,413
3,2,15,50,14.3,905,48,381
3,2,16,0,14,886,46,348
3,2,16,10,13.4,864,44,314
3,2,16,20,12.700000000000001,839,42,280
3,2,16,30,12,810,40,246
3,2,16,40,11.4,764,38,209
3,2,16,50,10.700000000000001,723,35,175
3,2,17,0,10.100000000000001,674,32,141
3,2,17,10,9.8,614,28,108
3,2,17,20,9.4,540,24,77
3,2,17,30,9.1,446,19,49
3,2,17,40,8.8,311,14,25
3,2,17,50,8.5,0,0,0
3,2,18,0,8.200000000000001,0,0,0
3,2,18,10,8.1,0,0,0
3,2,18,20,8,0,0,0
3,2,18,30,8,0,0,0
3,2,18,40,7.9,0,0,0
3,2,18,50,7.800000000000001,0,0,0
3,2,19,0,7.7,0,0,0
3,2,19,10,7.7,0,0,0
3,2,19,20,7.6000000000000005,0,0,0
3,2,19,30,7.5,0,0,0
3,2,19,40,7.5,0,0,0
3,2,19,50,7.4,0,0,0
3,2,20,0,7.300000000000001,0,0,0
3,2,20,10,7.300000000000001,0,0,0
3,2,20,20,7.300000000000001,0,0,0
3,2,20,30,7.300000000000001,0,0,0
3,2,20,40,7.300000000000001,0,0,0
3,2,20,50,7.2,0,0,0
3,2,21,0,7.2,0,0,0
3,2,21,10,7.300000000000001,0,0,0
3,2,21,20,7.300000000000001,0,0,0
3,2,21,30,7.4,0,0,0
3,2,21,40,7.4,0,0,0
3,2,21,50,7.4,0,0,0
3,2,22,0,7.5,0,0,0
3,2,22,10,7.5,0,0,0
3,2,22,20,7.5,0,0,0
3,2,22,30,7.5,0,0,0
3,2,22,40,7.5,0,0,0
3,2,22,50,7.5,0,0,0
3,2,23,0,7.5,0,0,0
3,2,23,10,7.4,0,0,0
3,2,23,20,7.2,0,0,0
3,2,23,30,7.1000000000000005,0,0,0
3,2,23,40,6.9,0,0,0
3,2,23,50,6.800000000000001,0,0,0
3,3,0,0,6.7,0,0,0
3,3,0,10,6.4,0,0,0
3,3,0,20,6.1000000000000005,0,0,0
3,3,0,30,5.800000000000001,0,0,0
3,3,0,40,5.6000000000000005,0,0,0
3,3,0,50,5.300000000000001,0,0,0
3,3,1,0,5,0,0,0
3,3,1,10,4.7,0,0,0
3,3,1,20,4.3,0,0,0
3,3,1,30,4,0,0,0
3,3,1,40,3.6,0,0,0
3,3,1,50,3.3000000000000003,0,0,0
3,3,2,0,2.9000000000000004,0,0,0
3,3,2,10,2.6,0,0,0
3,3,2,20,2.3000000000000003,0,0,0
3,3,2,30,2,0,0,0
3,3,2,40,1.7000000000000002,0,0,0
3,3,2,50,1.4000000000000001,0,0,0
3,3,3,0,1.1,0,0,0
3,3,3,10,0.9,0,0,0
3,3,3,20,0.7000000000000001,0,0,0
3,3,3,30,0.5,0,0,0
3,3,3,40,0.30000000000000004,0,0,0
3,3,3,50,0.1,0,0,0
3,3,4,0,-0.2,0,0,0
3,3,4,10,-0.3,0,0,0
3,3,4,20,-0.4,0,0,0
3,3,4,30,-0.6,0,0,0
3,3,4,40,-0.7,0,0,0
3,3,4,50,-0.8,0,0,0
3,3,5,0,-1,0,0,0
3,3,5,10,-1,0,0,0
3,3,5,20,-1.1,0,0,0
3,3,5,30,-1.2,0,0,0
3,3,5,40,-1.2,0,0,0
3,3,5,50,-1.3,0,0,0
3,3,6,0,-1.4,0,0,0
3,3,6,10,-1,0,0,0
3,3,6,20,-0.6,0,0,0
3,3,6,30,-0.3,0,0,0
3,3,6,40,0.1,234,13,19
3,3,6,50,0.5,369,19,40
3,3,7,0,0.8,18,48,49
3,3,7,10,1.3,40,67,72
3,3,7,20,1.7000000000000002,66,86,97
3,3,7,30,2.2,40,100,107
3,3,7,40,2.6,724,41,197
3,3,7,50,3.1,148,139,175
3,3,8,0,3.5,285,126,205
3,3,8,10,4,181,175,231
3,3,8,20,4.4,847,51,334
3,3,8,30,4.800000000000001,868,53,368
3,3,8,40,5.2,891,54,401
3,3,8,50,5.7,907,56,432
3,3,9,0,6.1000000000000005,922,57,463
3,3,9,10,6.4,935,58,493
3,3,9,20,6.800000000000001,946,60,521
3,3,9,30,7.2,957,61,549
3,3,9,40,7.6000000000000005,968,61,575
3,3,9,50,7.9,976,62,600
3,3,10,0,8.3,983,63,624
3,3,10,10,8.6,990,64,646
3,3,10,20,8.8,996,65,666
3,3,10,30,9.1,1009,66,690
3,3,10,40,9.4,1018,64,707
3,3,10,50,9.600000000000001,1022,64,723
3,3,11,0,9.9,430,291,573
3,3,11,10,10,1028,65,749
3,3,11,20,10.200000000000001,1031,65,760
3,3,11,30,10.3,128,418,505
3,3,11,40,10.4,347,386,623
3,3,11,50,10.600000000000001,1037,65,780
3,3,12,0,10.700000000000001,1038,65,783
3,3,12,10,10.700000000000001,1038,65,785
3,3,12,20,10.8,1038,65,784
3,3,12,30,10.8,1038,65,782
3,3,12,40,10.8,1038,64,777
3,3,12,50,10.8,1037,64,771
3,3,13,0,10.9,1035,63,763
3,3,13,10,10.9,1033,63,754
3,3,13,20,10.8,706,203,668
3,3,13,30,10.8,1027,62,729
3,3,13,40,10.8,157,396,496
3,3,13,50,10.8,396,273,520
3,3,14,0,10.700000000000001,117,299,371
3,3,14,10,10.700000000000001,57,261,295
3,3,14,20,10.600000000000001,393,299,526
3,3,14,30,10.600000000000001,373,239,447
3,3,14,40,10.5,653,160,511
3,3,14,50,10.4,449,250,483
3,3,15,0,10.4,182,302,392
3,3,15,10,10.200000000000001,962,54,510
3,3,15,20,10,950,53,480
3,3,15,30,9.8,937,51,450
3,3,15,40,9.600000000000001,923,50,418
3,3,15,50,9.4,906,49,386
3,3,16,0,9.200000000000001,887,47,353
3,3,16,10,8.6,865,45,319
3,3,16,20,8,840,43,285
3,3,16,30,7.4,812,41,250
3,3,16,40,6.800000000000001,780,38,216
3,3,16,50,6.1000000000000005,740,35,181
3,3,17,0,5.5,693,32,147
3,3,17,10,5.1000000000000005,635,29,114
3,3,17,20,4.7,563,25,82
3,3,17,30,4.3,472,20,53
3,3,17,40,3.9000000000000004,350,14,28
3,3,17,50,3.5,0,0,0
3,3,18,0,3,0,0,0
3,3,18,10,2.8000000000000003,0,0,0
3,3,18,20,2.6,0,0,0
3,3,18,30,2.4000000000000004,0,0,0
3,3,18,40,2.1,0,0,0
3,3,18,50,1.9000000000000001,0,0,0
3,3,19,0,1.7000000000000002,0,0,0
3,3,19,10,1.5,0,0,0
3,3,19,20,1.3,0,0,0
3,3,19,30,1.1,0,0,0
3,3,19,40,0.9,0,0,0
3,3,19,50,0.7000000000000001,0,0,0
3,3,20,0,0.5,0,0,0
3,3,20,10,0.30000000000000004,0,0,0
3,3,20,20,0.1,0,0,0
3,3,20,30,-0.1,0,0,0
3,3,20,40,-0.3,0,0,0
3,3,20,50,-0.5,0,0,0
3,3,21,0,-0.7,0,0,0
3,3,21,10,-0.9,0,0,0
3,3,21,20,-1.1,0,0,0
3,3,21,30,-1.2,0,0,0
3,3,21,40,-1.4,0,0,0
3,3,21,50,-1.6,0,0,0
3,3,22,0,-1.7,0,0,0
3,3,22,10,-1.9,0,0,0
3,3,22,20,-2.1,0,0,0
3,3,22,30,-2.3,0,0,0
3,3,22,40,-2.5,0,0,0
3,3,22,50,-2.6,0,0,0
3,3,23,0,-2.8,0,0,0
3,3,23,10,-3,0,0,0
3,3,23,20,-3.2,0,0,0
3,3,23,30,-3.3,0,0,0
3,3,23,40,-3.5,0,0,0
3,3,23,50,-3.7,0,0,0
3,4,0,0,-3.9,0,0,0
3,4,0,10,-4,0,0,0
3,4,0,20,-4.1,0,0,0
3,4,0,30,-4.2,0,0,0
3,4,0,40,-4.3,0,0,0
3,4,0,50,-4.4,0,0,0
3,4,1,0,-4.5,0,0,0
3,4,1,10,-4.6,0,0,0
3,4,1,20,-4.6,0,0,0
3,4,1,30,-4.7,0,0,0
3,4,1,40,-4.8,0,0,0
3,4,1,50,-4.9,0,0,0
3,4,2,0,-5,0,0,0
3,4,2,10,-5,0,0,0
3,4,2,20,-5,0,0,0
3,4,2,30,-5.1,0,0,0
3,4,2,40,-5.1,0,0,0
3,4,2,50,-5.1,0,0,0
3,4,3,0,-5.2,0,0,0
3,4,3,10,-5.2,0,0,0
3,4,3,20,-5.2,0,0,0
3,4,3,30,-5.2,0,0,0
3,4,3,40,-5.2,0,0,0
3,4,3,50,-5.2,0,0,0
3,4,4,0,-5.2,0,0,0
3,4,4,10,-5.2,0,0,0
3,4,4,20,-5.2,0,0,0
3,4,4,30,-5.2,0,0,0
3,4,4,40,-5.2,0,0,0
3,4,4,50,-5.1,0,0,0
3,4,5,0,-5.1,0,0,0
3,4,5,10,-5,0,0,0
3,4,5,20,-4.9,0,0,0
3,4,5,30,-4.8,0,0,0
3,4,5,40,-4.7,0,0,0
3,4,5,50,-4.6,0,0,0
3,4,6,0,-4.5,0,0,0
3,4,6,10,-4,0,0,0
3,4,6,20,-3.5,0,0,0
3,4,6,30,-3.1,0,0,0
3,4,6,40,-2.6,266,14,22
3,4,6,50,-2.1,396,20,45
3,4,7,0,-1.6,497,26,73
3,4,7,10,-1,577,31,104
3,4,7,20,-0.4,641,35,137
3,4,7,30,0.2,694,39,171
3,4,7,40,0.8,734,43,205
3,4,7,50,1.4000000000000001,771,46,240
3,4,8,0,2,803,48,274
3,4,8,10,2.4000000000000004,830,51,309
3,4,8,20,2.8000000000000003,854,53,343
3,4,8,30,3.2,875,55,377
3,4,8,40,3.6,892,57,409
3,4,8,50,4,908,59,441
3,4,9,0,4.4,923,61,472
3,4,9,10,4.7,936,62,502
3,4,9,20,5,947,63,531
3,4,9,30,5.300000000000001,958,65,558
3,4,9,40,5.6000000000000005,971,64,585
3,4,9,50,5.9,980,65,610
3,4,10,0,6.2,987,66,634
3,4,10,10,6.5,993,67,656
3,4,10,20,6.7,999,68,676
3,4,10,30,7,1004,69,695
3,4,10,40,7.300000000000001,1009,69,712
3,4,10,50,7.5,1013,70,728
3,4,11,0,7.800000000000001,477,278,593
3,4,11,10,8,407,354,627
3,4,11,20,8.200000000000001,1022,71,764
3,4,11,30,8.4,1024,71,773
3,4,11,40,8.6,1028,70,780
3,4,11,50,8.8,1029,71,785
3,4,12,0,9,1030,71,788
3,4,12,10,9.1,1030,71,789
3,4,12,20,9.3,1030,71,789
3,4,12,30,9.4,1029,71,786
3,4,12,40,9.5,1032,68,782
3,4,12,50,9.600000000000001,1031,68,776
3,4,13,0,9.8,1029,68,768
3,4,13,10,9.8,1026,68,759
3,4,13,20,9.8,1024,67,747
3,4,13,30,9.8,1020,67,734
3,4,13,40,9.9,1005,72,717
3,4,13,50,9.9,1000,72,700
3,4,14,0,9.9,995,71,682
3,4,14,10,9.8,989,70,662
3,4,14,20,9.8,983,69,640
3,4,14,30,9.700000000000001,975,68,617
3,4,14,40,9.600000000000001,966,68,593
3,4,14,50,9.5,957,67,567
3,4,15,0,9.4,947,65,540
3,4,15,10,9.200000000000001,935,64,511
3,4,15,20,9,923,63,482
3,4,15,30,8.8,909,61,451
3,4,15,40,8.5,900,57,420
3,4,15,50,8.3,882,56,388
3,4,16,0,8.1,862,54,355
3,4,16,10,7.4,839,52,321
3,4,16,20,6.7,813,49,286
3,4,16,30,6,783,47,252
3,4,16,40,5.300000000000001,751,43,217
3,4,16,50,4.6000000000000005,710,40,183
3,4,17,0,3.9000000000000004,660,37,149
3,4,17,10,3.5,600,33,115
3,4,17,20,3.1,525,28,84
3,4,17,30,2.7,432,22,54
3,4,17,40,2.3000000000000003,321,16,30
3,4,17,50,1.9000000000000001,0,0,0
3,4,18,0,1.5,0,0,0
3,4,18,10,1.4000000000000001,0,0,0
3,4,18,20,1.3,0,0,0
3,4,18,30,1.2000000000000002,0,0,0
3,4,18,40,1.1,0,0,0
3,4,18,50,1,0,0,0
3,4,19,0,0.8,0,0,0
3,4,19,10,0.7000000000000001,0,0,0
3,4,19,20,0.5,0,0,0
3,4,19,30,0.4,0,0,0
3,4,19,40,0.30000000000000004,0,0,0
3,4,19,50,0.1,0,0,0
3,4,20,0,0,0,0,0
3,4,20,10,-0.2,0,0,0
3,4,20,20,-0.4,0,0,0
3,4,20,30,-0.6,0,0,0
3,4,20,40,-0.8,0,0,0
3,4,20,50,-1,0,0,0
3,4,21,0,-1.2,0,0,0
3,4,21,10,-1.4,0,0,0
3,4,21,20,-1.5,0,0,0
3,4,21,30,-1.7,0,0,0
3,4,21,40,-1.9,0,0,0
3,4,21,50,-2,0,0,0
3,4,22,0,-2.2,0,0,0
3,4,22,10,-2.3,0,0,0
3,4,22,20,-2.4,0,0,0
3,4,22,30,-2.6,0,0,0
3,4,22,40,-2.7,0,0,0
3,4,22,50,-2.8,0,0,0
3,4,23,0,-2.9,0,0,0
3,4,23,10,-3,0,0,0
3,4,23,20,-3.2,0,0,0
3,4,23,30,-3.4,0,0,0
3,4,23,40,-3.5,0,0,0
3,4,23,50,-3.7,0,0,0
3,5,0,0,-3.8,0,0,0
3,5,0,10,-4,0,0,0
3,5,0,20,-4.1,0,0,0
3,5,0,30,-4.3,0,0,0
3,5,0,40,-4.4,0,0,0
3,5,0,50,-4.5,0,0,0
3,5,1,0,-4.7,0,0,0
3,5,1,10,-4.8,0,0,0
3,5,1,20,-4.8,0,0,0
3,5,1,30,-4.9,0,0,0
3,5,1,40,-5,0,0,0
3,5,1,50,-5.1,0,0,0
3,5,2,0,-5.2,0,0,0
3,5,2,10,-5.2,0,0,0
3,5,2,20,-5.1,0,0,0
3,5,2,30,-5.1,0,0,0
3,5,2,40,-5.1,0,0,0
3,5,2,50,-5.1,0,0,0
3,5,3,0,-5.1,0,0,0
3,5,3,10,-5.1,0,0,0
3,5,3,20,-5.1,0,0,0
3,5,3,30,-5.1,0,0,0
3,5,3,40,-5.1,0,0,0
3,5,3,50,-5.1,0,0,0
3,5,4,0,-5.1,0,0,0
3,5,4,10,-5.1,0,0,0
3,5,4,20,-5.1,0,0,0
3,5,4,30,-5.1,0,0,0
3,5,4,40,-5.1,0,0,0
3,5,4,50,-5.1,0,0,0
3,5,5,0,-5.2,0,0,0
3,5,5,10,-5.1,0,0,0
3,5,5,20,-5.1,0,0,0
3,5,5,30,-5.1,0,0,0
3,5,5,40,-5,0,0,0
3,5,5,50,-5,0,0,0
3,5,6,0,-4.9,0,0,0
3,5,6,10,-4.5,0,0,0
3,5,6,20,-4.1,0,0,0
3,5,6,30,-3.6,0,0,0
3,5,6,40,-3.2,300,14,25
3,5,6,50,-2.8,420,21,49
3,5,7,0,-2.3,514,26,77
3,5,7,10,-1.7,589,31,109
3,5,7,20,-1.2,650,35,141
3,5,7,30,-0.6,701,39,175
3,5,7,40,0,745,41,210
3,5,7,50,0.5,780,44,245
3,5,8,0,1.1,810,47,279
3,5,8,10,1.5,837,49,313
3,5,8,20,1.9000000000000001,860,51,347
3,5,8,30,2.4000000000000004,880,53,380
3,5,8,40,2.8000000000000003,896,55,413
3,5,8,50,3.2,911,57,445
3,5,9,0,3.6,925,58,475
3,5,9,10,4,938,60,505
3,5,9,20,4.4,949,61,534
3,5,9,30,4.800000000000001,959,62,561
3,5,9,40,5.2,967,64,587
3,5,9,50,5.5,975,65,612
3,5,10,0,5.9,982,66,635
3,5,10,10,6.2,989,67,657
3,5,10,20,6.6000000000000005,994,67,678
3,5,10,30,6.9,1000,68,697
3,5,10,40,7.2,1007,67,714
3,5,10,50,7.6000000000000005,1011,68,730
3,5,11,0,7.9,1014,68,744
3,5,11,10,8,1017,69,756
3,5,11,20,8.200000000000001,1020,69,766
3,5,11,30,8.4,1022,70,775
3,5,11,40,8.6,1001,78,774
3,5,11,50,8.700000000000001,1002,78,779
3,5,12,0,8.9,1003,79,782
3,5,12,10,8.9,558,319,711
3,5,12,20,8.8,1003,79,783
3,5,12,30,8.8,540,324,701
3,5,12,40,8.700000000000001,512,332,689
3,5,12,50,8.700000000000001,297,403,608
3,5,13,0,8.700000000000001,259,409,586
3,5,13,10,8.6,414,292,572
3,5,13,20,8.5,152,391,493
3,5,13,30,8.4,80,347,400
3,5,13,40,8.3,255,332,497
3,5,13,50,8.3,191,324,445
3,5,14,0,8.200000000000001,127,312,391
3,5,14,10,8.1,165,310,410
3,5,14,20,8.1,67,278,317
3,5,14,30,8.1,77,272,316
3,5,14,40,8,41,263,286
3,5,14,50,8,20,215,225
3,5,15,0,8,20,207,217
3,5,15,10,7.800000000000001,24,198,209
3,5,15,20,7.7,396,208,390
3,5,15,30,7.6000000000000005,102,235,280
3,5,15,40,7.5,5,117,119
3,5,15,50,7.4,174,197,263
3,5,16,0,7.300000000000001,545,139,332
3,5,16,10,6.800000000000001,116,172,210
3,5,16,20,6.2,152,152,197
3,5,16,30,5.7,288,125,202
3,5,16,40,5.2,239,117,173
3,5,16,50,4.7,11,75,77
3,5,17,0,4.2,0,5,5
3,5,17,10,3.8000000000000003,65,77,87
3,5,17,20,3.5,117,58,71
3,5,17,30,3.2,11,39,40
3,5,17,40,2.8000000000000003,1,20,21
3,5,17,50,2.5,0,0,0
3,5,18,0,2.1,0,0,0
3,5,18,10,1.9000000000000001,0,0,0
3,5,18,20,1.7000000000000002,0,0,0
3,5,18,30,1.6,0,0,0
3,5,18,40,1.4000000000000001,0,0,0
3,5,18,50,1.2000000000000002,0,0,0
3,5,19,0,1,0,0,0
3,5,19,10,0.8,0,0,0
3,5,19,20,0.7000000000000001,0,0,0
3,5,19,30,0.6000000000000001,0,0,0
3,5,19,40,0.4,0,0,0
3,5,19,50,0.30000000000000004,0,0,0
3,5,20,0,0.2,0,0,0
3,5,20,10,0.1,0,0,0
3,5,20,20,0,0,0,0
3,5,20,30,-0.1,0,0,0
3,5,20,40,-0.2,0,0,0
3,5,20,50,-0.2,0,0,0
3,5,21,0,-0.3,0,0,0
3,5,21,10,-0.3,0,0,0
3,5,21,20,-0.4,0,0,0
3,5,21,30,-0.4,0,0,0
3,5,21,40,-0.4,0,0,0
3,5,21,50,-0.5,0,0,0
3,5,22,0,-0.5,0,0,0
3,5,22,10,-0.5,0,0,0
3,5,22,20,-0.5,0,0,0
3,5,22,30,-0.6,0,0,0
3,5,22,40,-0.6,0,0,0
3,5,22,50,-0.6,0,0,0
3,5,23,0,-0.6,0,0,0
3,5,23,10,-0.7,0,0,0
3,5,23,20,-0.7,0,0,0
3,5,23,30,-0.7,0,0,0
3,5,23,40,-0.8,0,0,0
3,5,23,50,-0.8,0,0,0
3,6,0,0,-0.8,0,0,0
3,6,0,10,-0.9,0,0,0
3,6,0,20,-0.9,0,0,0
3,6,0,30,-1,0,0,0
3,6,0,40,-1,0,0,0
3,6,0,50,-1.1,0,0,0
3,6,1,0,-1.1,0,0,0
3,6,1,10,-1.2,0,0,0
3,6,1,20,-1.2,0,0,0
3,6,1,30,-1.3,0,0,0
3,6,1,40,-1.3,0,0,0
3,6,1,50,-1.3,0,0,0
3,6,2,0,-1.4,0,0,0
3,6,2,10,-1.4,0,0,0
3,6,2,20,-1.5,0,0,0
3,6,2,30,-1.5,0,0,0
3,6,2,40,-1.6,0,0,0
3,6,2,50,-1.7,0,0,0
3,6,3,0,-1.7,0,0,0
3,6,3,10,-1.7,0,0,0
3,6,3,20,-1.8,0,0,0
3,6,3,30,-1.8,0,0,0
3,6,3,40,-1.8,0,0,0
3,6,3,50,-1.9,0,0,0
3,6,4,0,-1.9,0,0,0
3,6,4,10,-1.9,0,0,0
3,6,4,20,-1.9,0,0,0
3,6,4,30,-1.9,0,0,0
3,6,4,40,-1.9,0,0,0
3,6,4,50,-1.9,0,0,0
3,6,5,0,-1.9,0,0,0
3,6,5,10,-1.7,0,0,0
3,6,5,20,-1.6,0,0,0
3,6,5,30,-1.5,0,0,0
3,6,5,40,-1.4,0,0,0
3,6,5,50,-1.3,0,0,0
3,6,6,0,-1.2,0,0,0
3,6,6,10,-0.5,0,0,0
3,6,6,20,0.30000000000000004,0,0,0
3,6,6,30,1,0,0,0
3,6,6,40,1.7000000000000002,337,15,29
3,6,6,50,2.4000000000000004,454,21,54
3,6,7,0,3.1,545,26,83
3,6,7,10,3.8000000000000003,618,30,115
3,6,7,20,4.5,677,34,149
3,6,7,30,5.2,725,38,183
3,6,7,40,5.9,766,41,218
3,6,7,50,6.5,800,43,253
3,6,8,0,7.2,829,45,287
3,6,8,10,7.800000000000001,855,48,322
3,6,8,20,8.3,877,50,356
3,6,8,30,8.9,896,51,390
3,6,8,40,9.5,910,54,422
3,6,8,50,10,925,56,454
3,6,9,0,10.600000000000001,938,57,485
3,6,9,10,10.8,951,58,515
3,6,9,20,11.100000000000001,961,60,544
3,6,9,30,11.4,971,61,571
3,6,9,40,11.600000000000001,979,62,597
3,6,9,50,11.9,987,63,622
3,6,10,0,12.200000000000001,994,64,646
3,6,10,10,12.3,1000,65,668
3,6,10,20,12.5,1006,66,688
3,6,10,30,12.700000000000001,1011,66,707
3,6,10,40,12.8,1015,67,724
3,6,10,50,13,1019,67,740
3,6,11,0,13.200000000000001,1015,68,749
3,6,11,10,13.3,1018,68,761
3,6,11,20,13.4,1021,69,771
3,6,11,30,13.4,1022,69,780
3,6,11,40,13.5,1021,71,786
3,6,11,50,13.600000000000001,1022,71,791
3,6,12,0,13.700000000000001,430,364,668
3,6,12,10,13.700000000000001,521,334,702
3,6,12,20,13.8,1023,71,794
3,6,12,30,13.8,1022,71,792
3,6,12,40,13.8,1017,74,787
3,6,12,50,13.8,1015,73,781
3,6,13,0,13.8,1014,73,773
3,6,13,10,13.700000000000001,1011,73,763
3,6,13,20,13.700000000000001,1002,72,747
3,6,13,30,13.600000000000001,999,72,734
3,6,13,40,13.600000000000001,990,73,718
3,6,13,50,13.5,986,73,701
3,6,14,0,13.4,302,302,490
3,6,14,10,13.3,501,238,542
3,6,14,20,13.200000000000001,452,246,512
3,6,14,30,13,170,291,388
3,6,14,40,12.9,410,226,452
3,6,14,50,12.8,196,261,365
3,6,15,0,12.600000000000001,497,187,441
3,6,15,10,12.3,429,206,414
3,6,15,20,12.100000000000001,192,245,334
3,6,15,30,11.8,40,199,216
3,6,15,40,11.5,97,221,261
3,6,15,50,11.200000000000001,74,202,231
3,6,16,0,10.9,18,148,155
3,6,16,10,10.4,103,156,189
3,6,16,20,9.9,23,134,141
3,6,16,30,9.4,24,128,135
3,6,16,40,8.9,175,88,129
3,6,16,50,8.5,4,67,67
3,6,17,0,8,0,12,12
3,6,17,10,7.7,530,38,115
3,6,17,20,7.5,457,33,84
3,6,17,30,7.300000000000001,367,26,56
3,6,17,40,7,239,19,31
3,6,17,50,6.800000000000001,110,11,13
3,6,18,0,6.6000000000000005,0,0,0
3,6,18,10,6.4,0,0,0
3,6,18,20,6.300000000000001,0,0,0
3,6,18,30,6.1000000000000005,0,0,0
3,6,18,40,6,0,0,0
3,6,18,50,5.9,0,0,0
3,6,19,0,5.7,0,0,0
3,6,19,10,5.6000000000000005,0,0,0
3,6,19,20,5.4,0,0,0
3,6,19,30,5.2,0,0,0
3,6,19,40,5.1000000000000005,0,0,0
3,6,19,50,4.9,0,0,0
3,6,20,0,4.800000000000001,0,0,0
3,6,20,10,4.6000000000000005,0,0,0
3,6,20,20,4.4,0,0,0
3,6,20,30,4.2,0,0,0
3,6,20,40,4.1000000000000005,0,0,0
3,6,20,50,3.9000000000000004,0,0,0
3,6,21,0,3.7,0,0,0
3,6,21,10,3.6,0,0,0
3,6,21,20,3.5,0,0,0
3,6,21,30,3.3000000000000003,0,0,0
3,6,21,40,3.2,0,0,0
3,6,21,50,3,0,0,0
3,6,22,0,2.9000000000000004,0,0,0
3,6,22,10,2.8000000000000003,0,0,0
3,6,22,20,2.7,0,0,0
3,6,22,30,2.6,0,0,0
3,6,22,40,2.5,0,0,0
3,6,22,50,2.4000000000000004,0,0,0
3,6,23,0,2.3000000000000003,0,0,0
3,6,23,10,2.3000000000000003,0,0,0
3,6,23,20,2.2,0,0,0
3,6,23,30,2.2,0,0,0
3,6,23,40,2.1,0,0,0
3,6,23,50,2.1,0,0,0
3,7,0,0,2,0,0,0
3,7,0,10,2,0,0,0
3,7,0,20,1.9000000000000001,0,0,0
3,7,0,30,1.9000000000000001,0,0,0
3,7,0,40,1.9000000000000001,0,0,0
3,7,0,50,1.8,0,0,0
3,7,1,0,1.8,0,0,0
3,7,1,10,1.7000000000000002,0,0,0
3,7,1,20,1.7000000000000002,0,0,0
3,7,1,30,1.6,0,0,0
3,7,1,40,1.6,0,0,0
3,7,1,50,1.5,0,0,0
3,7,2,0,1.5,0,0,0
3,7,2,10,1.4000000000000001,0,0,0
3,7,2,20,1.3,0,0,0
3,7,2,30,1.3,0,0,0
3,7,2,40,1.2000000000000002,0,0,0
3,7,2,50,1.1,0,0,0
3,7,3,0,1.1,0,0,0
3,7,3,10,1,0,0,0
3,7,3,20,1,0,0,0
3,7,3,30,0.9,0,0,0
3,7,3,40,0.9,0,0,0
3,7,3,50,0.8,0,0,0
3,7,4,0,0.8,0,0,0
3,7,4,10,0.7000000000000001,0,0,0
3,7,4,20,0.7000000000000001,0,0,0
3,7,4,30,0.7000000000000001,0,0,0
3,7,4,40,0.6000000000000001,0,0,0
3,7,4,50,0.6000000000000001,0,0,0
3,7,5,0,0.5,0,0,0
3,7,5,10,0.5,0,0,0
3,7,5,20,0.5,0,0,0
3,7,5,30,0.5,0,0,0
3,7,5,40,0.5,0,0,0
3,7,5,50,0.5,0,0,0
3,7,6,0,0.5,0,0,0
3,7,6,10,0.7000000000000001,0,0,0
3,7,6,20,0.8,0,0,0
3,7,6,30,1,0,0,0
3,7,6,40,1.2000000000000002,0,17,17
3,7,6,50,1.3,1,34,34
3,7,7,0,1.5,2,52,52
3,7,7,10,1.7000000000000002,1,54,54
3,7,7,20,2,1,58,59
3,7,7,30,2.2,7,106,108
3,7,7,40,2.4000000000000004,11,127,130
3,7,7,50,2.6,1,84,84
3,7,8,0,2.8000000000000003,0,46,46
3,7,8,10,3,0,45,45
3,7,8,20,3.2,0,60,60
3,7,8,30,3.4000000000000004,0,79,79
3,7,8,40,3.7,0,102,102
3,7,8,50,3.9000000000000004,0,95,95
3,7,9,0,4.1000000000000005,0,139,139
3,7,9,10,4.2,0,125,125
3,7,9,20,4.4,1,194,195
3,7,9,30,4.6000000000000005,7,239,243
3,7,9,40,4.7,24,279,292
3,7,9,50,4.9,70,336,376
3,7,10,0,5.1000000000000005,132,365,443
3,7,10,10,5.2,125,376,452
3,7,10,20,5.300000000000001,886,108,661
3,7,10,30,5.4,61,347,386
3,7,10,40,5.5,79,379,430
3,7,10,50,5.6000000000000005,101,400,467
3,7,11,0,5.7,146,419,518
3,7,11,10,5.800000000000001,84,396,454
3,7,11,20,5.800000000000001,42,369,398
3,7,11,30,5.9,138,434,531
3,7,11,40,5.9,217,436,590
3,7,11,50,5.9,91,413,477
3,7,12,0,6,171,445,567
3,7,12,10,5.9,97,421,490
3,7,12,20,5.9,51,389,425
3,7,12,30,5.9,0,190,190
3,7,12,40,5.800000000000001,0,107,107
3,7,12,50,5.800000000000001,0,106,106
3,7,13,0,5.800000000000001,16,275,287
3,7,13,10,5.7,38,294,320
3,7,13,20,5.6000000000000005,15,246,257
3,7,13,30,5.5,12,263,271
3,7,13,40,5.4,12,261,268
3,7,13,50,5.300000000000001,1,147,148
3,7,14,0,5.2,0,88,88
3,7,14,10,5.1000000000000005,0,93,93
3,7,14,20,4.9,6,186,189
3,7,14,30,4.800000000000001,2,147,148
3,7,14,40,4.6000000000000005,8,187,191
3,7,14,50,4.5,0,123,123
3,7,15,0,4.3,0,68,68
3,7,15,10,4.1000000000000005,0,56,56
3,7,15,20,3.9000000000000004,0,150,150
3,7,15,30,3.7,195,243,330
3,7,15,40,3.4000000000000004,229,222,317
3,7,15,50,3.2,178,212,281
3,7,16,0,3,34,181,193
3,7,16,10,2.7,106,192,227
3,7,16,20,2.4000000000000004,47,158,172
3,7,16,30,2.1,80,155,177
3,7,16,40,1.8,176,115,158
3,7,16,50,1.5,16,109,112
3,7,17,0,1.2000000000000002,2,74,74
3,7,17,10,1,12,86,88
3,7,17,20,0.7000000000000001,0,40,40
3,7,17,30,0.4,0,27,27
3,7,17,40,0.2,95,24,29
3,7,17,50,-0.1,0,7,7
3,7,18,0,-0.3,0,0,0
3,7,18,10,-0.5,0,0,0
3,7,18,20,-0.6,0,0,0
3,7,18,30,-0.8,0,0,0
3,7,18,40,-1,0,0,0
3,7,18,50,-1.1,0,0,0
3,7,19,0,-1.3,0,0,0
3,7,19,10,-1.3,0,0,0
3,7,19,20,-1.4,0,0,0
3,7,19,30,-1.5,0,0,0
3,7,19,40,-1.6,0,0,0
3,7,19,50,-1.6,0,0,0
3,7,20,0,-1.7,0,0,0
3,7,20,10,-1.7,0,0,0
3,7,20,20,-1.8,0,0,0
3,7,20,30,-1.8,0,0,0
3,7,20,40,-1.9,0,0,0
3,7,20,50,-1.9,0,0,0
3,7,21,0,-1.9,0,0,0
3,7,21,10,-2,0,0,0
3,7,21,20,-2,0,0,0
3,7,21,30,-2,0,0,0
3,7,21,40,-2.1,0,0,0
3,7,21,50,-2.1,0,0,0
3,7,22,0,-2.1,0,0,0
3,7,22,10,-2.2,0,0,0
3,7,22,20,-2.2,0,0,0
3,7,22,30,-2.3,0,0,0
3,7,22,40,-2.3,0,0,0
3,7,22,50,-2.3,0,0,0
3,7,23,0,-2.4,0,0,0
3,7,23,10,-2.4,0,0,0
3,7,23,20,-2.5,0,0,0
3,7,23,30,-2.5,0,0,0
3,7,23,40,-2.6,0,0,0
3,7,23,50,-2.6,0,0,0
3,8,0,0,-2.7,0,0,0
3,8,0,10,-2.8,0,0,0
3,8,0,20,-2.8,0,0,0
3,8,0,30,-2.9,0,0,0
3,8,0,40,-3,0,0,0
3,8,0,50,-3.1,0,0,0
3,8,1,0,-3.1,0,0,0
3,8,1,10,-3.2,0,0,0
3,8,1,20,-3.3,0,0,0
3,8,1,30,-3.4,0,0,0
3,8,1,40,-3.5,0,0,0
3,8,1,50,-3.6,0,0,0
3,8,2,0,-3.7,0,0,0
3,8,2,10,-3.8,0,0,0
3,8,2,20,-3.9,0,0,0
3,8,2,30,-4,0,0,0
3,8,2,40,-4.1,0,0,0
3,8,2,50,-4.2,0,0,0
3,8,3,0,-4.3,0,0,0
3,8,3,10,-4.4,0,0,0
3,8,3,20,-4.4,0,0,0
3,8,3,30,-4.5,0,0,0
3,8,3,40,-4.5,0,0,0
3,8,3,50,-4.6,0,0,0
3,8,4,0,-4.6,0,0,0
3,8,4,10,-4.7,0,0,0
3,8,4,20,-4.7,0,0,0
3,8,4,30,-4.8,0,0,0
3,8,4,40,-4.8,0,0,0
3,8,4,50,-4.9,0,0,0
3,8,5,0,-4.9,0,0,0
3,8,5,10,-5,0,0,0
3,8,5,20,-5,0,0,0
3,8,5,30,-5,0,0,0
3,8,5,40,-5,0,0,0
3,8,5,50,-5,0,0,0
3,8,6,0,-5,0,0,0
3,8,6,10,-4.8,0,0,0
3,8,6,20,-4.7,0,0,0
3,8,6,30,-4.5,0,6,6
3,8,6,40,-4.3,0,15,15
3,8,6,50,-4.1,0,40,40
3,8,7,0,-3.9,1,58,58
3,8,7,10,-3.7,0,14,14
3,8,7,20,-3.5,0,24,24
3,8,7,30,-3.3,0,77,77
3,8,7,40,-3.1,0,45,45
3,8,7,50,-2.9,0,61,61
3,8,8,0,-2.7,0,60,60
3,8,8,10,-2.6,0,113,113
3,8,8,20,-2.4,0,131,131
3,8,8,30,-2.2,0,118,118
3,8,8,40,-2,0,137,137
3,8,8,50,-1.8,0,167,167
3,8,9,0,-1.6,0,181,181
3,8,9,10,-1.4,0,216,217
3,8,9,20,-1.2,273,352,492
3,8,9,30,-1,0,250,250
3,8,9,40,-0.8,0,225,225
3,8,9,50,-0.6,1,278,278
3,8,10,0,-0.4,11,314,320
3,8,10,10,-0.2,13,323,331
3,8,10,20,0,17,351,361
3,8,10,30,0.2,16,370,380
3,8,10,40,0.4,53,463,497
3,8,10,50,0.7000000000000001,72,467,516
3,8,11,0,0.9,74,474,524
3,8,11,10,1.1,61,474,516
3,8,11,20,1.2000000000000002,29,512,533
3,8,11,30,1.4000000000000001,58,540,581
3,8,11,40,1.6,17,506,518
3,8,11,50,1.8,1,393,394
3,8,12,0,1.9000000000000001,1,414,415
3,8,12,10,2.1,18,514,527
3,8,12,20,2.2,5,472,476
3,8,12,30,2.3000000000000003,1,354,355
3,8,12,40,2.4000000000000004,1,350,351
3,8,12,50,2.5,0,266,266
3,8,13,0,2.6,0,304,304
3,8,13,10,2.6,0,214,214
3,8,13,20,2.7,2,253,254
3,8,13,30,2.7,2,235,236
3,8,13,40,2.8000000000000003,6,277,281
3,8,13,50,2.8000000000000003,4,249,252
3,8,14,0,2.8000000000000003,2,218,220
3,8,14,10,2.7,70,394,437
3,8,14,20,2.7,51,427,458
3,8,14,30,2.6,1,276,276
3,8,14,40,2.5,0,200,200
3,8,14,50,2.4000000000000004,0,198,199
3,8,15,0,2.4000000000000004,0,179,179
3,8,15,10,2.2,0,151,151
3,8,15,20,2,0,143,143
3,8,15,30,1.8,0,121,121
3,8,15,40,1.6,0,125,125
3,8,15,50,1.4000000000000001,0,102,102
3,8,16,0,1.3,0,64,64
3,8,16,10,0.8,0,76,76
3,8,16,20,0.4,0,41,41
3,8,16,30,0,0,35,35
3,8,16,40,-0.4,0,44,44
3,8,16,50,-0.8,0,26,26
3,8,17,0,-1.2,0,31,31
3,8,17,10,-1.6,0,31,31
3,8,17,20,-1.9,1,45,45
3,8,17,30,-2.3,1,39,39
3,8,17,40,-2.6,0,23,23
3,8,17,50,-3,166,13,17
3,8,18,0,-3.3,0,0,0
3,8,18,10,-3.3,0,0,0
3,8,18,20,-3.4,0,0,0
3,8,18,30,-3.4,0,0,0
3,8,18,40,-3.4,0,0,0
3,8,18,50,-3.5,0,0,0
3,8,19,0,-3.5,0,0,0
3,8,19,10,-3.6,0,0,0
3,8,19,20,-3.7,0,0,0
3,8,19,30,-3.7,0,0,0
3,8,19,40,-3.8,0,0,0
3,8,19,50,-3.9,0,0,0
3,8,20,0,-4,0,0,0
3,8,20,10,-4.1,0,0,0
3,8,20,20,-4.2,0,0,0
3,8,20,30,-4.3,0,0,0
3,8,20,40,-4.4,0,0,0
3,8,20,50,-4.4,0,0,0
3,8,21,0,-4.5,0,0,0
3,8,21,10,-4.5,0,0,0
3,8,21,20,-4.5,0,0,0
3,8,21,30,-4.5,0,0,0
3,8,21,40,-4.5,0,0,0
3,8,21,50,-4.5,0,0,0
3,8,22,0,-4.5,0,0,0
3,8,22,10,-4.5,0,0,0
3,8,22,20,-4.5,0,0,0
3,8,22,30,-4.4,0,0,0
3,8,22,40,-4.4,0,0,0
3,8,22,50,-4.4,0,0,0
3,8,23,0,-4.3,0,0,0
3,8,23,10,-4.3,0,0,0
3,8,23,20,-4.3,0,0,0
3,8,23,30,-4.3,0,0,0
3,8,23,40,-4.2,0,0,0
3,8,23,50,-4.2,0,0,0
3,9,0,0,-4.2,0,0,0
3,9,0,10,-4.2,0,0,0
3,9,0,20,-4.2,0,0,0
3,9,0,30,-4.1,0,0,0
3,9,0,40,-4.1,0,0,0
3,9,0,50,-4.1,0,0,0
3,9,1,0,-4.1,0,0,0
3,9,1,10,-4.1,0,0,0
3,9,1,20,-4.1,0,0,0
3,9,1,30,-4.2,0,0,0
3,9,1,40,-4.2,0,0,0
3,9,1,50,-4.2,0,0,0
3,9,2,0,-4.2,0,0,0
3,9,2,10,-4.2,0,0,0
3,9,2,20,-4.2,0,0,0
3,9,2,30,-4.3,0,0,0
3,9,2,40,-4.3,0,0,0
3,9,2,50,-4.3,0,0,0
3,9,3,0,-4.3,0,0,0
3,9,3,10,-4.4,0,0,0
3,9,3,20,-4.4,0,0,0
3,9,3,30,-4.4,0,0,0
3,9,3,40,-4.4,0,0,0
3,9,3,50,-4.4,0,0,0
3,9,4,0,-4.4,0,0,0
3,9,4,10,-4.5,0,0,0
3,9,4,20,-4.5,0,0,0
3,9,4,30,-4.5,0,0,0
3,9,4,40,-4.5,0,0,0
3,9,4,50,-4.5,0,0,0
3,9,5,0,-4.5,0,0,0
3,9,5,10,-4.4,0,0,0
3,9,5,20,-4.2,0,0,0
3,9,5,30,-4.1,0,0,0
3,9,5,40,-4,0,0,0
3,9,5,50,-3.9,0,0,0
3,9,6,0,-3.8,0,0,0
3,9,6,10,-3.2,0,0,0
3,9,6,20,-2.7,0,0,0
3,9,6,30,-2.1,253,13,19
3,9,6,40,-1.5,397,19,42
3,9,6,50,-1,507,26,70
3,9,7,0,-0.4,594,31,102
3,9,7,10,0.1,662,35,136
3,9,7,20,0.7000000000000001,717,39,172
3,9,7,30,1.3,763,43,208
3,9,7,40,1.9000000000000001,803,46,244
3,9,7,50,2.5,836,48,280
3,9,8,0,3,864,51,317
3,9,8,10,3.5,888,53,352
3,9,8,20,3.9000000000000004,910,55,388
3,9,8,30,4.3,928,57,422
3,9,8,40,4.800000000000001,945,59,456
3,9,8,50,5.2,959,60,489
3,9,9,0,5.7,973,62,521
3,9,9,10,6,984,63,551
3,9,9,20,6.300000000000001,995,64,581
3,9,9,30,6.6000000000000005,1004,66,609
3,9,9,40,6.9,1014,66,636
3,9,9,50,7.2,1021,67,662
3,9,10,0,7.6000000000000005,1028,68,686
3,9,10,10,7.800000000000001,1034,69,708
3,9,10,20,8.1,1039,70,729
3,9,10,30,8.4,1044,71,749
3,9,10,40,8.6,1047,72,766
3,9,10,50,8.9,1036,72,772
3,9,11,0,9.200000000000001,1040,73,786
3,9,11,10,9.4,1042,73,798
3,9,11,20,9.600000000000001,1045,73,808
3,9,11,30,9.8,1047,74,817
3,9,11,40,10,1048,74,823
3,9,11,50,10.200000000000001,1049,74,828
3,9,12,0,10.4,1050,74,831
3,9,12,10,10.5,1050,74,832
3,9,12,20,10.600000000000001,1050,74,831
3,9,12,30,10.8,1050,74,828
3,9,12,40,10.9,1050,73,824
3,9,12,50,11,1049,73,817
3,9,13,0,11.200000000000001,1047,72,809
3,9,13,10,11.200000000000001,1045,72,799
3,9,13,20,11.3,1042,72,787
3,9,13,30,11.3,1039,71,773
3,9,13,40,11.4,1031,72,757
3,9,13,50,11.4,1027,72,740
3,9,14,0,11.5,1022,71,721
3,9,14,10,11.4,1017,70,701
3,9,14,20,11.4,1011,70,679
3,9,14,30,11.3,1004,69,655
3,9,14,40,11.3,997,68,630
3,9,14,50,11.200000000000001,989,66,604
3,9,15,0,11.200000000000001,979,65,576
3,9,15,10,10.9,969,64,547
3,9,15,20,10.600000000000001,957,63,517
3,9,15,30,10.4,944,61,485
3,9,15,40,10.100000000000001,930,59,453
3,9,15,50,9.9,913,58,419
3,9,16,0,9.600000000000001,895,56,385
3,9,16,10,8.9,874,54,351
3,9,16,20,8.200000000000001,850,51,316
3,9,16,30,7.5,822,49,280
3,9,16,40,6.800000000000001,789,46,244
3,9,16,50,6.1000000000000005,739,43,205
3,9,17,0,5.4,693,40,170
3,9,17,10,5.1000000000000005,639,36,135
3,9,17,20,4.800000000000001,572,31,102
3,9,17,30,4.5,488,26,71
3,9,17,40,4.1000000000000005,377,20,43
3,9,17,50,3.8000000000000003,239,13,20
3,9,18,0,3.5,0,0,0
3,9,18,10,3.2,0,0,0
3,9,18,20,3,0,0,0
3,9,18,30,2.7,0,0,0
3,9,18,40,2.5,0,0,0
3,9,18,50,2.2,0,0,0
3,9,19,0,1.9000000000000001,0,0,0
3,9,19,10,1.6,0,0,0
3,9,19,20,1.4000000000000001,0,0,0
3,9,19,30,1.1,0,0,0
3,9,19,40,0.8,0,0,0
3,9,19,50,0.5,0,0,0
3,9,20,0,0.2,0,0,0
3,9,20,10,0.1,0,0,0
3,9,20,20,0,0,0,0
3,9,20,30,-0.1,0,0,0
3,9,20,40,-0.2,0,0,0
3,9,20,50,-0.3,0,0,0
3,9,21,0,-0.3,0,0,0
3,9,21,10,-0.4,0,0,0
3,9,21,20,-0.4,0,0,0
3,9,21,30,-0.4,0,0,0
3,9,21,40,-0.5,0,0,0
3,9,21,50,-0.5,0,0,0
3,9,22,0,-0.5,0,0,0
3,9,22,10,-0.5,0,0,0
3,9,22,20,-0.6,0,0,0
3,9,22,30,-0.6,0,0,0
3,9,22,40,-0.6,0,0,0
3,9,22,50,-0.6,0,0,0
3,9,23,0,-0.7,0,0,0
3,9,23,10,-0.7,0,0,0
3,9,23,20,-0.7,0,0,0
3,9,23,30,-0.8,0,0,0
3,9,23,40,-0.8,0,0,0
3,9,23,50,-0.9,0,0,0
3,10,0,0,-0.9,0,0,0
3,10,0,10,-0.9,0,0,0
3,10,0,20,-1,0,0,0
3,10,0,30,-1,0,0,0
3,10,0,40,-1,0,0,0
3,10,0,50,-1.1,0,0,0
3,10,1,0,-1.1,0,0,0
3,10,1,10,-1.1,0,0,0
3,10,1,20,-1.1,0,0,0
3,10,1,30,-1.1,0,0,0
3,10,1,40,-1.1,0,0,0
3,10,1,50,-1.1,0,0,0
3,10,2,0,-1.1,0,0,0
3,10,2,10,-1.1,0,0,0
3,10,2,20,-1.1,0,0,0
3,10,2,30,-1.1,0,0,0
3,10,2,40,-1.1,0,0,0
3,10,2,50,-1.1,0,0,0
3,10,3,0,-1.1,0,0,0
3,10,3,10,-1.1,0,0,0
3,10,3,20,-1.1,0,0,0
3,10,3,30,-1.1,0,0,0
3,10,3,40,-1.1,0,0,0
3,10,3,50,-1.1,0,0,0
3,10,4,0,-1.1,0,0,0
3,10,4,10,-1.1,0,0,0
3,10,4,20,-1.1,0,0,0
3,10,4,30,-1.1,0,0,0
3,10,4,40,-1.1,0,0,0
3,10,4,50,-1.1,0,0,0
3,10,5,0,-1.1,0,0,0
3,10,5,10,-1,0,0,0
3,10,5,20,-0.9,0,0,0
3,10,5,30,-0.8,0,0,0
3,10,5,40,-0.7,0,0,0
3,10,5,50,-0.6,0,0,0
3,10,6,0,-0.5,0,0,0
3,10,6,10,0.2,0,0,0
3,10,6,20,0.8,0,0,0
3,10,6,30,1.4000000000000001,242,14,21
3,10,6,40,2.1,379,21,45
3,10,6,50,2.7,490,28,73
3,10,7,0,3.4000000000000004,576,33,106
3,10,7,10,4,645,38,140
3,10,7,20,4.7,701,42,175
3,10,7,30,5.300000000000001,748,46,211
3,10,7,40,6,782,50,247
3,10,7,50,6.6000000000000005,816,53,283
3,10,8,0,7.2,845,55,320
3,10,8,10,7.9,870,58,355
3,10,8,20,8.6,891,60,391
3,10,8,30,9.3,911,62,425
3,10,8,40,10,928,64,459
3,10,8,50,10.700000000000001,943,66,492
3,10,9,0,11.4,956,67,524
3,10,9,10,11.8,968,69,554
3,10,9,20,12.200000000000001,979,70,584
3,10,9,30,12.600000000000001,989,72,612
3,10,9,40,13,999,72,639
3,10,9,50,13.4,1007,73,665
3,10,10,0,13.8,1014,74,688
3,10,10,10,14.100000000000001,1020,75,711
3,10,10,20,14.3,1025,76,732
3,10,10,30,14.600000000000001,1030,77,751
3,10,10,40,14.9,1035,78,768
3,10,10,50,15.100000000000001,1038,78,784
3,10,11,0,15.4,1042,79,798
3,10,11,10,15.600000000000001,1030,79,800
3,10,11,20,15.700000000000001,1033,79,810
3,10,11,30,15.9,1035,80,819
3,10,11,40,16.1,1036,80,825
3,10,11,50,16.3,1037,80,830
3,10,12,0,16.400000000000002,1038,80,833
3,10,12,10,16.5,1038,80,834
3,10,12,20,16.6,1038,80,833
3,10,12,30,16.7,1037,80,830
3,10,12,40,16.8,1036,80,826
3,10,12,50,16.900000000000002,1035,79,819
3,10,13,0,17,1033,79,811
3,10,13,10,17,1030,79,800
3,10,13,20,17,1028,78,789
3,10,13,30,17,1024,78,775
3,10,13,40,17,1024,75,760
3,10,13,50,17,1019,75,742
3,10,14,0,17,1014,74,723
3,10,14,10,16.900000000000002,1009,73,703
3,10,14,20,16.8,1003,72,681
3,10,14,30,16.7,996,71,657
3,10,14,40,16.6,988,70,632
3,10,14,50,16.5,969,69,599
3,10,15,0,16.400000000000002,959,68,572
3,10,15,10,16.1,948,66,543
3,10,15,20,15.8,937,65,513
3,10,15,30,15.5,923,63,481
3,10,15,40,15.100000000000001,908,61,449
3,10,15,50,14.8,892,60,416
3,10,16,0,14.5,873,58,383
3,10,16,10,13.700000000000001,851,56,348
3,10,16,20,12.8,827,53,313
3,10,16,30,12,799,51,278
3,10,16,40,11.100000000000001,764,48,242
3,10,16,50,10.3,725,45,207
3,10,17,0,9.5,679,41,171
3,10,17,10,9,624,37,137
3,10,17,20,8.5,557,33,104
3,10,17,30,8.1,474,27,72
3,10,17,40,7.6000000000000005,369,21,44
3,10,17,50,7.1000000000000005,234,14,21
3,10,18,0,6.7,0,0,0
3,10,18,10,6.5,0,0,0
3,10,18,20,6.2,0,0,0
3,10,18,30,6,0,0,0
3,10,18,40,5.800000000000001,0,0,0
3,10,18,50,5.6000000000000005,0,0,0
3,10,19,0,5.4,0,0,0
3,10,19,10,5.1000000000000005,0,0,0
3,10,19,20,4.9,0,0,0
3,10,19,30,4.6000000000000005,0,0,0
3,10,19,40,4.4,0,0,0
3,10,19,50,4.1000000000000005,0,0,0
3,10,20,0,3.9000000000000004,0,0,0
3,10,20,10,3.7,0,0,0
3,10,20,20,3.5,0,0,0
3,10,20,30,3.4000000000000004,0,0,0
3,10,20,40,3.2,0,0,0
3,10,20,50,3,0,0,0
3,10,21,0,2.8000000000000003,0,0,0
3,10,21,10,2.7,0,0,0
3,10,21,20,2.6,0,0,0
3,10,21,30,2.4000000000000004,0,0,0
3,10,21,40,2.3000000000000003,0,0,0
3,10,21,50,2.2,0,0,0
3,10,22,0,2,0,0,0
3,10,22,10,2,0,0,0
3,10,22,20,2,0,0,0
3,10,22,30,1.9000000000000001,0,0,0
3,10,22,40,1.9000000000000001,0,0,0
3,10,22,50,1.9000000000000001,0,0,0
3,10,23,0,1.9000000000000001,0,0,0
3,10,23,10,1.9000000000000001,0,0,0
3,10,23,20,1.8,0,0,0
3,10,23,30,1.8,0,0,0
3,10,23,40,1.8,0,0,0
3,10,23,50,1.8,0,0,0
3,11,0,0,1.7000000000000002,0,0,0
3,11,0,10,1.7000000000000002,0,0,0
3,11,0,20,1.6,0,0,0
3,11,0,30,1.5,0,0,0
3,11,0,40,1.4000000000000001,0,0,0
3,11,0,50,1.4000000000000001,0,0,0
3,11,1,0,1.3,0,0,0
3,11,1,10,1.2000000000000002,0,0,0
3,11,1,20,1.1,0,0,0
3,11,1,30,1.1,0,0,0
3,11,1,40,1,0,0,0
3,11,1,50,0.9,0,0,0
3,11,2,0,0.8,0,0,0
3,11,2,10,0.8,0,0,0
3,11,2,20,0.8,0,0,0
3,11,2,30,0.8,0,0,0
3,11,2,40,0.7000000000000001,0,0,0
3,11,2,50,0.7000000000000001,0,0,0
3,11,3,0,0.7000000000000001,0,0,0
3,11,3,10,0.7000000000000001,0,0,0
3,11,3,20,0.7000000000000001,0,0,0
3,11,3,30,0.8,0,0,0
3,11,3,40,0.8,0,0,0
3,11,3,50,0.8,0,0,0
3,11,4,0,0.8,0,0,0
3,11,4,10,1,0,0,0
3,11,4,20,1.1,0,0,0
3,11,4,30,1.2000000000000002,0,0,0
3,11,4,40,1.3,0,0,0
3,11,4,50,1.4000000000000001,0,0,0
3,11,5,0,1.5,0,0,0
3,11,5,10,1.6,0,0,0
3,11,5,20,1.8,0,0,0
3,11,5,30,1.9000000000000001,0,0,0
3,11,5,40,2.1,0,0,0
3,11,5,50,2.2,0,0,0
3,11,6,0,2.4000000000000004,0,0,0
3,11,6,10,2.8000000000000003,0,0,0
3,11,6,20,3.3000000000000003,0,0,0
3,11,6,30,3.8000000000000003,0,7,7
3,11,6,40,4.2,0,12,12
3,11,6,50,4.7,0,15,15
3,11,7,0,5.2,0,20,20
3,11,7,10,5.7,1,39,39
3,11,7,20,6.2,2,50,51
3,11,7,30,6.7,5,78,79
3,11,7,40,7.2,3,70,71
3,11,7,50,7.7,1,49,49
3,11,8,0,8.200000000000001,5,88,90
3,11,8,10,8.6,226,189,267
3,11,8,20,9.1,239,192,281
3,11,8,30,9.5,138,217,273
3,11,8,40,9.9,172,230,304
3,11,8,50,10.4,88,220,260
3,11,9,0,10.8,100,233,281
3,11,9,10,11.100000000000001,83,239,281
3,11,9,20,11.5,72,267,305
3,11,9,30,11.8,150,294,377
3,11,9,40,12.200000000000001,238,282,419
3,11,9,50,12.5,3,141,143
3,11,10,0,12.9,224,307,444
3,11,10,10,13.100000000000001,9,228,234
3,11,10,20,13.3,17,266,277
3,11,10,30,13.5,134,373,461
3,11,10,40,13.700000000000001,5,222,226
3,11,10,50,14,16,285,296
3,11,11,0,14.200000000000001,44,301,332
3,11,11,10,14.3,260,333,516
3,11,11,20,14.5,435,307,617
3,11,11,30,14.600000000000001,178,379,507
3,11,11,40,14.8,257,363,549
3,11,11,50,14.9,278,359,561
3,11,12,0,15.100000000000001,3,201,203
3,11,12,10,15.100000000000001,4,204,207
3,11,12,20,15.200000000000001,4,201,204
3,11,12,30,15.200000000000001,3,192,195
3,11,12,40,15.3,16,296,308
3,11,12,50,15.3,7,247,252
3,11,13,0,15.4,7,251,256
3,11,13,10,15.4,8,252,258
3,11,13,20,15.3,10,263,270
3,11,13,30,15.3,284,344,539
3,11,13,40,15.3,360,322,564
3,11,13,50,15.200000000000001,304,348,548
3,11,14,0,15.200000000000001,307,317,515
3,11,14,10,15.200000000000001,428,263,532
3,11,14,20,15.200000000000001,397,258,500
3,11,14,30,15.100000000000001,522,216,525
3,11,14,40,15.100000000000001,666,151,532
3,11,14,50,15.100000000000001,695,159,543
3,11,15,0,15,635,187,523
3,11,15,10,14.8,413,219,428
3,11,15,20,14.700000000000001,645,165,476
3,11,15,30,14.5,650,158,455
3,11,15,40,14.3,873,66,443
3,11,15,50,14.100000000000001,856,64,410
3,11,16,0,14,836,62,376
3,11,16,10,13.3,814,59,342
3,11,16,20,12.700000000000001,789,57,308
3,11,16,30,12.100000000000001,760,54,273
3,11,16,40,11.4,739,49,240
3,11,16,50,10.8,291,106,171
3,11,17,0,10.200000000000001,356,88,157
3,11,17,10,9.8,91,92,107
3,11,17,20,9.5,0,13,13
3,11,17,30,9.1,0,14,14
3,11,17,40,8.700000000000001,351,22,45
3,11,17,50,8.4,227,15,23
3,11,18,0,8,0,0,0
3,11,18,10,7.7,0,0,0
3,11,18,20,7.5,0,0,0
3,11,18,30,7.2,0,0,0
3,11,18,40,7,0,0,0
3,11,18,50,6.7,0,0,0
3,11,19,0,6.5,0,0,0
3,11,19,10,6.300000000000001,0,0,0
3,11,19,20,6.2,0,0,0
3,11,19,30,6.1000000000000005,0,0,0
3,11,19,40,6,0,0,0
3,11,19,50,5.9,0,0,0
3,11,20,0,5.800000000000001,0,0,0
3,11,20,10,5.6000000000000005,0,0,0
3,11,20,20,5.5,0,0,0
3,11,20,30,5.300000000000001,0,0,0
3,11,20,40,5.2,0,0,0
3,11,20,50,5.1000000000000005,0,0,0
3,11,21,0,4.9,0,0,0
3,11,21,10,4.800000000000001,0,0,0
3,11,21,20,4.7,0,0,0
3,11,21,30,4.5,0,0,0
3,11,21,40,4.4,0,0,0
3,11,21,50,4.3,0,0,0
3,11,22,0,4.2,0,0,0
3,11,22,10,4.1000000000000005,0,0,0
3,11,22,20,4,0,0,0
3,11,22,30,3.9000000000000004,0,0,0
3,11,22,40,3.8000000000000003,0,0,0
3,11,22,50,3.7,0,0,0
3,11,23,0,3.6,0,0,0
3,11,23,10,3.5,0,0,0
3,11,23,20,3.4000000000000004,0,0,0
3,11,23,30,3.3000000000000003,0,0,0
3,11,23,40,3.1,0,0,0
3,11,23,50,3,0,0,0
3,12,0,0,2.9000000000000004,0,0,0
3,12,0,10,2.8000000000000003,0,0,0
3,12,0,20,2.7,0,0,0
3,12,0,30,2.6,0,0,0
3,12,0,40,2.5,0,0,0
3,12,0,50,2.4000000000000004,0,0,0
3,12,1,0,2.3000000000000003,0,0,0
3,12,1,10,2.3000000000000003,0,0,0
3,12,1,20,2.3000000000000003,0,0,0
3,12,1,30,2.3000000000000003,0,0,0
3,12,1,40,2.3000000000000003,0,0,0
3,12,1,50,2.3000000000000003,0,0,0
3,12,2,0,2.3000000000000003,0,0,0
3,12,2,10,2.2,0,0,0
3,12,2,20,2.2,0,0,0
3,12,2,30,2.2,0,0,0
3,12,2,40,2.2,0,0,0
3,12,2,50,2.1,0,0,0
3,12,3,0,2.1,0,0,0
3,12,3,10,2.1,0,0,0
3,12,3,20,2.1,0,0,0
3,12,3,30,2.1,0,0,0
3,12,3,40,2.2,0,0,0
3,12,3,50,2.2,0,0,0
3,12,4,0,2.2,0,0,0
3,12,4,10,2.1,0,0,0
3,12,4,20,2,0,0,0
3,12,4,30,2,0,0,0
3,12,4,40,1.9000000000000001,0,0,0
3,12,4,50,1.8,0,0,0
3,12,5,0,1.8,0,0,0
3,12,5,10,1.8,0,0,0
3,12,5,20,1.9000000000000001,0,0,0
3,12,5,30,1.9000000000000001,0,0,0
3,12,5,40,2,0,0,0
3,12,5,50,2,0,0,0
3,12,6,0,2.1,0,0,0
3,12,6,10,2.8000000000000003,0,0,0
3,12,6,20,3.6,0,0,0
3,12,6,30,4.4,280,16,27
3,12,6,40,5.1000000000000005,404,22,51
3,12,6,50,5.9,498,28,80
3,12,7,0,6.7,574,33,111
3,12,7,10,7.2,636,38,145
3,12,7,20,7.800000000000001,687,41,179
3,12,7,30,8.3,162,127,165
3,12,7,40,8.9,764,48,249
3,12,7,50,9.4,97,155,183
3,12,8,0,10,89,168,197
3,12,8,10,10.3,169,183,243
3,12,8,20,10.700000000000001,866,58,389
3,12,8,30,11,239,205,303
3,12,8,40,11.4,69,215,245
3,12,8,50,11.8,71,227,260
3,12,9,0,12.100000000000001,79,230,268
3,12,9,10,12.4,54,225,253
3,12,9,20,12.600000000000001,263,253,394
3,12,9,30,12.9,266,255,403
3,12,9,40,13.100000000000001,93,287,341
3,12,9,50,13.4,146,282,370
3,12,10,0,13.700000000000001,102,280,343
3,12,10,10,13.8,83,318,370
3,12,10,20,14,79,338,389
3,12,10,30,14.100000000000001,104,368,437
3,12,10,40,14.3,36,307,332
3,12,10,50,14.5,2,173,175
3,12,11,0,14.600000000000001,2,168,169
3,12,11,10,14.700000000000001,0,87,87
3,12,11,20,14.8,3,176,178
3,12,11,30,14.8,1,128,128
3,12,11,40,14.9,0,92,92
3,12,11,50,15,0,87,87
3,12,12,0,15.100000000000001,0,80,80
3,12,12,10,15,1,113,113
3,12,12,20,15,8,233,239
3,12,12,30,15,2,155,156
3,12,12,40,14.9,1,143,144
3,12,12,50,14.9,90,353,418
3,12,13,0,14.8,568,264,672
3,12,13,10,14.8,973,89,779
3,12,13,20,14.8,970,88,767
3,12,13,30,14.8,966,88,753
3,12,13,40,14.8,680,206,666
3,12,13,50,14.8,957,86,721
3,12,14,0,14.8,952,85,702
3,12,14,10,14.8,662,199,618
3,12,14,20,14.8,621,204,586
3,12,14,30,14.700000000000001,519,207,516
3,12,14,40,14.700000000000001,696,148,549
3,12,14,50,14.700000000000001,164,278,370
3,12,15,0,14.600000000000001,123,271,337
3,12,15,10,14.4,398,216,419
3,12,15,20,14.200000000000001,330,237,397
3,12,15,30,14,227,240,345
3,12,15,40,13.8,63,219,246
3,12,15,50,13.600000000000001,106,219,262
3,12,16,0,13.4,69,199,225
3,12,16,10,13,1,68,69
3,12,16,20,12.600000000000001,65,170,190
3,12,16,30,12.200000000000001,107,144,176
3,12,16,40,11.8,56,128,143
3,12,16,50,11.3,19,106,110
3,12,17,0,10.9,121,78,102
3,12,17,10,10.600000000000001,5,68,68
3,12,17,20,10.4,12,62,64
3,12,17,30,10.100000000000001,4,41,41
3,12,17,40,9.8,0,18,18
3,12,17,50,9.5,0,5,5
3,12,18,0,9.200000000000001,0,0,0
3,12,18,10,9,0,0,0
3,12,18,20,8.8,0,0,0
3,12,18,30,8.6,0,0,0
3,12,18,40,8.4,0,0,0
3,12,18,50,8.200000000000001,0,0,0
3,12,19,0,8,0,0,0
3,12,19,10,7.800000000000001,0,0,0
3,12,19,20,7.7,0,0,0
3,12,19,30,7.5,0,0,0
3,12,19,40,7.4,0,0,0
3,12,19,50,7.2,0,0,0
3,12,20,0,7,0,0,0
3,12,20,10,6.9,0,0,0
3,12,20,20,6.800000000000001,0,0,0
3,12,20,30,6.7,0,0,0
3,12,20,40,6.6000000000000005,0,0,0
3,12,20,50,6.5,0,0,0
3,12,21,0,6.4,0,0,0
3,12,21,10,6.300000000000001,0,0,0
3,12,21,20,6.2,0,0,0
3,12,21,30,6.1000000000000005,0,0,0
3,12,21,40,5.9,0,0,0
3,12,21,50,5.800000000000001,0,0,0
3,12,22,0,5.7,0,0,0
3,12,22,10,5.6000000000000005,0,0,0
3,12,22,20,5.5,0,0,0
3,12,22,30,5.4,0,0,0
3,12,22,40,5.300000000000001,0,0,0
3,12,22,50,5.1000000000000005,0,0,0
3,12,23,0,5,0,0,0
3,12,23,10,4.9,0,0,0
3,12,23,20,4.800000000000001,0,0,0
3,12,23,30,4.7,0,0,0
3,12,23,40,4.6000000000000005,0,0,0
3,12,23,50,4.5,0,0,0
3,13,0,0,4.4,0,0,0
3,13,0,10,4.3,0,0,0
3,13,0,20,4.2,0,0,0
3,13,0,30,4.1000000000000005,0,0,0
3,13,0,40,4.1000000000000005,0,0,0
3,13,0,50,4,0,0,0
3,13,1,0,3.9000000000000004,0,0,0
3,13,1,10,3.8000000000000003,0,0,0
3,13,1,20,3.8000000000000003,0,0,0
3,13,1,30,3.7,0,0,0
3,13,1,40,3.6,0,0,0
3,13,1,50,3.6,0,0,0
3,13,2,0,3.5,0,0,0
3,13,2,10,3.5,0,0,0
3,13,2,20,3.4000000000000004,0,0,0
3,13,2,30,3.4000000000000004,0,0,0
3,13,2,40,3.3000000000000003,0,0,0
3,13,2,50,3.3000000000000003,0,0,0
3,13,3,0,3.2,0,0,0
3,13,3,10,3.2,0,0,0
3,13,3,20,3.1,0,0,0
3,13,3,30,3,0,0,0
3,13,3,40,3,0,0,0
3,13,3,50,2.9000000000000004,0,0,0
3,13,4,0,2.8000000000000003,0,0,0
3,13,4,10,2.8000000000000003,0,0,0
3,13,4,20,2.7,0,0,0
3,13,4,30,2.6,0,0,0
3,13,4,40,2.6,0,0,0
3,13,4,50,2.5,0,0,0
3,13,5,0,2.4000000000000004,0,0,0
3,13,5,10,2.5,0,0,0
3,13,5,20,2.5,0,0,0
3,13,5,30,2.5,0,0,0
3,13,5,40,2.5,0,0,0
3,13,5,50,2.5,0,0,0
3,13,6,0,2.5,0,0,0
3,13,6,10,2.8000000000000003,0,0,0
3,13,6,20,3.2,0,0,0
3,13,6,30,3.5,0,8,8
3,13,6,40,3.8000000000000003,1,31,31
3,13,6,50,4.1000000000000005,0,42,42
3,13,7,0,4.4,3,52,52
3,13,7,10,4.7,9,75,76
3,13,7,20,5,151,112,143
3,13,7,30,5.300000000000001,194,127,173
3,13,7,40,5.7,166,142,187
3,13,7,50,6,167,150,200
3,13,8,0,6.300000000000001,269,162,250
3,13,8,10,6.5,229,183,266
3,13,8,20,6.800000000000001,60,231,254
3,13,8,30,7.1000000000000005,194,242,323
3,13,8,40,7.300000000000001,182,261,342
3,13,8,50,7.6000000000000005,236,268,378
3,13,9,0,7.800000000000001,145,301,372
3,13,9,10,8.1,173,313,403
3,13,9,20,8.3,105,331,388
3,13,9,30,8.6,0,158,158
3,13,9,40,8.8,5,169,172
3,13,9,50,9,257,298,453
3,13,10,0,9.3,98,310,371
3,13,10,10,9.5,116,323,397
3,13,10,20,9.600000000000001,64,322,363
3,13,10,30,9.8,26,280,298
3,13,10,40,10,282,330,523
3,13,10,50,10.200000000000001,214,352,501
3,13,11,0,10.4,243,354,525
3,13,11,10,10.5,236,342,511
3,13,11,20,10.600000000000001,232,332,500
3,13,11,30,10.700000000000001,188,364,501
3,13,11,40,10.8,100,380,453
3,13,11,50,10.9,140,372,475
3,13,12,0,11,165,377,499
3,13,12,10,11.100000000000001,137,374,475
3,13,12,20,11.100000000000001,151,372,484
3,13,12,30,11.100000000000001,366,326,596
3,13,12,40,11.100000000000001,146,350,457
3,13,12,50,11.100000000000001,9,248,255
3,13,13,0,11.100000000000001,24,296,313
3,13,13,10,11,173,334,457
3,13,13,20,10.9,68,319,367
3,13,13,30,10.9,23,291,307
3,13,13,40,10.8,5,219,223
3,13,13,50,10.700000000000001,4,233,236
3,13,14,0,10.600000000000001,4,170,173
3,13,14,10,10.4,9,207,213
3,13,14,20,10.200000000000001,16,230,239
3,13,14,30,10,4,155,157
3,13,14,40,9.8,36,237,258
3,13,14,50,9.600000000000001,25,227,242
3,13,15,0,9.4,4,149,151
3,13,15,10,9.1,1,112,112
3,13,15,20,8.9,2,122,123
3,13,15,30,8.6,1,98,98
3,13,15,40,8.4,1,93,94
3,13,15,50,8.1,10,142,147
3,13,16,0,7.800000000000001,0,41,41
3,13,16,10,7.5,0,6,6
3,13,16,20,7.2,0,7,7
3,13,16,30,6.9,0,5,5
3,13,16,40,6.6000000000000005,0,18,18
3,13,16,50,6.300000000000001,1,47,47
3,13,17,0,6,0,8,8
3,13,17,10,5.7,0,20,20
3,13,17,20,5.4,10,61,62
3,13,17,30,5.1000000000000005,2,34,34
3,13,17,40,4.800000000000001,0,5,5
3,13,17,50,4.5,0,9,9
3,13,18,0,4.2,0,0,0
3,13,18,10,4,0,0,0
3,13,18,20,3.8000000000000003,0,0,0
3,13,18,30,3.6,0,0,0
3,13,18,40,3.4000000000000004,0,0,0
3,13,18,50,3.2,0,0,0
3,13,19,0,3,0,0,0
3,13,19,10,2.9000000000000004,0,0,0
3,13,19,20,2.7,0,0,0
3,13,19,30,2.5,0,0,0
3,13,19,40,2.4000000000000004,0,0,0
3,13,19,50,2.2,0,0,0
3,13,20,0,2.1,0,0,0
3,13,20,10,2,0,0,0
3,13,20,20,1.9000000000000001,0,0,0
3,13,20,30,1.8,0,0,0
3,13,20,40,1.7000000000000002,0,0,0
3,13,20,50,1.6,0,0,0
3,13,21,0,1.5,0,0,0
3,13,21,10,1.4000000000000001,0,0,0
3,13,21,20,1.4000000000000001,0,0,0
3,13,21,30,1.3,0,0,0
3,13,21,40,1.2000000000000002,0,0,0
3,13,21,50,1.2000000000000002,0,0,0
3,13,22,0,1.1,0,0,0
3,13,22,10,1,0,0,0
3,13,22,20,1,0,0,0
3,13,22,30,0.9,0,0,0
3,13,22,40,0.8,0,0,0
3,13,22,50,0.7000000000000001,0,0,0
3,13,23,0,0.7000000000000001,0,0,0
3,13,23,10,0.6000000000000001,0,0,0
3,13,23,20,0.5,0,0,0
3,13,23,30,0.5,0,0,0
3,13,23,40,0.4,0,0,0
3,13,23,50,0.4,0,0,0
3,14,0,0,0.30000000000000004,0,0,0
3,14,0,10,0.30000000000000004,0,0,0
3,14,0,20,0.2,0,0,0
3,14,0,30,0.2,0,0,0
3,14,0,40,0.1,0,0,0
3,14,0,50,0.1,0,0,0
3,14,1,0,0,0,0,0
3,14,1,10,0,0,0,0
3,14,1,20,-0.1,0,0,0
3,14,1,30,-0.1,0,0,0
3,14,1,40,-0.2,0,0,0
3,14,1,50,-0.2,0,0,0
3,14,2,0,-0.3,0,0,0
3,14,2,10,-0.3,0,0,0
3,14,2,20,-0.3,0,0,0
3,14,2,30,-0.4,0,0,0
3,14,2,40,-0.4,0,0,0
3,14,2,50,-0.5,0,0,0
3,14,3,0,-0.5,0,0,0
3,14,3,10,-0.5,0,0,0
3,14,3,20,-0.6,0,0,0
3,14,3,30,-0.6,0,0,0
3,14,3,40,-0.7,0,0,0
3,14,3,50,-0.7,0,0,0
3,14,4,0,-0.8,0,0,0
3,14,4,10,-0.8,0,0,0
3,14,4,20,-0.9,0,0,0
3,14,4,30,-0.9,0,0,0
3,14,4,40,-0.9,0,0,0
3,14,4,50,-1,0,0,0
3,14,5,0,-1,0,0,0
3,14,5,10,-1.1,0,0,0
3,14,5,20,-1.1,0,0,0
3,14,5,30,-1.1,0,0,0
3,14,5,40,-1.1,0,0,0
3,14,5,50,-1.1,0,0,0
3,14,6,0,-1.2,0,0,0
3,14,6,10,-1.1,0,0,0
3,14,6,20,-1.1,108,11,13
3,14,6,30,-1,233,19,31
3,14,6,40,-1,338,27,55
3,14,6,50,-1,429,34,83
3,14,7,0,-0.9,0,12,12
3,14,7,10,-0.9,0,6,6
3,14,7,20,-0.8,0,6,6
3,14,7,30,-0.8,0,5,5
3,14,7,40,-0.7,0,5,5
3,14,7,50,-0.6,0,6,6
3,14,8,0,-0.6,0,51,52
3,14,8,10,-0.5,0,8,8
3,14,8,20,-0.5,0,8,8
3,14,8,30,-0.4,0,9,9
3,14,8,40,-0.3,0,10,10
3,14,8,50,-0.3,679,151,472
3,14,9,0,-0.2,0,15,15
3,14,9,10,-0.2,1,94,95
3,14,9,20,-0.1,0,42,42
3,14,9,30,0,0,15,15
3,14,9,40,0.1,0,46,46
3,14,9,50,0.1,0,71,71
3,14,10,0,0.2,0,32,32
3,14,10,10,0.30000000000000004,0,25,25
3,14,10,20,0.30000000000000004,0,20,20
3,14,10,30,0.4,0,21,21
3,14,10,40,0.5,0,62,63
3,14,10,50,0.6000000000000001,0,48,48
3,14,11,0,0.6000000000000001,0,59,59
3,14,11,10,0.7000000000000001,0,47,47
3,14,11,20,0.8,0,73,73
3,14,11,30,0.8,0,105,105
3,14,11,40,0.9,2,180,181
3,14,11,50,1,7,262,268
3,14,12,0,1,8,267,273
3,14,12,10,1.1,5,241,245
3,14,12,20,1.1,2,193,195
3,14,12,30,1.1,1,139,140
3,14,12,40,1.2000000000000002,1,136,136
3,14,12,50,1.2000000000000002,2,178,179
3,14,13,0,1.2000000000000002,2,178,179
3,14,13,10,1.2000000000000002,0,66,67
3,14,13,20,1.2000000000000002,0,76,76
3,14,13,30,1.2000000000000002,0,78,78
3,14,13,40,1.1,0,117,118
3,14,13,50,1.1,0,111,112
3,14,14,0,1.1,0,87,87
3,14,14,10,1,1,113,114
3,14,14,20,0.9,1,118,119
3,14,14,30,0.9,0,66,66
3,14,14,40,0.8,1,102,103
3,14,14,50,0.7000000000000001,2,140,142
3,14,15,0,0.7000000000000001,5,162,165
3,14,15,10,0.6000000000000001,2,131,132
3,14,15,20,0.5,1,102,102
3,14,15,30,0.4,1,90,90
3,14,15,40,0.30000000000000004,0,41,41
3,14,15,50,0.2,0,53,53
3,14,16,0,0.1,0,7,7
3,14,16,10,0,0,25,25
3,14,16,20,-0.1,0,23,23
3,14,16,30,-0.2,0,18,18
3,14,16,40,-0.3,0,31,31
3,14,16,50,-0.5,27,122,128
3,14,17,0,-0.6,8,98,99
3,14,17,10,-0.8,0,36,36
3,14,17,20,-0.9,117,83,100
3,14,17,30,-1.1,106,64,76
3,14,17,40,-1.3,2,37,37
3,14,17,50,-1.5,211,19,28
3,14,18,0,-1.7,0,0,0
3,14,18,10,-1.8,0,0,0
3,14,18,20,-2,0,0,0
3,14,18,30,-2.1,0,0,0
3,14,18,40,-2.2,0,0,0
3,14,18,50,-2.4,0,0,0
3,14,19,0,-2.5,0,0,0
3,14,19,10,-2.6,0,0,0
3,14,19,20,-2.7,0,0,0
3,14,19,30,-2.8,0,0,0
3,14,19,40,-2.9,0,0,0
3,14,19,50,-3,0,0,0
3,14,20,0,-3.1,0,0,0
3,14,20,10,-3.1,0,0,0
3,14,20,20,-3.2,0,0,0
3,14,20,30,-3.3,0,0,0
3,14,20,40,-3.3,0,0,0
3,14,20,50,-3.4,0,0,0
3,14,21,0,-3.5,0,0,0
3,14,21,10,-3.5,0,0,0
3,14,21,20,-3.5,0,0,0
3,14,21,30,-3.6,0,0,0
3,14,21,40,-3.6,0,0,0
3,14,21,50,-3.7,0,0,0
3,14,22,0,-3.7,0,0,0
3,14,22,10,-3.8,0,0,0
3,14,22,20,-3.8,0,0,0
3,14,22,30,-3.8,0,0,0
3,14,22,40,-3.9,0,0,0
3,14,22,50,-3.9,0,0,0
3,14,23,0,-3.9,0,0,0
3,14,23,10,-4,0,0,0
3,14,23,20,-4,0,0,0
3,14,23,30,-4,0,0,0
3,14,23,40,-4,0,0,0
3,14,23,50,-4.1,0,0,0
3,15,0,0,-4.1,0,0,0
3,15,0,10,-4.1,0,0,0
3,15,0,20,-4,0,0,0
3,15,0,30,-4,0,0,0
3,15,0,40,-3.9,0,0,0
3,15,0,50,-3.9,0,0,0
3,15,1,0,-3.9,0,0,0
3,15,1,10,-3.8,0,0,0
3,15,1,20,-3.7,0,0,0
3,15,1,30,-3.7,0,0,0
3,15,1,40,-3.6,0,0,0
3,15,1,50,-3.6,0,0,0
3,15,2,0,-3.5,0,0,0
3,15,2,10,-3.5,0,0,0
3,15,2,20,-3.5,0,0,0
3,15,2,30,-3.5,0,0,0
3,15,2,40,-3.5,0,0,0
3,15,2,50,-3.5,0,0,0
3,15,3,0,-3.5,0,0,0
3,15,3,10,-3.6,0,0,0
3,15,3,20,-3.7,0,0,0
3,15,3,30,-3.8,0,0,0
3,15,3,40,-3.9,0,0,0
3,15,3,50,-4,0,0,0
3,15,4,0,-4.2,0,0,0
3,15,4,10,-4.3,0,0,0
3,15,4,20,-4.4,0,0,0
3,15,4,30,-4.6,0,0,0
3,15,4,40,-4.7,0,0,0
3,15,4,50,-4.8,0,0,0
3,15,5,0,-5,0,0,0
3,15,5,10,-5,0,0,0
3,15,5,20,-4.9,0,0,0
3,15,5,30,-4.9,0,0,0
3,15,5,40,-4.9,0,0,0
3,15,5,50,-4.9,0,0,0
3,15,6,0,-4.8,0,0,0
3,15,6,10,-4.5,0,0,0
3,15,6,20,-4.2,1,11,11
3,15,6,30,-3.9,12,31,31
3,15,6,40,-3.6,18,49,50
3,15,6,50,-3.3,93,69,80
3,15,7,0,-3,0,5,5
3,15,7,10,-2.5,0,22,22
3,15,7,20,-2,10,100,102
3,15,7,30,-1.5,22,131,137
3,15,7,40,-1.1,0,103,103
3,15,7,50,-0.6,1,126,126
3,15,8,0,-0.1,1,158,159
3,15,8,10,0.1,27,193,203
3,15,8,20,0.4,42,214,230
3,15,8,30,0.6000000000000001,34,218,232
3,15,8,40,0.8,39,239,257
3,15,8,50,1.1,28,249,263
3,15,9,0,1.3,139,297,367
3,15,9,10,1.4000000000000001,17,268,277
3,15,9,20,1.5,3,199,201
3,15,9,30,1.7000000000000002,5,225,228
3,15,9,40,1.8,16,300,310
3,15,9,50,1.9000000000000001,20,330,342
3,15,10,0,2,72,379,425
3,15,10,10,2.1,28,443,461
3,15,10,20,2.3000000000000003,984,89,743
3,15,10,30,2.4000000000000004,78,480,533
3,15,10,40,2.5,158,437,546
3,15,10,50,2.6,97,515,583
3,15,11,0,2.7,295,419,630
3,15,11,10,2.8000000000000003,177,439,568
3,15,11,20,2.9000000000000004,302,425,646
3,15,11,30,3,200,488,636
3,15,11,40,3.2,262,442,637
3,15,11,50,3.3000000000000003,285,439,652
3,15,12,0,3.4000000000000004,381,428,713
3,15,12,10,3.5,294,463,684
3,15,12,20,3.6,292,448,666
3,15,12,30,3.7,314,461,695
3,15,12,40,3.8000000000000003,214,481,640
3,15,12,50,3.8000000000000003,225,478,644
3,15,13,0,3.9000000000000004,198,481,626
3,15,13,10,4,43,447,478
3,15,13,20,4.1000000000000005,39,437,465
3,15,13,30,4.1000000000000005,89,469,531
3,15,13,40,4.2,65,445,490
3,15,13,50,4.2,77,449,501
3,15,14,0,4.3,266,437,613
3,15,14,10,4.3,173,484,595
3,15,14,20,4.3,121,472,548
3,15,14,30,4.4,477,287,577
3,15,14,40,4.4,456,289,558
3,15,14,50,4.4,440,279,528
3,15,15,0,4.4,299,324,488
3,15,15,10,4.4,215,330,442
3,15,15,20,4.3,220,309,418
3,15,15,30,4.3,75,289,325
3,15,15,40,4.2,111,282,332
3,15,15,50,4.2,14,200,206
3,15,16,0,4.1000000000000005,86,241,275
3,15,16,10,3.8000000000000003,33,187,199
3,15,16,20,3.6,25,161,169
3,15,16,30,3.3000000000000003,2,147,148
3,15,16,40,3,19,171,176
3,15,16,50,2.8000000000000003,27,157,163
3,15,17,0,2.5,17,130,133
3,15,17,10,2.1,7,102,103
3,15,17,20,1.8,27,84,88
3,15,17,30,1.4000000000000001,28,63,66
3,15,17,40,1.1,15,42,44
3,15,17,50,0.8,1,22,22
3,15,18,0,0.4,0,0,0
3,15,18,10,0.2,0,0,0
3,15,18,20,0,0,0,0
3,15,18,30,-0.2,0,0,0
3,15,18,40,-0.4,0,0,0
3,15,18,50,-0.6,0,0,0
3,15,19,0,-0.8,0,0,0
3,15,19,10,-1,0,0,0
3,15,19,20,-1.2,0,0,0
3,15,19,30,-1.3,0,0,0
3,15,19,40,-1.5,0,0,0
3,15,19,50,-1.7,0,0,0
3,15,20,0,-1.9,0,0,0
3,15,20,10,-2,0,0,0
3,15,20,20,-2.1,0,0,0
3,15,20,30,-2.2,0,0,0
3,15,20,40,-2.3,0,0,0
3,15,20,50,-2.5,0,0,0
3,15,21,0,-2.6,0,0,0
3,15,21,10,-2.6,0,0,0
3,15,21,20,-2.7,0,0,0
3,15,21,30,-2.8,0,0,0
3,15,21,40,-2.9,0,0,0
3,15,21,50,-3,0,0,0
3,15,22,0,-3,0,0,0
3,15,22,10,-3.1,0,0,0
3,15,22,20,-3.2,0,0,0
3,15,22,30,-3.2,0,0,0
3,15,22,40,-3.3,0,0,0
3,15,22,50,-3.4,0,0,0
3,15,23,0,-3.4,0,0,0
3,15,23,10,-3.5,0,0,0
3,15,23,20,-3.5,0,0,0
3,15,23,30,-3.6,0,0,0
3,15,23,40,-3.6,0,0,0
3,15,23,50,-3.6,0,0,0
3,16,0,0,-3.7,0,0,0
3,16,0,10,-3.7,0,0,0
3,16,0,20,-3.8,0,0,0
3,16,0,30,-3.8,0,0,0
3,16,0,40,-3.9,0,0,0
3,16,0,50,-3.9,0,0,0
3,16,1,0,-3.9,0,0,0
3,16,1,10,-4,0,0,0
3,16,1,20,-4.1,0,0,0
3,16,1,30,-4.2,0,0,0
3,16,1,40,-4.2,0,0,0
3,16,1,50,-4.3,0,0,0
3,16,2,0,-4.4,0,0,0
3,16,2,10,-4.4,0,0,0
3,16,2,20,-4.5,0,0,0
3,16,2,30,-4.5,0,0,0
3,16,2,40,-4.5,0,0,0
3,16,2,50,-4.6,0,0,0
3,16,3,0,-4.6,0,0,0
3,16,3,10,-4.7,0,0,0
3,16,3,20,-4.7,0,0,0
3,16,3,30,-4.7,0,0,0
3,16,3,40,-4.8,0,0,0
3,16,3,50,-4.8,0,0,0
3,16,4,0,-4.8,0,0,0
3,16,4,10,-4.9,0,0,0
3,16,4,20,-4.9,0,0,0
3,16,4,30,-4.9,0,0,0
3,16,4,40,-5,0,0,0
3,16,4,50,-5,0,0,0
3,16,5,0,-5,0,0,0
3,16,5,10,-4.9,0,0,0
3,16,5,20,-4.7,0,0,0
3,16,5,30,-4.6,0,0,0
3,16,5,40,-4.4,0,0,0
3,16,5,50,-4.3,0,0,0
3,16,6,0,-4.1,0,0,0
3,16,6,10,-3.4,0,0,0
3,16,6,20,-2.8,254,13,20
3,16,6,30,-2.1,382,20,43
3,16,6,40,-1.4,483,26,71
3,16,6,50,-0.8,556,32,101
3,16,7,0,-0.1,621,37,135
3,16,7,10,0.5,675,41,169
3,16,7,20,1.1,720,46,205
3,16,7,30,1.7000000000000002,757,49,241
3,16,7,40,2.3000000000000003,791,53,277
3,16,7,50,2.8000000000000003,819,56,313
3,16,8,0,3.4000000000000004,843,59,349
3,16,8,10,3.6,864,61,385
3,16,8,20,3.8000000000000003,883,64,420
3,16,8,30,4,899,66,453
3,16,8,40,4.2,915,68,487
3,16,8,50,4.4,929,70,519
3,16,9,0,4.6000000000000005,940,72,551
3,16,9,10,4.7,951,74,581
3,16,9,20,4.9,960,76,610
3,16,9,30,5.1000000000000005,969,78,637
3,16,9,40,5.2,979,78,664
3,16,9,50,5.4,986,80,689
3,16,10,0,5.5,68,440,483
3,16,10,10,5.7,88,472,530
3,16,10,20,5.9,116,498,575
3,16,10,30,6,139,513,608
3,16,10,40,6.2,149,523,627
3,16,10,50,6.4,139,531,629
3,16,11,0,6.5,188,538,673
3,16,11,10,6.7,216,539,697
3,16,11,20,6.800000000000001,1026,84,841
3,16,11,30,7,1028,85,849
3,16,11,40,7.2,1030,84,855
3,16,11,50,7.300000000000001,1031,85,859
3,16,12,0,7.5,1031,85,862
3,16,12,10,7.6000000000000005,1031,85,863
3,16,12,20,7.7,1031,85,861
3,16,12,30,7.800000000000001,1031,85,858
3,16,12,40,7.9,1030,84,853
3,16,12,50,8.1,1028,84,847
3,16,13,0,8.200000000000001,1027,84,838
3,16,13,10,8.200000000000001,171,545,669
3,16,13,20,8.3,120,531,617
3,16,13,30,8.3,1019,82,801
3,16,13,40,8.4,1012,83,785
3,16,13,50,8.4,1008,82,768
3,16,14,0,8.5,998,81,745
3,16,14,10,8.5,993,80,724
3,16,14,20,8.4,987,79,702
3,16,14,30,8.4,981,77,678
3,16,14,40,8.4,973,77,653
3,16,14,50,8.3,46,373,399
3,16,15,0,8.3,58,380,412
3,16,15,10,8.200000000000001,37,340,359
3,16,15,20,8.1,31,317,332
3,16,15,30,8,25,292,304
3,16,15,40,7.800000000000001,45,306,326
3,16,15,50,7.7,26,271,282
3,16,16,0,7.6000000000000005,16,237,244
3,16,16,10,7.300000000000001,19,228,235
3,16,16,20,7,67,225,248
3,16,16,30,6.6000000000000005,12,184,187
3,16,16,40,6.300000000000001,0,82,82
3,16,16,50,6,0,84,84
3,16,17,0,5.6000000000000005,701,44,193
3,16,17,10,5.4,654,40,158
3,16,17,20,5.1000000000000005,598,35,124
3,16,17,30,4.9,529,30,92
3,16,17,40,4.6000000000000005,438,25,61
3,16,17,50,4.4,330,18,35
3,16,18,0,4.1000000000000005,196,11,15
3,16,18,10,3.9000000000000004,0,0,0
3,16,18,20,3.7,0,0,0
3,16,18,30,3.4000000000000004,0,0,0
3,16,18,40,3.2,0,0,0
3,16,18,50,3,0,0,0
3,16,19,0,2.8000000000000003,0,0,0
3,16,19,10,2.5,0,0,0
3,16,19,20,2.3000000000000003,0,0,0
3,16,19,30,2.1,0,0,0
3,16,19,40,1.9000000000000001,0,0,0
3,16,19,50,1.7000000000000002,0,0,0
3,16,20,0,1.5,0,0,0
3,16,20,10,1.3,0,0,0
3,16,20,20,1.2000000000000002,0,0,0
3,16,20,30,1,0,0,0
3,16,20,40,0.8,0,0,0
3,16,20,50,0.7000000000000001,0,0,0
3,16,21,0,0.5,0,0,0
3,16,21,10,0.4,0,0,0
3,16,21,20,0.2,0,0,0
3,16,21,30,0.1,0,0,0
3,16,21,40,-0.1,0,0,0
3,16,21,50,-0.2,0,0,0
3,16,22,0,-0.3,0,0,0
3,16,22,10,-0.5,0,0,0
3,16,22,20,-0.6,0,0,0
3,16,22,30,-0.7,0,0,0
3,16,22,40,-0.9,0,0,0
3,16,22,50,-1,0,0,0
3,16,23,0,-1.1,0,0,0
3,16,23,10,-1.3,0,0,0
3,16,23,20,-1.4,0,0,0
3,16,23,30,-1.5,0,0,0
3,16,23,40,-1.7,0,0,0
3,16,23,50,-1.8,0,0,0
3,17,0,0,-2,0,0,0
3,17,0,10,-2.1,0,0,0
3,17,0,20,-2.2,0,0,0
3,17,0,30,-2.4,0,0,0
3,17,0,40,-2.5,0,0,0
3,17,0,50,-2.7,0,0,0
3,17,1,0,-2.8,0,0,0
3,17,1,10,-2.9,0,0,0
3,17,1,20,-3,0,0,0
3,17,1,30,-3.1,0,0,0
3,17,1,40,-3.2,0,0,0
3,17,1,50,-3.3,0,0,0
3,17,2,0,-3.4,0,0,0
3,17,2,10,-3.4,0,0,0
3,17,2,20,-3.4,0,0,0
3,17,2,30,-3.5,0,0,0
3,17,2,40,-3.5,0,0,0
3,17,2,50,-3.6,0,0,0
3,17,3,0,-3.6,0,0,0
3,17,3,10,-3.6,0,0,0
3,17,3,20,-3.5,0,0,0
3,17,3,30,-3.5,0,0,0
3,17,3,40,-3.5,0,0,0
3,17,3,50,-3.5,0,0,0
3,17,4,0,-3.5,0,0,0
3,17,4,10,-3.4,0,0,0
3,17,4,20,-3.3,0,0,0
3,17,4,30,-3.2,0,0,0
3,17,4,40,-3.1,0,0,0
3,17,4,50,-3.1,0,0,0
3,17,5,0,-3,0,0,0
3,17,5,10,-2.7,0,0,0
3,17,5,20,-2.5,0,0,0
3,17,5,30,-2.3,0,0,0
3,17,5,40,-2,0,0,0
3,17,5,50,-1.8,0,0,0
3,17,6,0,-1.6,0,0,0
3,17,6,10,-1.1,0,0,0
3,17,6,20,-0.7,0,12,12
3,17,6,30,-0.2,2,30,30
3,17,6,40,0.30000000000000004,7,49,50
3,17,6,50,0.7000000000000001,0,36,36
3,17,7,0,1.2000000000000002,1,52,52
3,17,7,10,1.6,5,80,81
3,17,7,20,1.9000000000000001,20,121,125
3,17,7,30,2.3000000000000003,256,133,199
3,17,7,40,2.7,69,170,190
3,17,7,50,3.1,329,155,260
3,17,8,0,3.5,103,209,245
3,17,8,10,3.8000000000000003,148,248,304
3,17,8,20,4.1000000000000005,72,280,309
3,17,8,30,4.4,36,288,304
3,17,8,40,4.7,37,305,322
3,17,8,50,5,5,265,267
3,17,9,0,5.300000000000001,15,306,314
3,17,9,10,5.5,21,331,342
3,17,9,20,5.800000000000001,62,387,421
3,17,9,30,6,95,418,473
3,17,9,40,6.2,58,403,438
3,17,9,50,6.4,2,329,330
3,17,10,0,6.6000000000000005,62,425,465
3,17,10,10,6.7,40,436,462
3,17,10,20,6.800000000000001,105,487,558
3,17,10,30,7,99,492,560
3,17,10,40,7.1000000000000005,158,519,630
3,17,10,50,7.300000000000001,111,522,601
3,17,11,0,7.4,242,522,697
3,17,11,10,7.5,172,548,675
3,17,11,20,7.6000000000000005,220,545,708
3,17,11,30,7.800000000000001,113,539,623
3,17,11,40,7.9,166,560,685
3,17,11,50,8,142,560,667
3,17,12,0,8.1,109,541,624
3,17,12,10,8.200000000000001,16,493,505
3,17,12,20,8.3,54,520,561
3,17,12,30,8.4,73,535,590
3,17,12,40,8.5,116,544,631
3,17,12,50,8.6,135,550,651
3,17,13,0,8.700000000000001,183,547,683
3,17,13,10,8.700000000000001,97,514,585
3,17,13,20,8.700000000000001,106,519,596
3,17,13,30,8.8,109,514,592
3,17,13,40,8.8,141,516,615
3,17,13,50,8.8,0,195,195
3,17,14,0,8.9,0,223,223
3,17,14,10,8.8,0,239,239
3,17,14,20,8.700000000000001,1,310,310
3,17,14,30,8.700000000000001,0,200,200
3,17,14,40,8.6,0,173,173
3,17,14,50,8.5,1,266,266
3,17,15,0,8.5,2,286,287
3,17,15,10,8.3,11,312,318
3,17,15,20,8.1,2,260,261
3,17,15,30,8,1,231,232
3,17,15,40,7.800000000000001,9,256,260
3,17,15,50,7.6000000000000005,5,227,229
3,17,16,0,7.5,0,155,155
3,17,16,10,7,0,79,79
3,17,16,20,6.6000000000000005,0,97,97
3,17,16,30,6.2,0,72,72
3,17,16,40,5.800000000000001,0,49,49
3,17,16,50,5.4,0,49,49
3,17,17,0,5,0,13,13
3,17,17,10,4.6000000000000005,0,19,19
3,17,17,20,4.3,525,40,120
3,17,17,30,3.9000000000000004,453,35,89
3,17,17,40,3.5,359,29,60
3,17,17,50,3.1,252,21,35
3,17,18,0,2.8000000000000003,0,8,8
3,17,18,10,2.7,0,0,0
3,17,18,20,2.7,0,0,0
3,17,18,30,2.6,0,0,0
3,17,18,40,2.6,0,0,0
3,17,18,50,2.5,0,0,0
3,17,19,0,2.5,0,0,0
3,17,19,10,2.4000000000000004,0,0,0
3,17,19,20,2.4000000000000004,0,0,0
3,17,19,30,2.4000000000000004,0,0,0
3,17,19,40,2.4000000000000004,0,0,0
3,17,19,50,2.4000000000000004,0,0,0
3,17,20,0,2.4000000000000004,0,0,0
3,17,20,10,2.3000000000000003,0,0,0
3,17,20,20,2.2,0,0,0
3,17,20,30,2.1,0,0,0
3,17,20,40,2,0,0,0
3,17,20,50,1.9000000000000001,0,0,0
3,17,21,0,1.8,0,0,0
3,17,21,10,1.7000000000000002,0,0,0
3,17,21,20,1.5,0,0,0
3,17,21,30,1.4000000000000001,0,0,0
3,17,21,40,1.2000000000000002,0,0,0
3,17,21,50,1.1,0,0,0
3,17,22,0,0.9,0,0,0
3,17,22,10,0.8,0,0,0
3,17,22,20,0.7000000000000001,0,0,0
3,17,22,30,0.6000000000000001,0,0,0
3,17,22,40,0.5,0,0,0
3,17,22,50,0.30000000000000004,0,0,0
3,17,23,0,0.2,0,0,0
3,17,23,10,0.1,0,0,0
3,17,23,20,0,0,0,0
3,17,23,30,-0.1,0,0,0
3,17,23,40,-0.1,0,0,0
3,17,23,50,-0.2,0,0,0
3,18,0,0,-0.3,0,0,0
3,18,0,10,-0.4,0,0,0
3,18,0,20,-0.5,0,0,0
3,18,0,30,-0.6,0,0,0
3,18,0,40,-0.7,0,0,0
3,18,0,50,-0.7,0,0,0
3,18,1,0,-0.8,0,0,0
3,18,1,10,-0.9,0,0,0
3,18,1,20,-0.9,0,0,0
3,18,1,30,-1,0,0,0
3,18,1,40,-1,0,0,0
3,18,1,50,-1.1,0,0,0
3,18,2,0,-1.1,0,0,0
3,18,2,10,-1.1,0,0,0
3,18,2,20,-1.2,0,0,0
3,18,2,30,-1.2,0,0,0
3,18,2,40,-1.2,0,0,0
3,18,2,50,-1.2,0,0,0
3,18,3,0,-1.2,0,0,0
3,18,3,10,-1.2,0,0,0
3,18,3,20,-1.3,0,0,0
3,18,3,30,-1.3,0,0,0
3,18,3,40,-1.3,0,0,0
3,18,3,50,-1.4,0,0,0
3,18,4,0,-1.4,0,0,0
3,18,4,10,-1.5,0,0,0
3,18,4,20,-1.5,0,0,0
3,18,4,30,-1.5,0,0,0
3,18,4,40,-1.6,0,0,0
3,18,4,50,-1.6,0,0,0
3,18,5,0,-1.7,0,0,0
3,18,5,10,-1.5,0,0,0
3,18,5,20,-1.3,0,0,0
3,18,5,30,-1.2,0,0,0
3,18,5,40,-1,0,0,0
3,18,5,50,-0.8,0,0,0
3,18,6,0,-0.6,0,0,0
3,18,6,10,0,0,0,0
3,18,6,20,0.7000000000000001,293,15,26
3,18,6,30,1.4000000000000001,413,21,50
3,18,6,40,2.1,510,27,79
3,18,6,50,2.8000000000000003,585,32,111
3,18,7,0,3.5,646,36,144
3,18,7,10,4,697,40,179
3,18,7,20,4.6000000000000005,739,43,215
3,18,7,30,5.1000000000000005,775,46,250
3,18,7,40,5.7,805,49,286
3,18,7,50,6.300000000000001,832,51,322
3,18,8,0,6.800000000000001,855,53,357
3,18,8,10,7.2,875,55,392
3,18,8,20,7.6000000000000005,893,57,426
3,18,8,30,8,909,59,460
3,18,8,40,8.4,925,60,492
3,18,8,50,8.8,938,61,524
3,18,9,0,9.200000000000001,949,63,555
3,18,9,10,9.5,959,64,585
3,18,9,20,9.700000000000001,969,65,613
3,18,9,30,10,977,66,640
3,18,9,40,10.3,986,67,666
3,18,9,50,10.600000000000001,992,68,691
3,18,10,0,10.9,998,68,714
3,18,10,10,11.100000000000001,1004,69,735
3,18,10,20,11.4,1009,70,755
3,18,10,30,11.600000000000001,1013,70,773
3,18,10,40,11.8,1023,67,791
3,18,10,50,12.100000000000001,1026,68,806
3,18,11,0,12.3,1029,68,819
3,18,11,10,12.5,1031,68,830
3,18,11,20,12.700000000000001,1033,69,840
3,18,11,30,12.9,1035,69,848
3,18,11,40,13.100000000000001,1037,68,854
3,18,11,50,13.3,1038,68,858
3,18,12,0,13.5,1038,68,860
3,18,12,10,13.600000000000001,1039,68,861
3,18,12,20,13.8,1038,68,860
3,18,12,30,13.9,1038,68,857
3,18,12,40,14,1032,67,847
3,18,12,50,14.100000000000001,1030,67,840
3,18,13,0,14.3,1029,67,832
3,18,13,10,14.3,1027,66,821
3,18,13,20,14.4,1024,66,809
3,18,13,30,14.4,1021,66,795
3,18,13,40,14.4,1004,74,778
3,18,13,50,14.5,1000,73,761
3,18,14,0,14.5,995,72,742
3,18,14,10,14.5,990,71,722
3,18,14,20,14.4,984,71,700
3,18,14,30,14.4,978,70,676
3,18,14,40,14.4,971,69,651
3,18,14,50,14.3,963,68,625
3,18,15,0,14.3,954,66,597
3,18,15,10,14.100000000000001,944,65,569
3,18,15,20,14,933,64,539
3,18,15,30,13.8,921,62,507
3,18,15,40,13.700000000000001,906,61,475
3,18,15,50,13.5,891,59,442
3,18,16,0,13.3,873,58,409
3,18,16,10,12.8,854,56,374
3,18,16,20,12.200000000000001,832,53,339
3,18,16,30,11.600000000000001,807,51,304
3,18,16,40,11,776,49,269
3,18,16,50,10.4,743,46,233
3,18,17,0,9.9,704,43,197
3,18,17,10,9.200000000000001,657,39,163
3,18,17,20,8.6,602,35,129
3,18,17,30,8,533,31,96
3,18,17,40,7.4,446,25,66
3,18,17,50,6.800000000000001,335,19,38
3,18,18,0,6.2,203,12,18
3,18,18,10,5.9,0,0,0
3,18,18,20,5.7,0,0,0
3,18,18,30,5.4,0,0,0
3,18,18,40,5.2,0,0,0
3,18,18,50,4.9,0,0,0
3,18,19,0,4.7,0,0,0
3,18,19,10,4.6000000000000005,0,0,0
3,18,19,20,4.4,0,0,0
3,18,19,30,4.3,0,0,0
3,18,19,40,4.2,0,0,0
3,18,19,50,4.1000000000000005,0,0,0
3,18,20,0,4,0,0,0
3,18,20,10,3.9000000000000004,0,0,0
3,18,20,20,3.9000000000000004,0,0,0
3,18,20,30,3.8000000000000003,0,0,0
3,18,20,40,3.7,0,0,0
3,18,20,50,3.6,0,0,0
3,18,21,0,3.6,0,0,0
3,18,21,10,3.5,0,0,0
3,18,21,20,3.4000000000000004,0,0,0
3,18,21,30,3.3000000000000003,0,0,0
3,18,21,40,3.2,0,0,0
3,18,21,50,3.1,0,0,0
3,18,22,0,3.1,0,0,0
3,18,22,10,3,0,0,0
3,18,22,20,2.9000000000000004,0,0,0
3,18,22,30,2.8000000000000003,0,0,0
3,18,22,40,2.7,0,0,0
3,18,22,50,2.7,0,0,0
3,18,23,0,2.6,0,0,0
3,18,23,10,2.5,0,0,0
3,18,23,20,2.5,0,0,0
3,18,23,30,2.4000000000000004,0,0,0
3,18,23,40,2.3000000000000003,0,0,0
3,18,23,50,2.3000000000000003,0,0,0
3,19,0,0,2.2,0,0,0
3,19,0,10,2.2,0,0,0
3,19,0,20,2.1,0,0,0
3,19,0,30,2.1,0,0,0
3,19,0,40,2,0,0,0
3,19,0,50,2,0,0,0
3,19,1,0,2,0,0,0
3,19,1,10,1.9000000000000001,0,0,0
3,19,1,20,1.9000000000000001,0,0,0
3,19,1,30,1.9000000000000001,0,0,0
3,19,1,40,1.8,0,0,0
3,19,1,50,1.8,0,0,0
3,19,2,0,1.8,0,0,0
3,19,2,10,1.7000000000000002,0,0,0
3,19,2,20,1.7000000000000002,0,0,0
3,19,2,30,1.7000000000000002,0,0,0
3,19,2,40,1.6,0,0,0
3,19,2,50,1.6,0,0,0
3,19,3,0,1.6,0,0,0
3,19,3,10,1.5,0,0,0
3,19,3,20,1.5,0,0,0
3,19,3,30,1.5,0,0,0
3,19,3,40,1.5,0,0,0
3,19,3,50,1.4000000000000001,0,0,0
3,19,4,0,1.4000000000000001,0,0,0
3,19,4,10,1.4000000000000001,0,0,0
3,19,4,20,1.3,0,0,0
3,19,4,30,1.3,0,0,0
3,19,4,40,1.3,0,0,0
3,19,4,50,1.2000000000000002,0,0,0
3,19,5,0,1.2000000000000002,0,0,0
3,19,5,10,1.4000000000000001,0,0,0
3,19,5,20,1.6,0,0,0
3,19,5,30,1.8,0,0,0
3,19,5,40,2,0,0,0
3,19,5,50,2.2,0,0,0
3,19,6,0,2.4000000000000004,0,0,0
3,19,6,10,3.2,0,0,0
3,19,6,20,4,294,16,29
3,19,6,30,4.800000000000001,406,22,53
3,19,6,40,5.6000000000000005,503,28,82
3,19,6,50,6.4,577,32,114
3,19,7,0,7.2,637,36,147
3,19,7,10,7.800000000000001,687,40,181
3,19,7,20,8.3,729,43,217
3,19,7,30,8.8,764,46,252
3,19,7,40,9.3,793,49,287
3,19,7,50,9.9,820,52,323
3,19,8,0,10.4,843,54,358
3,19,8,10,10.700000000000001,863,56,392
3,19,8,20,11.100000000000001,881,58,426
3,19,8,30,11.4,897,59,459
3,19,8,40,11.8,911,61,492
3,19,8,50,12.100000000000001,924,62,524
3,19,9,0,12.5,936,64,554
3,19,9,10,12.700000000000001,946,65,583
3,19,9,20,13,955,66,612
3,19,9,30,13.3,964,67,639
3,19,9,40,13.5,970,69,664
3,19,9,50,13.8,972,70,685
3,19,10,0,14,978,71,708
3,19,10,10,14.3,984,71,729
3,19,10,20,14.5,989,72,749
3,19,10,30,14.700000000000001,993,73,767
3,19,10,40,14.9,1001,71,784
3,19,10,50,15.100000000000001,1004,72,798
3,19,11,0,15.3,1007,72,812
3,19,11,10,15.4,1009,73,823
3,19,11,20,15.600000000000001,1011,73,832
3,19,11,30,15.700000000000001,1013,73,840
3,19,11,40,15.9,1011,75,846
3,19,11,50,16.1,1012,75,850
3,19,12,0,16.2,1013,75,852
3,19,12,10,16.3,1013,76,853
3,19,12,20,16.400000000000002,1013,76,852
3,19,12,30,16.5,1012,75,848
3,19,12,40,16.5,1008,77,843
3,19,12,50,16.6,1006,77,836
3,19,13,0,16.7,1005,76,828
3,19,13,10,16.7,1002,76,817
3,19,13,20,16.7,1000,76,805
3,19,13,30,16.7,996,75,791
3,19,13,40,16.7,988,78,775
3,19,13,50,16.8,984,77,758
3,19,14,0,16.8,979,76,739
3,19,14,10,16.7,973,75,718
3,19,14,20,16.6,968,74,697
3,19,14,30,16.6,961,73,673
3,19,14,40,16.5,944,76,647
3,19,14,50,16.400000000000002,936,75,620
3,19,15,0,16.3,927,74,593
3,19,15,10,16.2,916,73,565
3,19,15,20,16,905,71,535
3,19,15,30,15.8,892,69,504
3,19,15,40,15.700000000000001,868,70,471
3,19,15,50,15.5,852,68,438
3,19,16,0,15.3,834,66,405
3,19,16,10,14.9,813,64,370
3,19,16,20,14.5,790,62,336
3,19,16,30,14.100000000000001,764,59,301
3,19,16,40,13.700000000000001,713,60,264
3,19,16,50,13.200000000000001,673,56,227
3,19,17,0,12.8,631,52,193
3,19,17,10,12.5,582,47,159
3,19,17,20,12.100000000000001,524,42,126
3,19,17,30,11.8,455,37,94
3,19,17,40,11.4,352,31,64
3,19,17,50,11.100000000000001,251,23,38
3,19,18,0,10.8,134,14,18
3,19,18,10,10.600000000000001,0,0,0
3,19,18,20,10.5,0,0,0
3,19,18,30,10.3,0,0,0
3,19,18,40,10.200000000000001,0,0,0
3,19,18,50,10.100000000000001,0,0,0
3,19,19,0,9.9,0,0,0
3,19,19,10,9.8,0,0,0
3,19,19,20,9.600000000000001,0,0,0
3,19,19,30,9.5,0,0,0
3,19,19,40,9.3,0,0,0
3,19,19,50,9.200000000000001,0,0,0
3,19,20,0,9,0,0,0
3,19,20,10,8.8,0,0,0
3,19,20,20,8.6,0,0,0
3,19,20,30,8.4,0,0,0
3,19,20,40,8.200000000000001,0,0,0
3,19,20,50,8,0,0,0
3,19,21,0,7.800000000000001,0,0,0
3,19,21,10,7.6000000000000005,0,0,0
3,19,21,20,7.4,0,0,0
3,19,21,30,7.1000000000000005,0,0,0
3,19,21,40,6.9,0,0,0
3,19,21,50,6.7,0,0,0
3,19,22,0,6.5,0,0,0
3,19,22,10,6.2,0,0,0
3,19,22,20,6,0,0,0
3,19,22,30,5.7,0,0,0
3,19,22,40,5.5,0,0,0
3,19,22,50,5.300000000000001,0,0,0
3,19,23,0,5,0,0,0
3,19,23,10,4.9,0,0,0
3,19,23,20,4.7,0,0,0
3,19,23,30,4.5,0,0,0
3,19,23,40,4.3,0,0,0
3,19,23,50,4.1000000000000005,0,0,0
3,20,0,0,3.9000000000000004,0,0,0
3,20,0,10,3.8000000000000003,0,0,0
3,20,0,20,3.7,0,0,0
3,20,0,30,3.5,0,0,0
3,20,0,40,3.4000000000000004,0,0,0
3,20,0,50,3.3000000000000003,0,0,0
3,20,1,0,3.2,0,0,0
3,20,1,10,3,0,0,0
3,20,1,20,2.9000000000000004,0,0,0
3,20,1,30,2.8000000000000003,0,0,0
3,20,1,40,2.7,0,0,0
3,20,1,50,2.6,0,0,0
3,20,2,0,2.5,0,0,0
3,20,2,10,2.3000000000000003,0,0,0
3,20,2,20,2.2,0,0,0
3,20,2,30,2,0,0,0
3,20,2,40,1.9000000000000001,0,0,0
3,20,2,50,1.8,0,0,0
3,20,3,0,1.6,0,0,0
3,20,3,10,1.5,0,0,0
3,20,3,20,1.4000000000000001,0,0,0
3,20,3,30,1.2000000000000002,0,0,0
3,20,3,40,1.1,0,0,0
3,20,3,50,1,0,0,0
3,20,4,0,0.8,0,0,0
3,20,4,10,0.7000000000000001,0,0,0
3,20,4,20,0.6000000000000001,0,0,0
3,20,4,30,0.5,0,0,0
3,20,4,40,0.4,0,0,0
3,20,4,50,0.30000000000000004,0,0,0
3,20,5,0,0.30000000000000004,0,0,0
3,20,5,10,0.4,0,0,0
3,20,5,20,0.6000000000000001,0,0,0
3,20,5,30,0.8,0,0,0
3,20,5,40,1,0,0,0
3,20,5,50,1.2000000000000002,0,0,0
3,20,6,0,1.3,0,0,0
3,20,6,10,1.9000000000000001,0,0,0
3,20,6,20,2.5,295,18,32
3,20,6,30,3,407,24,57
3,20,6,40,3.6,500,30,87
3,20,6,50,4.1000000000000005,572,35,119
3,20,7,0,4.7,631,39,152
3,20,7,10,5.2,681,43,187
3,20,7,20,5.6000000000000005,723,47,222
3,20,7,30,6.1000000000000005,758,50,258
3,20,7,40,6.6000000000000005,787,53,293
3,20,7,50,7,813,56,329
3,20,8,0,7.5,837,58,364
3,20,8,10,7.9,857,60,399
3,20,8,20,8.3,875,62,433
3,20,8,30,8.700000000000001,892,64,467
3,20,8,40,9.1,906,66,499
3,20,8,50,9.600000000000001,919,68,531
3,20,9,0,10,931,69,561
3,20,9,10,10.3,941,70,591
3,20,9,20,10.700000000000001,951,72,619
3,20,9,30,11,959,73,646
3,20,9,40,11.4,966,75,672
3,20,9,50,11.8,973,76,696
3,20,10,0,12.100000000000001,979,77,719
3,20,10,10,12.5,984,77,740
3,20,10,20,12.8,989,78,760
3,20,10,30,13.200000000000001,994,79,778
3,20,10,40,13.5,1008,74,797
3,20,10,50,13.9,1011,75,812
3,20,11,0,14.200000000000001,1014,75,825
3,20,11,10,14.5,1016,76,836
3,20,11,20,14.8,1018,76,846
3,20,11,30,15.100000000000001,1020,76,853
3,20,11,40,15.3,1019,78,859
3,20,11,50,15.600000000000001,1020,78,863
3,20,12,0,15.9,1020,78,865
3,20,12,10,16,1020,78,866
3,20,12,20,16.2,1020,78,864
3,20,12,30,16.3,1020,78,861
3,20,12,40,16.5,1014,80,856
3,20,12,50,16.6,1013,80,849
3,20,13,0,16.8,1011,80,840
3,20,13,10,16.8,1009,79,829
3,20,13,20,16.8,1001,79,813
3,20,13,30,16.8,998,78,799
3,20,13,40,16.900000000000002,983,83,781
3,20,13,50,16.900000000000002,979,82,764
3,20,14,0,16.900000000000002,974,82,745
3,20,14,10,16.8,968,81,725
3,20,14,20,16.8,962,80,703
3,20,14,30,16.7,955,79,679
3,20,14,40,16.6,941,81,653
3,20,14,50,16.5,932,80,626
3,20,15,0,16.400000000000002,923,78,599
3,20,15,10,16.3,912,77,570
3,20,15,20,16.1,901,75,540
3,20,15,30,15.9,888,73,509
3,20,15,40,15.700000000000001,870,72,476
3,20,15,50,15.600000000000001,854,70,443
3,20,16,0,15.4,836,68,410
3,20,16,10,14.9,815,66,376
3,20,16,20,14.4,792,63,341
3,20,16,30,14,766,60,306
3,20,16,40,13.5,735,57,270
3,20,16,50,13,701,54,235
3,20,17,0,12.5,660,50,200
3,20,17,10,12.100000000000001,613,46,165
3,20,17,20,11.600000000000001,556,41,131
3,20,17,30,11.100000000000001,488,36,99
3,20,17,40,10.600000000000001,415,29,69
3,20,17,50,10.100000000000001,313,22,42
3,20,18,0,9.600000000000001,0,9,9
3,20,18,10,9.4,0,0,0
3,20,18,20,9.1,0,0,0
3,20,18,30,8.8,0,0,0
3,20,18,40,8.5,0,0,0
3,20,18,50,8.3,0,0,0
3,20,19,0,8,0,0,0
3,20,19,10,7.800000000000001,0,0,0
3,20,19,20,7.6000000000000005,0,0,0
3,20,19,30,7.5,0,0,0
3,20,19,40,7.300000000000001,0,0,0
3,20,19,50,7.1000000000000005,0,0,0
3,20,20,0,6.9,0,0,0
3,20,20,10,6.7,0,0,0
3,20,20,20,6.4,0,0,0
3,20,20,30,6.2,0,0,0
3,20,20,40,5.9,0,0,0
3,20,20,50,5.7,0,0,0
3,20,21,0,5.4,0,0,0
3,20,21,10,5.2,0,0,0
3,20,21,20,5,0,0,0
3,20,21,30,4.800000000000001,0,0,0
3,20,21,40,4.7,0,0,0
3,20,21,50,4.5,0,0,0
3,20,22,0,4.3,0,0,0
3,20,22,10,4.1000000000000005,0,0,0
3,20,22,20,4,0,0,0
3,20,22,30,3.9000000000000004,0,0,0
3,20,22,40,3.7,0,0,0
3,20,22,50,3.6,0,0,0
3,20,23,0,3.4000000000000004,0,0,0
3,20,23,10,3.3000000000000003,0,0,0
3,20,23,20,3.2,0,0,0
3,20,23,30,3.1,0,0,0
3,20,23,40,3,0,0,0
3,20,23,50,2.9000000000000004,0,0,0
3,21,0,0,2.8000000000000003,0,0,0
3,21,0,10,2.7,0,0,0
3,21,0,20,2.6,0,0,0
3,21,0,30,2.6,0,0,0
3,21,0,40,2.5,0,0,0
3,21,0,50,2.4000000000000004,0,0,0
3,21,1,0,2.3000000000000003,0,0,0
3,21,1,10,2.3000000000000003,0,0,0
3,21,1,20,2.2,0,0,0
3,21,1,30,2.2,0,0,0
3,21,1,40,2.1,0,0,0
3,21,1,50,2.1,0,0,0
3,21,2,0,2,0,0,0
3,21,2,10,2,0,0,0
3,21,2,20,1.9000000000000001,0,0,0
3,21,2,30,1.9000000000000001,0,0,0
3,21,2,40,1.9000000000000001,0,0,0
3,21,2,50,1.8,0,0,0
3,21,3,0,1.8,0,0,0
3,21,3,10,1.8,0,0,0
3,21,3,20,1.8,0,0,0
3,21,3,30,1.7000000000000002,0,0,0
3,21,3,40,1.7000000000000002,0,0,0
3,21,3,50,1.7000000000000002,0,0,0
3,21,4,0,1.6,0,0,0
3,21,4,10,1.6,0,0,0
3,21,4,20,1.6,0,0,0
3,21,4,30,1.6,0,0,0
3,21,4,40,1.5,0,0,0
3,21,4,50,1.5,0,0,0
3,21,5,0,1.5,0,0,0
3,21,5,10,1.8,0,0,0
3,21,5,20,2.1,0,0,0
3,21,5,30,2.4000000000000004,0,0,0
3,21,5,40,2.7,0,0,0
3,21,5,50,3,0,0,0
3,21,6,0,3.3000000000000003,0,0,0
3,21,6,10,4.2,250,11,17
3,21,6,20,5.1000000000000005,387,17,38
3,21,6,30,5.9,494,23,65
3,21,6,40,6.800000000000001,578,28,96
3,21,6,50,7.6000000000000005,645,32,130
3,21,7,0,8.5,699,36,164
3,21,7,10,9.200000000000001,744,39,200
3,21,7,20,9.8,782,41,236
3,21,7,30,10.5,814,44,272
3,21,7,40,11.100000000000001,842,46,308
3,21,7,50,11.8,866,48,344
3,21,8,0,12.4,887,50,379
3,21,8,10,12.8,905,52,414
3,21,8,20,13.100000000000001,922,54,449
3,21,8,30,13.5,937,55,483
3,21,8,40,13.9,950,56,515
3,21,8,50,14.3,961,58,547
3,21,9,0,14.600000000000001,972,59,578
3,21,9,10,14.9,981,60,608
3,21,9,20,15.100000000000001,990,61,636
3,21,9,30,15.3,998,62,663
3,21,9,40,15.5,1005,63,689
3,21,9,50,15.8,1011,64,714
3,21,10,0,16,1017,65,737
3,21,10,10,16.2,1022,65,758
3,21,10,20,16.3,1026,66,778
3,21,10,30,16.5,1030,66,796
3,21,10,40,16.7,1035,66,813
3,21,10,50,16.900000000000002,1038,66,828
3,21,11,0,17,1041,67,841
3,21,11,10,17.1,1043,67,852
3,21,11,20,17.2,1045,67,862
3,21,11,30,17.400000000000002,1039,67,864
3,21,11,40,17.5,1040,68,870
3,21,11,50,17.6,1040,68,874
3,21,12,0,17.7,1041,69,876
3,21,12,10,17.7,1041,69,876
3,21,12,20,17.8,1041,69,875
3,21,12,30,17.8,1040,68,872
3,21,12,40,17.8,1038,69,867
3,21,12,50,17.900000000000002,1037,69,860
3,21,13,0,17.900000000000002,1035,68,851
3,21,13,10,17.900000000000002,1033,68,840
3,21,13,20,17.900000000000002,1030,68,828
3,21,13,30,17.900000000000002,1027,67,814
3,21,13,40,17.8,1016,72,798
3,21,13,50,17.8,1013,71,780
3,21,14,0,17.8,1008,70,761
3,21,14,10,17.7,1003,70,740
3,21,14,20,17.6,998,69,718
3,21,14,30,17.6,991,68,694
3,21,14,40,17.5,981,69,669
3,21,14,50,17.400000000000002,973,68,642
3,21,15,0,17.3,965,67,615
3,21,15,10,17.2,955,66,586
3,21,15,20,17,945,64,555
3,21,15,30,16.8,926,63,521
3,21,15,40,16.6,910,62,488
3,21,15,50,16.400000000000002,895,60,455
3,21,16,0,16.3,879,59,421
3,21,16,10,15.700000000000001,860,57,387
3,21,16,20,15.100000000000001,839,55,352
3,21,16,30,14.5,815,52,316
3,21,16,40,13.9,783,50,280
3,21,16,50,13.3,751,48,244
3,21,17,0,12.700000000000001,714,44,209
3,21,17,10,12,669,41,173
3,21,17,20,11.4,617,37,139
3,21,17,30,10.700000000000001,553,32,106
3,21,17,40,10.100000000000001,463,28,74
3,21,17,50,9.4,364,22,46
3,21,18,0,8.8,240,15,23
3,21,18,10,8.6,0,0,0
3,21,18,20,8.5,0,0,0
3,21,18,30,8.3,0,0,0
3,21,18,40,8.200000000000001,0,0,0
3,21,18,50,8,0,0,0
3,21,19,0,7.9,0,0,0
3,21,19,10,7.9,0,0,0
3,21,19,20,7.9,0,0,0
3,21,19,30,7.800000000000001,0,0,0
3,21,19,40,7.800000000000001,0,0,0
3,21,19,50,7.800000000000001,0,0,0
3,21,20,0,7.800000000000001,0,0,0
3,21,20,10,7.800000000000001,0,0,0
3,21,20,20,7.7,0,0,0
3,21,20,30,7.7,0,0,0
3,21,20,40,7.7,0,0,0
3,21,20,50,7.7,0,0,0
3,21,21,0,7.7,0,0,0
3,21,21,10,7.5,0,0,0
3,21,21,20,7.4,0,0,0
3,21,21,30,7.300000000000001,0,0,0
3,21,21,40,7.1000000000000005,0,0,0
3,21,21,50,7,0,0,0
3,21,22,0,6.9,0,0,0
3,21,22,10,6.7,0,0,0
3,21,22,20,6.5,0,0,0
3,21,22,30,6.300000000000001,0,0,0
3,21,22,40,6.1000000000000005,0,0,0
3,21,22,50,5.9,0,0,0
3,21,23,0,5.800000000000001,0,0,0
3,21,23,10,5.5,0,0,0
3,21,23,20,5.2,0,0,0
3,21,23,30,5,0,0,0
3,21,23,40,4.7,0,0,0
3,21,23,50,4.4,0,0,0
3,22,0,0,4.2,0,0,0
3,22,0,10,4,0,0,0
3,22,0,20,3.8000000000000003,0,0,0
3,22,0,30,3.6,0,0,0
3,22,0,40,3.4000000000000004,0,0,0
3,22,0,50,3.2,0,0,0
3,22,1,0,3,0,0,0
3,22,1,10,2.9000000000000004,0,0,0
3,22,1,20,2.7,0,0,0
3,22,1,30,2.6,0,0,0
3,22,1,40,2.5,0,0,0
3,22,1,50,2.3000000000000003,0,0,0
3,22,2,0,2.2,0,0,0
3,22,2,10,2.1,0,0,0
3,22,2,20,2,0,0,0
3,22,2,30,1.9000000000000001,0,0,0
3,22,2,40,1.8,0,0,0
3,22,2,50,1.7000000000000002,0,0,0
3,22,3,0,1.6,0,0,0
3,22,3,10,1.5,0,0,0
3,22,3,20,1.4000000000000001,0,0,0
3,22,3,30,1.3,0,0,0
3,22,3,40,1.3,0,0,0
3,22,3,50,1.2000000000000002,0,0,0
3,22,4,0,1.1,0,0,0
3,22,4,10,1,0,0,0
3,22,4,20,0.9,0,0,0
3,22,4,30,0.8,0,0,0
3,22,4,40,0.7000000000000001,0,0,0
3,22,4,50,0.7000000000000001,0,0,0
3,22,5,0,0.6000000000000001,0,0,0
3,22,5,10,0.7000000000000001,0,0,0
3,22,5,20,0.9,0,0,0
3,22,5,30,1.1,0,0,0
3,22,5,40,1.3,0,0,0
3,22,5,50,1.4000000000000001,0,0,0
3,22,6,0,1.6,0,0,0
3,22,6,10,2.2,199,13,18
3,22,6,20,2.8000000000000003,330,20,39
3,22,6,30,3.5,435,26,66
3,22,6,40,4.1000000000000005,514,33,96
3,22,6,50,4.7,583,38,129
3,22,7,0,5.300000000000001,639,42,163
3,22,7,10,5.7,687,46,198
3,22,7,20,6.2,727,50,234
3,22,7,30,6.7,762,53,270
3,22,7,40,7.1000000000000005,790,56,306
3,22,7,50,7.6000000000000005,816,59,341
3,22,8,0,8,839,61,377
3,22,8,10,8.4,859,63,412
3,22,8,20,8.8,877,65,446
3,22,8,30,9.3,893,67,479
3,22,8,40,9.700000000000001,905,70,512
3,22,8,50,10.100000000000001,917,71,543
3,22,9,0,10.5,929,73,574
3,22,9,10,10.9,939,75,604
3,22,9,20,11.200000000000001,949,76,632
3,22,9,30,11.600000000000001,957,77,659
3,22,9,40,11.9,955,83,683
3,22,9,50,12.3,962,84,708
3,22,10,0,12.700000000000001,969,85,730
3,22,10,10,12.9,974,86,752
3,22,10,20,13.200000000000001,979,87,772
3,22,10,30,13.5,984,88,790
3,22,10,40,13.8,983,91,806
3,22,10,50,14.100000000000001,987,92,821
3,22,11,0,14.4,990,93,834
3,22,11,10,14.600000000000001,993,94,845
3,22,11,20,14.8,995,94,855
3,22,11,30,15,997,94,862
3,22,11,40,15.200000000000001,994,97,868
3,22,11,50,15.4,995,97,872
3,22,12,0,15.600000000000001,996,97,874
3,22,12,10,15.8,996,97,874
3,22,12,20,15.9,996,97,873
3,22,12,30,16,995,97,869
3,22,12,40,16.1,1001,92,866
3,22,12,50,16.3,1000,91,858
3,22,13,0,16.400000000000002,998,91,850
3,22,13,10,16.400000000000002,996,91,839
3,22,13,20,16.5,993,90,826
3,22,13,30,16.5,989,89,812
3,22,13,40,16.6,1000,81,799
3,22,13,50,16.6,996,80,781
3,22,14,0,16.7,991,79,762
3,22,14,10,16.7,986,79,741
3,22,14,20,16.6,980,78,719
3,22,14,30,16.6,974,76,695
3,22,14,40,16.5,970,74,670
3,22,14,50,16.5,962,73,644
3,22,15,0,16.5,953,71,616
3,22,15,10,16.3,943,70,587
3,22,15,20,16.2,302,253,412
3,22,15,30,16,921,67,525
3,22,15,40,15.9,906,66,493
3,22,15,50,15.700000000000001,295,208,339
3,22,16,0,15.600000000000001,161,216,282
3,22,16,10,15.100000000000001,497,142,334
3,22,16,20,14.600000000000001,395,150,292
3,22,16,30,14.200000000000001,339,148,259
3,22,16,40,13.700000000000001,163,159,207
3,22,16,50,13.200000000000001,0,33,33
3,22,17,0,12.8,10,88,90
3,22,17,10,12.200000000000001,0,23,23
3,22,17,20,11.700000000000001,0,5,5
3,22,17,30,11.200000000000001,540,35,108
3,22,17,40,10.600000000000001,422,31,75
3,22,17,50,10.100000000000001,326,24,47
3,22,18,0,9.5,0,13,13
3,22,18,10,9.3,0,0,0
3,22,18,20,9.1,0,0,0
3,22,18,30,8.9,0,0,0
3,22,18,40,8.700000000000001,0,0,0
3,22,18,50,8.5,0,0,0
3,22,19,0,8.3,0,0,0
3,22,19,10,8.200000000000001,0,0,0
3,22,19,20,8.1,0,0,0
3,22,19,30,7.9,0,0,0
3,22,19,40,7.800000000000001,0,0,0
3,22,19,50,7.7,0,0,0
3,22,20,0,7.5,0,0,0
3,22,20,10,7.4,0,0,0
3,22,20,20,7.2,0,0,0
3,22,20,30,7,0,0,0
3,22,20,40,6.9,0,0,0
3,22,20,50,6.7,0,0,0
3,22,21,0,6.6000000000000005,0,0,0
3,22,21,10,6.4,0,0,0
3,22,21,20,6.300000000000001,0,0,0
3,22,21,30,6.2,0,0,0
3,22,21,40,6,0,0,0
3,22,21,50,5.9,0,0,0
3,22,22,0,5.800000000000001,0,0,0
3,22,22,10,5.7,0,0,0
3,22,22,20,5.6000000000000005,0,0,0
3,22,22,30,5.5,0,0,0
3,22,22,40,5.4,0,0,0
3,22,22,50,5.300000000000001,0,0,0
3,22,23,0,5.2,0,0,0
3,22,23,10,5.1000000000000005,0,0,0
3,22,23,20,5.1000000000000005,0,0,0
3,22,23,30,5,0,0,0
3,22,23,40,5,0,0,0
3,22,23,50,4.9,0,0,0
3,23,0,0,4.800000000000001,0,0,0
3,23,0,10,4.800000000000001,0,0,0
3,23,0,20,4.7,0,0,0
3,23,0,30,4.7,0,0,0
3,23,0,40,4.6000000000000005,0,0,0
3,23,0,50,4.6000000000000005,0,0,0
3,23,1,0,4.6000000000000005,0,0,0
3,23,1,10,4.5,0,0,0
3,23,1,20,4.4,0,0,0
3,23,1,30,4.3,0,0,0
3,23,1,40,4.2,0,0,0
3,23,1,50,4.1000000000000005,0,0,0
3,23,2,0,4,0,0,0
3,23,2,10,3.9000000000000004,0,0,0
3,23,2,20,3.8000000000000003,0,0,0
3,23,2,30,3.7,0,0,0
3,23,2,40,3.7,0,0,0
3,23,2,50,3.6,0,0,0
3,23,3,0,3.5,0,0,0
3,23,3,10,3.4000000000000004,0,0,0
3,23,3,20,3.4000000000000004,0,0,0
3,23,3,30,3.3000000000000003,0,0,0
3,23,3,40,3.3000000000000003,0,0,0
3,23,3,50,3.3000000000000003,0,0,0
3,23,4,0,3.2,0,0,0
3,23,4,10,3.2,0,0,0
3,23,4,20,3.1,0,0,0
3,23,4,30,3.1,0,0,0
3,23,4,40,3,0,0,0
3,23,4,50,3,0,0,0
3,23,5,0,2.9000000000000004,0,0,0
3,23,5,10,3.1,0,0,0
3,23,5,20,3.2,0,0,0
3,23,5,30,3.4000000000000004,0,0,0
3,23,5,40,3.5,0,0,0
3,23,5,50,3.6,0,0,0
3,23,6,0,3.8000000000000003,0,0,0
3,23,6,10,4.2,207,14,20
3,23,6,20,4.7,329,21,42
3,23,6,30,5.2,428,27,69
3,23,6,40,5.7,509,33,99
3,23,6,50,6.1000000000000005,575,38,132
3,23,7,0,6.6000000000000005,630,43,165
3,23,7,10,7.4,676,47,200
3,23,7,20,8.1,715,50,235
3,23,7,30,8.9,749,53,271
3,23,7,40,9.700000000000001,778,56,306
3,23,7,50,10.4,803,59,341
3,23,8,0,11.200000000000001,826,61,376
3,23,8,10,11.8,846,63,411
3,23,8,20,12.5,863,65,444
3,23,8,30,13.100000000000001,879,67,478
3,23,8,40,13.700000000000001,894,69,510
3,23,8,50,14.3,907,70,541
3,23,9,0,15,918,72,572
3,23,9,10,15.3,929,73,601
3,23,9,20,15.600000000000001,938,75,629
3,23,9,30,15.9,947,76,656
3,23,9,40,16.2,949,79,680
3,23,9,50,16.6,280,373,556
3,23,10,0,16.900000000000002,261,391,566
3,23,10,10,17.1,347,374,612
3,23,10,20,17.2,972,84,768
3,23,10,30,17.400000000000002,977,85,786
3,23,10,40,17.6,959,97,798
3,23,10,50,17.8,963,97,812
3,23,11,0,18,962,98,822
3,23,11,10,18,543,264,678
3,23,11,20,18,967,99,843
3,23,11,30,18,969,99,851
3,23,11,40,18.1,953,109,852
3,23,11,50,18.1,954,110,856
3,23,12,0,18.1,954,110,859
3,23,12,10,17.900000000000002,447,342,693
3,23,12,20,17.7,731,221,793
3,23,12,30,17.5,659,233,748
3,23,12,40,17.3,256,390,589
3,23,12,50,17.1,260,386,586
3,23,13,0,16.8,530,297,702
3,23,13,10,16.6,508,286,669
3,23,13,20,16.400000000000002,629,222,691
3,23,13,30,16.3,506,284,655
3,23,13,40,16.1,213,386,539
3,23,13,50,15.9,5,226,229
3,23,14,0,15.700000000000001,0,114,114
3,23,14,10,15.5,0,57,57
3,23,14,20,15.4,9,259,265
3,23,14,30,15.200000000000001,1,139,140
3,23,14,40,15.100000000000001,7,203,208
3,23,14,50,15,0,16,16
3,23,15,0,14.8,42,249,273
3,23,15,10,14.700000000000001,41,255,277
3,23,15,20,14.5,255,274,408
3,23,15,30,14.4,293,251,398
3,23,15,40,14.200000000000001,393,212,399
3,23,15,50,14.100000000000001,161,235,307
3,23,16,0,13.9,466,187,383
3,23,16,10,13.600000000000001,180,211,282
3,23,16,20,13.200000000000001,411,166,315
3,23,16,30,12.9,724,69,309
3,23,16,40,12.5,94,158,186
3,23,16,50,12.100000000000001,287,132,209
3,23,17,0,11.8,655,52,207
3,23,17,10,11.3,143,113,142
3,23,17,20,10.9,17,95,98
3,23,17,30,10.5,491,38,107
3,23,17,40,10,61,56,63
3,23,17,50,9.600000000000001,322,25,49
3,23,18,0,9.1,209,17,26
3,23,18,10,8.9,0,0,0
3,23,18,20,8.700000000000001,0,0,0
3,23,18,30,8.5,0,0,0
3,23,18,40,8.3,0,0,0
3,23,18,50,8.1,0,0,0
3,23,19,0,7.9,0,0,0
3,23,19,10,7.7,0,0,0
3,23,19,20,7.5,0,0,0
3,23,19,30,7.2,0,0,0
3,23,19,40,7,0,0,0
3,23,19,50,6.800000000000001,0,0,0
3,23,20,0,6.6000000000000005,0,0,0
3,23,20,10,6.300000000000001,0,0,0
3,23,20,20,6.1000000000000005,0,0,0
3,23,20,30,5.9,0,0,0
3,23,20,40,5.7,0,0,0
3,23,20,50,5.5,0,0,0
3,23,21,0,5.300000000000001,0,0,0
3,23,21,10,5.1000000000000005,0,0,0
3,23,21,20,4.9,0,0,0
3,23,21,30,4.800000000000001,0,0,0
3,23,21,40,4.6000000000000005,0,0,0
3,23,21,50,4.5,0,0,0
3,23,22,0,4.3,0,0,0
3,23,22,10,4.2,0,0,0
3,23,22,20,4.1000000000000005,0,0,0
3,23,22,30,3.9000000000000004,0,0,0
3,23,22,40,3.8000000000000003,0,0,0
3,23,22,50,3.7,0,0,0
3,23,23,0,3.5,0,0,0
3,23,23,10,3.5,0,0,0
3,23,23,20,3.4000000000000004,0,0,0
3,23,23,30,3.4000000000000004,0,0,0
3,23,23,40,3.3000000000000003,0,0,0
3,23,23,50,3.2,0,0,0
3,24,0,0,3.2,0,0,0
3,24,0,10,3.1,0,0,0
3,24,0,20,3.1,0,0,0
3,24,0,30,3.1,0,0,0
3,24,0,40,3,0,0,0
3,24,0,50,3,0,0,0
3,24,1,0,3,0,0,0
3,24,1,10,2.9000000000000004,0,0,0
3,24,1,20,2.8000000000000003,0,0,0
3,24,1,30,2.8000000000000003,0,0,0
3,24,1,40,2.7,0,0,0
3,24,1,50,2.6,0,0,0
3,24,2,0,2.6,0,0,0
3,24,2,10,2.5,0,0,0
3,24,2,20,2.3000000000000003,0,0,0
3,24,2,30,2.2,0,0,0
3,24,2,40,2.1,0,0,0
3,24,2,50,2,0,0,0
3,24,3,0,1.8,0,0,0
3,24,3,10,1.7000000000000002,0,0,0
3,24,3,20,1.6,0,0,0
3,24,3,30,1.5,0,0,0
3,24,3,40,1.4000000000000001,0,0,0
3,24,3,50,1.3,0,0,0
3,24,4,0,1.1,0,0,0
3,24,4,10,1.1,0,0,0
3,24,4,20,1,0,0,0
3,24,4,30,0.9,0,0,0
3,24,4,40,0.8,0,0,0
3,24,4,50,0.8,0,0,0
3,24,5,0,0.7000000000000001,0,0,0
3,24,5,10,1,0,0,0
3,24,5,20,1.3,0,0,0
3,24,5,30,1.5,0,0,0
3,24,5,40,1.8,0,0,0
3,24,5,50,2.1,0,0,0
3,24,6,0,2.4000000000000004,0,0,0
3,24,6,10,3,230,15,24
3,24,6,20,3.7,353,22,47
3,24,6,30,4.3,452,29,75
3,24,6,40,4.9,25,69,72
3,24,6,50,5.6000000000000005,57,90,99
3,24,7,0,6.2,47,107,116
3,24,7,10,6.800000000000001,261,118,179
3,24,7,20,7.300000000000001,329,123,210
3,24,7,30,7.9,293,132,218
3,24,7,40,8.5,416,128,263
3,24,7,50,9,283,167,268
3,24,8,0,9.600000000000001,70,193,220
3,24,8,10,9.9,192,213,293
3,24,8,20,10.3,112,232,282
3,24,8,30,10.600000000000001,70,234,268
3,24,8,40,10.9,61,246,276
3,24,8,50,11.3,38,248,268
3,24,9,0,11.600000000000001,71,267,306
3,24,9,10,11.8,37,245,267
3,24,9,20,12,18,234,245
3,24,9,30,12.200000000000001,58,286,322
3,24,9,40,12.4,73,326,373
3,24,9,50,12.600000000000001,140,363,454
3,24,10,0,12.8,77,349,401
3,24,10,10,12.8,61,337,379
3,24,10,20,12.9,5,226,230
3,24,10,30,13,3,215,217
3,24,10,40,13,4,221,223
3,24,10,50,13.100000000000001,3,205,207
3,24,11,0,13.100000000000001,8,271,277
3,24,11,10,13.100000000000001,18,325,339
3,24,11,20,13,69,386,439
3,24,11,30,12.9,39,362,392
3,24,11,40,12.9,479,296,671
3,24,11,50,12.8,496,380,771
3,24,12,0,12.8,991,92,873
3,24,12,10,12.700000000000001,991,92,874
3,24,12,20,12.600000000000001,991,91,872
3,24,12,30,12.5,990,91,868
3,24,12,40,12.4,989,91,863
3,24,12,50,12.3,409,407,725
3,24,13,0,12.100000000000001,622,262,739
3,24,13,10,12,490,302,675
3,24,13,20,11.8,502,280,657
3,24,13,30,11.600000000000001,452,293,626
3,24,13,40,11.5,243,358,534
3,24,13,50,11.3,221,360,518
3,24,14,0,11.100000000000001,185,363,492
3,24,14,10,10.8,158,357,465
3,24,14,20,10.600000000000001,48,344,376
3,24,14,30,10.3,27,277,295
3,24,14,40,10.100000000000001,46,278,306
3,24,14,50,9.8,2,148,149
3,24,15,0,9.600000000000001,0,49,49
3,24,15,10,9.200000000000001,0,24,24
3,24,15,20,8.9,0,57,57
3,24,15,30,8.6,0,55,55
3,24,15,40,8.200000000000001,0,38,38
3,24,15,50,7.9,0,35,35
3,24,16,0,7.6000000000000005,0,69,69
3,24,16,10,7.2,0,62,62
3,24,16,20,6.7,0,38,38
3,24,16,30,6.300000000000001,0,30,30
3,24,16,40,5.9,0,17,17
3,24,16,50,5.5,0,15,15
3,24,17,0,5,0,22,22
3,24,17,10,4.6000000000000005,0,12,12
3,24,17,20,4.1000000000000005,0,37,37
3,24,17,30,3.7,0,9,9
3,24,17,40,3.3000000000000003,0,6,6
3,24,17,50,2.8000000000000003,0,5,5
3,24,18,0,2.4000000000000004,0,14,14
3,24,18,10,2,0,0,0
3,24,18,20,1.6,0,0,0
3,24,18,30,1.2000000000000002,0,0,0
3,24,18,40,0.8,0,0,0
3,24,18,50,0.5,0,0,0
3,24,19,0,0.1,0,0,0
3,24,19,10,-0.3,0,0,0
3,24,19,20,-0.7,0,0,0
3,24,19,30,-1,0,0,0
3,24,19,40,-1.4,0,0,0
3,24,19,50,-1.8,0,0,0
3,24,20,0,-2.1,0,0,0
3,24,20,10,-2.3,0,0,0
3,24,20,20,-2.5,0,0,0
3,24,20,30,-2.7,0,0,0
3,24,20,40,-2.9,0,0,0
3,24,20,50,-3.1,0,0,0
3,24,21,0,-3.3,0,0,0
3,24,21,10,-3.5,0,0,0
3,24,21,20,-3.6,0,0,0
3,24,21,30,-3.7,0,0,0
3,24,21,40,-3.8,0,0,0
3,24,21,50,-4,0,0,0
3,24,22,0,-4.1,0,0,0
3,24,22,10,-4.2,0,0,0
3,24,22,20,-4.3,0,0,0
3,24,22,30,-4.5,0,0,0
3,24,22,40,-4.6,0,0,0
3,24,22,50,-4.7,0,0,0
3,24,23,0,-4.9,0,0,0
3,24,23,10,-5,0,0,0
3,24,23,20,-5.1,0,0,0
3,24,23,30,-5.2,0,0,0
3,24,23,40,-5.4,0,0,0
3,24,23,50,-5.5,0,0,0
3,25,0,0,-5.6,0,0,0
3,25,0,10,-5.7,0,0,0
3,25,0,20,-5.7,0,0,0
3,25,0,30,-5.8,0,0,0
3,25,0,40,-5.9,0,0,0
3,25,0,50,-5.9,0,0,0
3,25,1,0,-6,0,0,0
3,25,1,10,-6.1,0,0,0
3,25,1,20,-6.1,0,0,0
3,25,1,30,-6.1,0,0,0
3,25,1,40,-6.2,0,0,0
3,25,1,50,-6.2,0,0,0
3,25,2,0,-6.2,0,0,0
3,25,2,10,-6.3,0,0,0
3,25,2,20,-6.3,0,0,0
3,25,2,30,-6.3,0,0,0
3,25,2,40,-6.3,0,0,0
3,25,2,50,-6.4,0,0,0
3,25,3,0,-6.4,0,0,0
3,25,3,10,-6.4,0,0,0
3,25,3,20,-6.4,0,0,0
3,25,3,30,-6.4,0,0,0
3,25,3,40,-6.5,0,0,0
3,25,3,50,-6.5,0,0,0
3,25,4,0,-6.5,0,0,0
3,25,4,10,-6.5,0,0,0
3,25,4,20,-6.6,0,0,0
3,25,4,30,-6.6,0,0,0
3,25,4,40,-6.6,0,0,0
3,25,4,50,-6.7,0,0,0
3,25,5,0,-6.7,0,0,0
3,25,5,10,-6.7,0,0,0
3,25,5,20,-6.6,0,0,0
3,25,5,30,-6.6,0,0,0
3,25,5,40,-6.6,0,0,0
3,25,5,50,-6.6,0,0,0
3,25,6,0,-6.5,0,0,0
3,25,6,10,-6.3,0,14,14
3,25,6,20,-6.1,0,24,24
3,25,6,30,-5.9,1,38,38
3,25,6,40,-5.7,21,82,85
3,25,6,50,-5.5,26,103,108
3,25,7,0,-5.2,35,126,133
3,25,7,10,-5,17,132,136
3,25,7,20,-4.8,9,123,125
3,25,7,30,-4.6,7,128,130
3,25,7,40,-4.4,9,152,155
3,25,7,50,-4.2,5,156,157
3,25,8,0,-4,5,163,165
3,25,8,10,-3.8,5,176,178
3,25,8,20,-3.5,5,192,195
3,25,8,30,-3.3,13,240,246
3,25,8,40,-3.1,14,264,271
3,25,8,50,-2.9,14,281,289
3,25,9,0,-2.7,32,335,353
3,25,9,10,-2.5,51,339,368
3,25,9,20,-2.3,52,362,394
3,25,9,30,-2.1,16,325,335
3,25,9,40,-1.8,12,333,341
3,25,9,50,-1.6,13,350,358
3,25,10,0,-1.4,44,429,459
3,25,10,10,-1.2,55,456,494
3,25,10,20,-1,15,396,407
3,25,10,30,-0.8,5,333,337
3,25,10,40,-0.6,7,362,367
3,25,10,50,-0.4,16,431,443
3,25,11,0,-0.2,13,424,434
3,25,11,10,0,1,442,443
3,25,11,20,0.1,7,392,398
3,25,11,30,0.30000000000000004,1,440,441
3,25,11,40,0.4,1,427,427
3,25,11,50,0.5,0,362,362
3,25,12,0,0.7000000000000001,15,574,586
3,25,12,10,0.8,59,609,656
3,25,12,20,0.8,3,521,524
3,25,12,30,0.9,3,507,509
3,25,12,40,1,1,435,436
3,25,12,50,1,1,421,422
3,25,13,0,1.1,12,428,438
3,25,13,10,1.2000000000000002,22,455,472
3,25,13,20,1.2000000000000002,29,459,480
3,25,13,30,1.2000000000000002,26,437,457
3,25,13,40,1.2000000000000002,24,420,437
3,25,13,50,1.3,29,419,440
3,25,14,0,1.3,24,394,411
3,25,14,10,1.3,21,375,390
3,25,14,20,1.3,0,198,198
3,25,14,30,1.3,0,216,216
3,25,14,40,1.2000000000000002,0,235,235
3,25,14,50,1.2000000000000002,0,286,286
3,25,15,0,1.2000000000000002,0,269,269
3,25,15,10,1.1,0,261,261
3,25,15,20,1,0,238,238
3,25,15,30,0.9,1,245,246
3,25,15,40,0.8,2,270,271
3,25,15,50,0.7000000000000001,3,256,257
3,25,16,0,0.6000000000000001,1,216,216
3,25,16,10,0.30000000000000004,37,232,247
3,25,16,20,0.1,124,232,278
3,25,16,30,-0.2,210,207,278
3,25,16,40,-0.4,306,165,258
3,25,16,50,-0.7,399,136,246
3,25,17,0,-1,140,155,189
3,25,17,10,-1.4,113,133,157
3,25,17,20,-1.8,89,111,127
3,25,17,30,-2.2,50,88,96
3,25,17,40,-2.6,22,66,68
3,25,17,50,-3.1,12,44,45
3,25,18,0,-3.5,265,20,32
3,25,18,10,-3.6,0,0,0
3,25,18,20,-3.8,0,0,0
3,25,18,30,-4,0,0,0
3,25,18,40,-4.1,0,0,0
3,25,18,50,-4.3,0,0,0
3,25,19,0,-4.5,0,0,0
3,25,19,10,-4.6,0,0,0
3,25,19,20,-4.8,0,0,0
3,25,19,30,-4.9,0,0,0
3,25,19,40,-5.1,0,0,0
3,25,19,50,-5.3,0,0,0
3,25,20,0,-5.4,0,0,0
3,25,20,10,-5.5,0,0,0
3,25,20,20,-5.6,0,0,0
3,25,20,30,-5.7,0,0,0
3,25,20,40,-5.8,0,0,0
3,25,20,50,-5.8,0,0,0
3,25,21,0,-5.9,0,0,0
3,25,21,10,-5.9,0,0,0
3,25,21,20,-6,0,0,0
3,25,21,30,-6,0,0,0
3,25,21,40,-6,0,0,0
3,25,21,50,-6,0,0,0
3,25,22,0,-6,0,0,0
3,25,22,10,-6.1,0,0,0
3,25,22,20,-6.1,0,0,0
3,25,22,30,-6.1,0,0,0
3,25,22,40,-6.1,0,0,0
3,25,22,50,-6.1,0,0,0
3,25,23,0,-6.1,0,0,0
3,25,23,10,-6.2,0,0,0
3,25,23,20,-6.2,0,0,0
3,25,23,30,-6.2,0,0,0
3,25,23,40,-6.2,0,0,0
3,25,23,50,-6.2,0,0,0
3,26,0,0,-6.3,0,0,0
3,26,0,10,-6.2,0,0,0
3,26,0,20,-6.2,0,0,0
3,26,0,30,-6.2,0,0,0
3,26,0,40,-6.2,0,0,0
3,26,0,50,-6.2,0,0,0
3,26,1,0,-6.2,0,0,0
3,26,1,10,-6.2,0,0,0
3,26,1,20,-6.2,0,0,0
3,26,1,30,-6.2,0,0,0
3,26,1,40,-6.2,0,0,0
3,26,1,50,-6.2,0,0,0
3,26,2,0,-6.2,0,0,0
3,26,2,10,-6.2,0,0,0
3,26,2,20,-6.2,0,0,0
3,26,2,30,-6.2,0,0,0
3,26,2,40,-6.2,0,0,0
3,26,2,50,-6.1,0,0,0
3,26,3,0,-6.1,0,0,0
3,26,3,10,-6.1,0,0,0
3,26,3,20,-6.1,0,0,0
3,26,3,30,-6.1,0,0,0
3,26,3,40,-6.1,0,0,0
3,26,3,50,-6.1,0,0,0
3,26,4,0,-6.1,0,0,0
3,26,4,10,-6.1,0,0,0
3,26,4,20,-6.1,0,0,0
3,26,4,30,-6.1,0,0,0
3,26,4,40,-6.2,0,0,0
3,26,4,50,-6.2,0,0,0
3,26,5,0,-6.2,0,0,0
3,26,5,10,-6,0,0,0
3,26,5,20,-5.8,0,0,0
3,26,5,30,-5.6,0,0,0
3,26,5,40,-5.4,0,0,0
3,26,5,50,-5.2,0,0,0
3,26,6,0,-5,0,0,0
3,26,6,10,-4.5,0,18,18
3,26,6,20,-3.9,1,30,30
3,26,6,30,-3.4,5,53,53
3,26,6,40,-2.9,3,57,57
3,26,6,50,-2.3,7,85,87
3,26,7,0,-1.8,8,90,92
3,26,7,10,-1.3,25,139,145
3,26,7,20,-0.8,63,171,189
3,26,7,30,-0.4,80,193,218
3,26,7,40,0.1,153,216,268
3,26,7,50,0.6000000000000001,142,244,296
3,26,8,0,1.1,293,232,348
3,26,8,10,1.3,146,309,371
3,26,8,20,1.6,881,83,484
3,26,8,30,1.9000000000000001,896,86,518
3,26,8,40,2.1,899,90,548
3,26,8,50,2.4000000000000004,23,360,372
3,26,9,0,2.6,64,421,457
3,26,9,10,2.8000000000000003,66,441,479
3,26,9,20,2.9000000000000004,98,475,534
3,26,9,30,3.1,98,490,552
3,26,9,40,3.2,116,511,586
3,26,9,50,3.4000000000000004,121,528,609
3,26,10,0,3.5,443,420,724
3,26,10,10,3.6,973,112,794
3,26,10,20,3.7,977,113,814
3,26,10,30,3.8000000000000003,982,114,833
3,26,10,40,3.9000000000000004,993,111,850
3,26,10,50,4,996,113,866
3,26,11,0,4.1000000000000005,999,114,879
3,26,11,10,4.2,1001,115,891
3,26,11,20,4.3,1003,115,900
3,26,11,30,4.3,1005,116,908
3,26,11,40,4.4,1003,118,913
3,26,11,50,4.4,1004,118,917
3,26,12,0,4.5,1004,119,919
3,26,12,10,4.6000000000000005,1004,119,919
3,26,12,20,4.6000000000000005,1004,118,918
3,26,12,30,4.7,1003,118,914
3,26,12,40,4.7,999,120,908
3,26,12,50,4.800000000000001,998,119,901
3,26,13,0,4.800000000000001,996,119,891
3,26,13,10,4.800000000000001,993,118,880
3,26,13,20,4.800000000000001,991,117,867
3,26,13,30,4.9,987,116,852
3,26,13,40,4.9,977,118,835
3,26,13,50,4.9,973,117,817
3,26,14,0,4.9,968,116,797
3,26,14,10,4.9,963,114,775
3,26,14,20,4.800000000000001,207,513,652
3,26,14,30,4.800000000000001,949,110,727
3,26,14,40,4.800000000000001,940,109,701
3,26,14,50,4.7,931,107,673
3,26,15,0,4.7,922,105,645
3,26,15,10,4.6000000000000005,911,102,614
3,26,15,20,4.5,900,99,583
3,26,15,30,4.4,887,97,551
3,26,15,40,4.4,870,95,517
3,26,15,50,4.3,854,91,483
3,26,16,0,4.2,836,88,447
3,26,16,10,4,810,84,409
3,26,16,20,3.7,788,80,373
3,26,16,30,3.5,762,76,336
3,26,16,40,3.3000000000000003,282,179,266
3,26,16,50,3.1,17,181,186
3,26,17,0,2.8000000000000003,117,135,164
3,26,17,10,2.5,77,117,133
3,26,17,20,2.1,553,48,149
3,26,17,30,1.8,490,43,116
3,26,17,40,1.4000000000000001,409,37,84
3,26,17,50,1.1,320,29,56
3,26,18,0,0.7000000000000001,212,21,32
3,26,18,10,0.7000000000000001,94,12,14
3,26,18,20,0.6000000000000001,0,0,0
3,26,18,30,0.6000000000000001,0,0,0
3,26,18,40,0.6000000000000001,0,0,0
3,26,18,50,0.5,0,0,0
3,26,19,0,0.5,0,0,0
3,26,19,10,0.5,0,0,0
3,26,19,20,0.5,0,0,0
3,26,19,30,0.5,0,0,0
3,26,19,40,0.5,0,0,0
3,26,19,50,0.5,0,0,0
3,26,20,0,0.5,0,0,0
3,26,20,10,0.30000000000000004,0,0,0
3,26,20,20,0.2,0,0,0
3,26,20,30,0.1,0,0,0
3,26,20,40,0,0,0,0
3,26,20,50,-0.1,0,0,0
3,26,21,0,-0.2,0,0,0
3,26,21,10,-0.3,0,0,0
3,26,21,20,-0.4,0,0,0
3,26,21,30,-0.5,0,0,0
3,26,21,40,-0.6,0,0,0
3,26,21,50,-0.7,0,0,0
3,26,22,0,-0.8,0,0,0
3,26,22,10,-0.9,0,0,0
3,26,22,20,-1,0,0,0
3,26,22,30,-1.1,0,0,0
3,26,22,40,-1.2,0,0,0
3,26,22,50,-1.3,0,0,0
3,26,23,0,-1.3,0,0,0
3,26,23,10,-1.5,0,0,0
3,26,23,20,-1.6,0,0,0
3,26,23,30,-1.7,0,0,0
3,26,23,40,-1.8,0,0,0
3,26,23,50,-1.9,0,0,0
3,27,0,0,-2,0,0,0
3,27,0,10,-2.1,0,0,0
3,27,0,20,-2.1,0,0,0
3,27,0,30,-2.2,0,0,0
3,27,0,40,-2.3,0,0,0
3,27,0,50,-2.4,0,0,0
3,27,1,0,-2.4,0,0,0
3,27,1,10,-2.5,0,0,0
3,27,1,20,-2.5,0,0,0
3,27,1,30,-2.6,0,0,0
3,27,1,40,-2.6,0,0,0
3,27,1,50,-2.7,0,0,0
3,27,2,0,-2.7,0,0,0
3,27,2,10,-2.8,0,0,0
3,27,2,20,-2.8,0,0,0
3,27,2,30,-2.8,0,0,0
3,27,2,40,-2.9,0,0,0
3,27,2,50,-2.9,0,0,0
3,27,3,0,-3,0,0,0
3,27,3,10,-3,0,0,0
3,27,3,20,-3.1,0,0,0
3,27,3,30,-3.1,0,0,0
3,27,3,40,-3.2,0,0,0
3,27,3,50,-3.2,0,0,0
3,27,4,0,-3.2,0,0,0
3,27,4,10,-3.3,0,0,0
3,27,4,20,-3.3,0,0,0
3,27,4,30,-3.3,0,0,0
3,27,4,40,-3.3,0,0,0
3,27,4,50,-3.3,0,0,0
3,27,5,0,-3.4,0,0,0
3,27,5,10,-3,0,0,0
3,27,5,20,-2.7,0,0,0
3,27,5,30,-2.4,0,0,0
3,27,5,40,-2.1,0,0,0
3,27,5,50,-1.8,0,0,0
3,27,6,0,-1.4,162,12,15
3,27,6,10,-0.9,298,19,35
3,27,6,20,-0.3,408,26,61
3,27,6,30,0.30000000000000004,497,32,91
3,27,6,40,0.9,1,35,35
3,27,6,50,1.5,12,74,76
3,27,7,0,2.1,183,112,151
3,27,7,10,2.5,312,112,190
3,27,7,20,3,312,127,214
3,27,7,30,3.4000000000000004,791,56,302
3,27,7,40,3.8000000000000003,823,57,339
3,27,7,50,4.2,846,60,375
3,27,8,0,4.7,867,62,411
3,27,8,10,5,885,64,446
3,27,8,20,5.2,901,66,480
3,27,8,30,5.5,915,68,513
3,27,8,40,5.800000000000001,932,68,547
3,27,8,50,6,944,70,579
3,27,9,0,6.300000000000001,954,71,609
3,27,9,10,6.5,963,72,639
3,27,9,20,6.7,972,74,667
3,27,9,30,6.9,980,74,694
3,27,9,40,7.1000000000000005,989,74,720
3,27,9,50,7.4,995,75,744
3,27,10,0,7.6000000000000005,1001,76,766
3,27,10,10,7.7,1006,77,788
3,27,10,20,7.9,1010,78,807
3,27,10,30,8.1,1014,78,825
3,27,10,40,8.3,1027,74,843
3,27,10,50,8.5,1029,74,857
3,27,11,0,8.6,1032,75,870
3,27,11,10,8.8,1034,75,881
3,27,11,20,8.9,1036,76,891
3,27,11,30,9.1,1037,76,898
3,27,11,40,9.200000000000001,1037,77,903
3,27,11,50,9.3,1038,77,907
3,27,12,0,9.5,1038,77,909
3,27,12,10,9.600000000000001,1038,77,909
3,27,12,20,9.700000000000001,1038,77,907
3,27,12,30,9.700000000000001,1037,77,904
3,27,12,40,9.8,1035,77,898
3,27,12,50,9.9,1034,77,891
3,27,13,0,10,481,325,700
3,27,13,10,10,653,245,749
3,27,13,20,10,893,150,830
3,27,13,30,10,958,82,800
3,27,13,40,10,212,361,517
3,27,13,50,10.100000000000001,72,350,402
3,27,14,0,10.100000000000001,396,295,575
3,27,14,10,10,469,271,594
3,27,14,20,10,372,294,544
3,27,14,30,9.9,232,317,469
3,27,14,40,9.8,298,293,481
3,27,14,50,9.8,83,298,349
3,27,15,0,9.700000000000001,97,293,350
3,27,15,10,9.600000000000001,347,265,461
3,27,15,20,9.5,951,67,581
3,27,15,30,9.3,940,65,550
3,27,15,40,9.200000000000001,710,140,487
3,27,15,50,9.1,669,124,433
3,27,16,0,9,901,60,450
3,27,16,10,8.5,645,126,387
3,27,16,20,8.1,864,56,379
3,27,16,30,7.7,479,127,292
3,27,16,40,7.2,336,143,248
3,27,16,50,6.800000000000001,783,49,270
3,27,17,0,6.4,749,46,234
3,27,17,10,5.800000000000001,709,43,198
3,27,17,20,5.2,662,39,162
3,27,17,30,4.5,605,35,128
3,27,17,40,3.9000000000000004,519,32,94
3,27,17,50,3.3000000000000003,432,26,63
3,27,18,0,2.7,322,19,37
3,27,18,10,2.5,184,12,16
3,27,18,20,2.3000000000000003,0,0,0
3,27,18,30,2.1,0,0,0
3,27,18,40,1.9000000000000001,0,0,0
3,27,18,50,1.7000000000000002,0,0,0
3,27,19,0,1.5,0,0,0
3,27,19,10,1.4000000000000001,0,0,0
3,27,19,20,1.2000000000000002,0,0,0
3,27,19,30,1.1,0,0,0
3,27,19,40,1,0,0,0
3,27,19,50,0.8,0,0,0
3,27,20,0,0.7000000000000001,0,0,0
3,27,20,10,0.5,0,0,0
3,27,20,20,0.4,0,0,0
3,27,20,30,0.30000000000000004,0,0,0
3,27,20,40,0.1,0,0,0
3,27,20,50,0,0,0,0
3,27,21,0,-0.2,0,0,0
3,27,21,10,-0.3,0,0,0
3,27,21,20,-0.4,0,0,0
3,27,21,30,-0.5,0,0,0
3,27,21,40,-0.7,0,0,0
3,27,21,50,-0.8,0,0,0
3,27,22,0,-0.9,0,0,0
3,27,22,10,-1,0,0,0
3,27,22,20,-1.1,0,0,0
3,27,22,30,-1.2,0,0,0
3,27,22,40,-1.2,0,0,0
3,27,22,50,-1.3,0,0,0
3,27,23,0,-1.4,0,0,0
3,27,23,10,-1.5,0,0,0
3,27,23,20,-1.5,0,0,0
3,27,23,30,-1.6,0,0,0
3,27,23,40,-1.7,0,0,0
3,27,23,50,-1.7,0,0,0
3,28,0,0,-1.8,0,0,0
3,28,0,10,-1.8,0,0,0
3,28,0,20,-1.9,0,0,0
3,28,0,30,-1.9,0,0,0
3,28,0,40,-1.9,0,0,0
3,28,0,50,-2,0,0,0
3,28,1,0,-2,0,0,0
3,28,1,10,-2,0,0,0
3,28,1,20,-2,0,0,0
3,28,1,30,-1.9,0,0,0
3,28,1,40,-1.9,0,0,0
3,28,1,50,-1.9,0,0,0
3,28,2,0,-1.9,0,0,0
3,28,2,10,-1.8,0,0,0
3,28,2,20,-1.8,0,0,0
3,28,2,30,-1.7,0,0,0
3,28,2,40,-1.7,0,0,0
3,28,2,50,-1.7,0,0,0
3,28,3,0,-1.6,0,0,0
3,28,3,10,-1.6,0,0,0
3,28,3,20,-1.6,0,0,0
3,28,3,30,-1.6,0,0,0
3,28,3,40,-1.6,0,0,0
3,28,3,50,-1.6,0,0,0
3,28,4,0,-1.7,0,0,0
3,28,4,10,-1.7,0,0,0
3,28,4,20,-1.7,0,0,0
3,28,4,30,-1.7,0,0,0
3,28,4,40,-1.8,0,0,0
3,28,4,50,-1.8,0,0,0
3,28,5,0,-1.8,0,0,0
3,28,5,10,-1.5,0,0,0
3,28,5,20,-1.1,0,0,0
3,28,5,30,-0.8,0,0,0
3,28,5,40,-0.4,0,0,0
3,28,5,50,0,0,0,0
3,28,6,0,0.30000000000000004,164,13,17
3,28,6,10,1,295,21,38
3,28,6,20,1.7000000000000002,403,28,64
3,28,6,30,2.4000000000000004,490,34,94
3,28,6,40,3.1,548,40,125
3,28,6,50,3.9000000000000004,615,45,161
3,28,7,0,4.6000000000000005,664,49,196
3,28,7,10,5.2,328,112,195
3,28,7,20,5.9,305,132,219
3,28,7,30,6.6000000000000005,773,59,304
3,28,7,40,7.300000000000001,788,65,338
3,28,7,50,7.9,812,67,374
3,28,8,0,8.6,834,70,410
3,28,8,10,9.1,847,72,442
3,28,8,20,9.5,864,75,476
3,28,8,30,9.9,879,77,509
3,28,8,40,10.4,876,84,538
3,28,8,50,10.8,889,86,570
3,28,9,0,11.3,900,88,600
3,28,9,10,11.5,911,89,629
3,28,9,20,11.700000000000001,340,294,503
3,28,9,30,12,929,92,684
3,28,9,40,12.200000000000001,937,94,709
3,28,9,50,12.5,944,95,733
3,28,10,0,12.700000000000001,448,301,613
3,28,10,10,12.9,484,290,635
3,28,10,20,13.100000000000001,269,347,542
3,28,10,30,13.4,346,354,610
3,28,10,40,13.600000000000001,431,330,654
3,28,10,50,13.8,978,94,842
3,28,11,0,14.100000000000001,981,94,855
3,28,11,10,14.3,984,95,865
3,28,11,20,14.5,445,343,695
3,28,11,30,14.8,439,335,684
3,28,11,40,15,490,328,721
3,28,11,50,15.3,469,336,713
3,28,12,0,15.5,999,90,895
3,28,12,10,15.700000000000001,999,90,895
3,28,12,20,15.9,512,317,729
3,28,12,30,16.1,520,312,729
3,28,12,40,16.2,555,293,736
3,28,12,50,16.400000000000002,666,240,767
3,28,13,0,16.6,634,260,757
3,28,13,10,16.7,445,333,678
3,28,13,20,16.7,993,86,845
3,28,13,30,16.8,990,85,831
3,28,13,40,16.8,985,85,814
3,28,13,50,16.8,485,293,645
3,28,14,0,16.900000000000002,976,84,778
3,28,14,10,16.8,720,195,695
3,28,14,20,16.7,732,181,676
3,28,14,30,16.6,424,284,563
3,28,14,40,16.5,639,195,602
3,28,14,50,16.400000000000002,634,190,580
3,28,15,0,16.3,822,122,610
3,28,15,10,16.1,435,227,475
3,28,15,20,15.8,917,73,572
3,28,15,30,15.600000000000001,905,72,541
3,28,15,40,15.4,894,69,509
3,28,15,50,15.200000000000001,429,195,394
3,28,16,0,14.9,421,182,365
3,28,16,10,14.4,152,208,270
3,28,16,20,13.8,478,137,317
3,28,16,30,13.200000000000001,200,186,255
3,28,16,40,12.700000000000001,228,160,232
3,28,16,50,12.100000000000001,391,127,239
3,28,17,0,11.5,519,92,223
3,28,17,10,10.9,203,115,159
3,28,17,20,10.200000000000001,144,101,128
3,28,17,30,9.5,0,7,7
3,28,17,40,8.9,504,32,95
3,28,17,50,8.200000000000001,419,27,65
3,28,18,0,7.6000000000000005,312,20,38
3,28,18,10,7.300000000000001,181,13,17
3,28,18,20,7,0,0,0
3,28,18,30,6.7,0,0,0
3,28,18,40,6.5,0,0,0
3,28,18,50,6.2,0,0,0
3,28,19,0,5.9,0,0,0
3,28,19,10,5.800000000000001,0,0,0
3,28,19,20,5.6000000000000005,0,0,0
3,28,19,30,5.5,0,0,0
3,28,19,40,5.4,0,0,0
3,28,19,50,5.2,0,0,0
3,28,20,0,5.1000000000000005,0,0,0
3,28,20,10,5,0,0,0
3,28,20,20,4.9,0,0,0
3,28,20,30,4.7,0,0,0
3,28,20,40,4.6000000000000005,0,0,0
3,28,20,50,4.5,0,0,0
3,28,21,0,4.4,0,0,0
3,28,21,10,4.3,0,0,0
3,28,21,20,4.2,0,0,0
3,28,21,30,4.1000000000000005,0,0,0
3,28,21,40,4,0,0,0
3,28,21,50,3.8000000000000003,0,0,0
3,28,22,0,3.7,0,0,0
3,28,22,10,3.6,0,0,0
3,28,22,20,3.5,0,0,0
3,28,22,30,3.4000000000000004,0,0,0
3,28,22,40,3.3000000000000003,0,0,0
3,28,22,50,3.2,0,0,0
3,28,23,0,3.1,0,0,0
3,28,23,10,3.1,0,0,0
3,28,23,20,3,0,0,0
3,28,23,30,2.9000000000000004,0,0,0
3,28,23,40,2.8000000000000003,0,0,0
3,28,23,50,2.8000000000000003,0,0,0
3,29,0,0,2.7,0,0,0
3,29,0,10,2.6,0,0,0
3,29,0,20,2.6,0,0,0
3,29,0,30,2.6,0,0,0
3,29,0,40,2.5,0,0,0
3,29,0,50,2.5,0,0,0
3,29,1,0,2.4000000000000004,0,0,0
3,29,1,10,2.4000000000000004,0,0,0
3,29,1,20,2.3000000000000003,0,0,0
3,29,1,30,2.2,0,0,0
3,29,1,40,2.2,0,0,0
3,29,1,50,2.1,0,0,0
3,29,2,0,2.1,0,0,0
3,29,2,10,2,0,0,0
3,29,2,20,2,0,0,0
3,29,2,30,1.9000000000000001,0,0,0
3,29,2,40,1.9000000000000001,0,0,0
3,29,2,50,1.8,0,0,0
3,29,3,0,1.8,0,0,0
3,29,3,10,1.8,0,0,0
3,29,3,20,1.7000000000000002,0,0,0
3,29,3,30,1.7000000000000002,0,0,0
3,29,3,40,1.6,0,0,0
3,29,3,50,1.6,0,0,0
3,29,4,0,1.6,0,0,0
3,29,4,10,1.5,0,0,0
3,29,4,20,1.5,0,0,0
3,29,4,30,1.5,0,0,0
3,29,4,40,1.4000000000000001,0,0,0
3,29,4,50,1.4000000000000001,0,0,0
3,29,5,0,1.4000000000000001,0,0,0
3,29,5,10,1.5,0,0,0
3,29,5,20,1.7000000000000002,0,0,0
3,29,5,30,1.8,0,0,0
3,29,5,40,2,0,0,0
3,29,5,50,2.2,0,0,0
3,29,6,0,2.3000000000000003,0,4,4
3,29,6,10,2.7,267,22,39
3,29,6,20,3.1,367,30,65
3,29,6,30,3.5,451,36,94
3,29,6,40,3.9000000000000004,513,43,125
3,29,6,50,4.3,571,48,158
3,29,7,0,4.7,620,52,193
3,29,7,10,4.9,662,57,228
3,29,7,20,5.1000000000000005,698,60,263
3,29,7,30,5.300000000000001,192,176,238
3,29,7,40,5.6000000000000005,72,209,234
3,29,7,50,5.800000000000001,785,69,369
3,29,8,0,6,806,71,404
3,29,8,10,6.2,825,74,438
3,29,8,20,6.5,847,76,474
3,29,8,30,6.7,862,78,507
3,29,8,40,7,222,300,416
3,29,8,50,7.2,241,312,445
3,29,9,0,7.4,910,80,602
3,29,9,10,7.800000000000001,920,81,631
3,29,9,20,8.1,929,83,659
3,29,9,30,8.4,352,340,566
3,29,9,40,8.700000000000001,945,85,710
3,29,9,50,9.1,342,369,601
3,29,10,0,9.4,958,87,756
3,29,10,10,9.5,963,88,777
3,29,10,20,9.700000000000001,968,89,796
3,29,10,30,9.9,972,89,814
3,29,10,40,10,967,92,826
3,29,10,50,10.200000000000001,463,378,733
3,29,11,0,10.3,432,396,732
3,29,11,10,10.5,351,432,708
3,29,11,20,10.700000000000001,229,476,658
3,29,11,30,10.8,118,444,539
3,29,11,40,11,63,397,448
3,29,11,50,11.100000000000001,102,377,460
3,29,12,0,11.3,509,319,731
3,29,12,10,11.5,226,388,570
3,29,12,20,11.700000000000001,247,386,585
3,29,12,30,11.9,360,356,646
3,29,12,40,12.100000000000001,356,342,628
3,29,12,50,12.3,302,367,607
3,29,13,0,12.600000000000001,118,407,500
3,29,13,10,12.600000000000001,5,249,252
3,29,13,20,12.700000000000001,0,88,88
3,29,13,30,12.8,89,376,443
3,29,13,40,12.9,15,295,306
3,29,13,50,13,0,94,94
3,29,14,0,13.100000000000001,2,180,182
3,29,14,10,13,0,57,57
3,29,14,20,12.9,0,85,85
3,29,14,30,12.8,33,281,303
3,29,14,40,12.8,472,242,544
3,29,14,50,12.700000000000001,294,309,491
3,29,15,0,12.600000000000001,154,297,388
3,29,15,10,12.4,352,249,450
3,29,15,20,12.200000000000001,318,255,429
3,29,15,30,12.100000000000001,62,257,289
3,29,15,40,11.9,49,231,256
3,29,15,50,11.700000000000001,137,219,283
3,29,16,0,11.5,799,7,358
3,29,16,10,11.100000000000001,15,155,161
3,29,16,20,10.700000000000001,1,83,84
3,29,16,30,10.4,48,179,196
3,29,16,40,10,0,48,48
3,29,16,50,9.600000000000001,4,79,80
3,29,17,0,9.200000000000001,2,62,63
3,29,17,10,8.8,8,86,87
3,29,17,20,8.4,2,47,48
3,29,17,30,8.1,8,68,69
3,29,17,40,7.7,0,3,3
3,29,17,50,7.300000000000001,1,33,33
3,29,18,0,6.9,0,4,4
3,29,18,10,6.6000000000000005,0,2,2
3,29,18,20,6.4,0,0,0
3,29,18,30,6.2,0,0,0
3,29,18,40,6,0,0,0
3,29,18,50,5.7,0,0,0
3,29,19,0,5.5,0,0,0
3,29,19,10,5.300000000000001,0,0,0
3,29,19,20,5,0,0,0
3,29,19,30,4.800000000000001,0,0,0
3,29,19,40,4.5,0,0,0
3,29,19,50,4.3,0,0,0
3,29,20,0,4,0,0,0
3,29,20,10,3.8000000000000003,0,0,0
3,29,20,20,3.6,0,0,0
3,29,20,30,3.4000000000000004,0,0,0
3,29,20,40,3.2,0,0,0
3,29,20,50,3,0,0,0
3,29,21,0,2.8000000000000003,0,0,0
3,29,21,10,2.7,0,0,0
3,29,21,20,2.7,0,0,0
3,29,21,30,2.6,0,0,0
3,29,21,40,2.6,0,0,0
3,29,21,50,2.5,0,0,0
3,29,22,0,2.4000000000000004,0,0,0
3,29,22,10,2.4000000000000004,0,0,0
3,29,22,20,2.4000000000000004,0,0,0
3,29,22,30,2.4000000000000004,0,0,0
3,29,22,40,2.4000000000000004,0,0,0
3,29,22,50,2.4000000000000004,0,0,0
3,29,23,0,2.4000000000000004,0,0,0
3,29,23,10,2.3000000000000003,0,0,0
3,29,23,20,2.3000000000000003,0,0,0
3,29,23,30,2.3000000000000003,0,0,0
3,29,23,40,2.2,0,0,0
3,29,23,50,2.2,0,0,0
3,30,0,0,2.2,0,0,0
3,30,0,10,2.1,0,0,0
3,30,0,20,2.1,0,0,0
3,30,0,30,2,0,0,0
3,30,0,40,2,0,0,0
3,30,0,50,1.9000000000000001,0,0,0
3,30,1,0,1.9000000000000001,0,0,0
3,30,1,10,1.8,0,0,0
3,30,1,20,1.8,0,0,0
3,30,1,30,1.7000000000000002,0,0,0
3,30,1,40,1.7000000000000002,0,0,0
3,30,1,50,1.6,0,0,0
3,30,2,0,1.6,0,0,0
3,30,2,10,1.5,0,0,0
3,30,2,20,1.5,0,0,0
3,30,2,30,1.5,0,0,0
3,30,2,40,1.4000000000000001,0,0,0
3,30,2,50,1.4000000000000001,0,0,0
3,30,3,0,1.4000000000000001,0,0,0
3,30,3,10,1.3,0,0,0
3,30,3,20,1.3,0,0,0
3,30,3,30,1.2000000000000002,0,0,0
3,30,3,40,1.1,0,0,0
3,30,3,50,1.1,0,0,0
3,30,4,0,1,0,0,0
3,30,4,10,0.9,0,0,0
3,30,4,20,0.8,0,0,0
3,30,4,30,0.7000000000000001,0,0,0
3,30,4,40,0.6000000000000001,0,0,0
3,30,4,50,0.5,0,0,0
3,30,5,0,0.5,0,0,0
3,30,5,10,0.6000000000000001,0,0,0
3,30,5,20,0.8,0,0,0
3,30,5,30,1,0,0,0
3,30,5,40,1.2000000000000002,0,0,0
3,30,5,50,1.4000000000000001,0,0,0
3,30,6,0,1.6,0,6,6
3,30,6,10,2.1,309,23,44
3,30,6,20,2.6,3,37,37
3,30,6,30,3.1,113,72,87
3,30,6,40,3.6,85,92,106
3,30,6,50,4,199,100,140
3,30,7,0,4.5,171,123,163
3,30,7,10,5.2,264,126,196
3,30,7,20,5.9,209,159,221
3,30,7,30,6.6000000000000005,767,59,310
3,30,7,40,7.300000000000001,270,187,283
3,30,7,50,8,822,63,382
3,30,8,0,8.700000000000001,842,66,417
3,30,8,10,9.3,860,68,452
3,30,8,20,9.9,876,70,485
3,30,8,30,10.5,891,71,519
3,30,8,40,11.100000000000001,905,73,551
3,30,8,50,11.700000000000001,916,74,582
3,30,9,0,12.3,927,76,612
3,30,9,10,12.700000000000001,936,77,641
3,30,9,20,13.100000000000001,945,79,669
3,30,9,30,13.5,953,80,695
3,30,9,40,13.9,959,81,720
3,30,9,50,14.3,966,82,744
3,30,10,0,14.700000000000001,972,83,766
3,30,10,10,15,977,84,787
3,30,10,20,15.200000000000001,981,85,806
3,30,10,30,15.5,986,85,824
3,30,10,40,15.8,996,82,841
3,30,10,50,16,994,83,852
3,30,11,0,16.3,997,83,864
3,30,11,10,16.5,999,84,875
3,30,11,20,16.6,1001,84,884
3,30,11,30,16.8,1002,84,891
3,30,11,40,17,1002,85,896
3,30,11,50,17.1,1003,85,900
3,30,12,0,17.3,1003,85,902
3,30,12,10,17.400000000000002,1003,85,901
3,30,12,20,17.5,1003,85,899
3,30,12,30,17.6,1002,85,896
3,30,12,40,17.7,1004,83,891
3,30,12,50,17.8,1002,83,883
3,30,13,0,17.900000000000002,653,251,768
3,30,13,10,17.900000000000002,631,257,751
3,30,13,20,17.900000000000002,739,207,778
3,30,13,30,18,670,197,707
3,30,13,40,18,550,255,666
3,30,13,50,18,465,293,634
3,30,14,0,18.1,433,297,607
3,30,14,10,18,496,260,609
3,30,14,20,17.900000000000002,582,208,606
3,30,14,30,17.900000000000002,329,331,549
3,30,14,40,17.8,636,183,592
3,30,14,50,17.7,461,239,526
3,30,15,0,17.7,175,296,401
3,30,15,10,17.5,294,264,434
3,30,15,20,17.3,106,267,325
3,30,15,30,17.1,44,219,242
3,30,15,40,16.900000000000002,215,248,355
3,30,15,50,16.8,202,230,325
3,30,16,0,16.6,212,220,314
3,30,16,10,16.1,8,117,120
3,30,16,20,15.600000000000001,55,169,191
3,30,16,30,15.200000000000001,210,179,253
3,30,16,40,14.700000000000001,187,160,221
3,30,16,50,14.200000000000001,269,139,217
3,30,17,0,13.700000000000001,160,132,173
3,30,17,10,13.200000000000001,334,100,176
3,30,17,20,12.700000000000001,367,84,156
3,30,17,30,12.100000000000001,566,38,130
3,30,17,40,11.600000000000001,20,69,71
3,30,17,50,11,3,45,45
3,30,18,0,10.5,13,33,34
3,30,18,10,10.200000000000001,2,15,15
3,30,18,20,9.9,0,0,0
3,30,18,30,9.600000000000001,0,0,0
3,30,18,40,9.3,0,0,0
3,30,18,50,9,0,0,0
3,30,19,0,8.700000000000001,0,0,0
3,30,19,10,8.5,0,0,0
3,30,19,20,8.200000000000001,0,0,0
3,30,19,30,7.9,0,0,0
3,30,19,40,7.6000000000000005,0,0,0
3,30,19,50,7.300000000000001,0,0,0
3,30,20,0,7.1000000000000005,0,0,0
3,30,20,10,6.9,0,0,0
3,30,20,20,6.7,0,0,0
3,30,20,30,6.5,0,0,0
3,30,20,40,6.2,0,0,0
3,30,20,50,6,0,0,0
3,30,21,0,5.800000000000001,0,0,0
3,30,21,10,5.7,0,0,0
3,30,21,20,5.6000000000000005,0,0,0
3,30,21,30,5.4,0,0,0
3,30,21,40,5.300000000000001,0,0,0
3,30,21,50,5.2,0,0,0
3,30,22,0,5.1000000000000005,0,0,0
3,30,22,10,5,0,0,0
3,30,22,20,4.9,0,0,0
3,30,22,30,4.800000000000001,0,0,0
3,30,22,40,4.7,0,0,0
3,30,22,50,4.6000000000000005,0,0,0
3,30,23,0,4.5,0,0,0
3,30,23,10,4.4,0,0,0
3,30,23,20,4.3,0,0,0
3,30,23,30,4.2,0,0,0
3,30,23,40,4.1000000000000005,0,0,0
3,30,23,50,4,0,0,0
3,31,0,0,3.8000000000000003,0,0,0
3,31,0,10,3.7,0,0,0
3,31,0,20,3.6,0,0,0
3,31,0,30,3.5,0,0,0
3,31,0,40,3.3000000000000003,0,0,0
3,31,0,50,3.2,0,0,0
3,31,1,0,3.1,0,0,0
3,31,1,10,3,0,0,0
3,31,1,20,2.9000000000000004,0,0,0
3,31,1,30,2.8000000000000003,0,0,0
3,31,1,40,2.6,0,0,0
3,31,1,50,2.5,0,0,0
3,31,2,0,2.4000000000000004,0,0,0
3,31,2,10,2.3000000000000003,0,0,0
3,31,2,20,2.2,0,0,0
3,31,2,30,2.1,0,0,0
3,31,2,40,2,0,0,0
3,31,2,50,1.8,0,0,0
3,31,3,0,1.7000000000000002,0,0,0
3,31,3,10,1.6,0,0,0
3,31,3,20,1.5,0,0,0
3,31,3,30,1.4000000000000001,0,0,0
3,31,3,40,1.3,0,0,0
3,31,3,50,1.2000000000000002,0,0,0
3,31,4,0,1.1,0,0,0
3,31,4,10,1,0,0,0
3,31,4,20,0.9,0,0,0
3,31,4,30,0.9,0,0,0
3,31,4,40,0.8,0,0,0
3,31,4,50,0.7000000000000001,0,0,0
3,31,5,0,0.7000000000000001,0,0,0
3,31,5,10,1,0,0,0
3,31,5,20,1.3,0,0,0
3,31,5,30,1.7000000000000002,0,0,0
3,31,5,40,2,0,0,0
3,31,5,50,2.3000000000000003,0,0,0
3,31,6,0,2.6,268,15,26
3,31,6,10,3.2,387,22,50
3,31,6,20,3.7,482,27,78
3,31,6,30,4.3,559,32,110
3,31,6,40,4.800000000000001,626,36,144
3,31,6,50,5.4,677,40,178
3,31,7,0,5.9,720,43,214
3,31,7,10,6.6000000000000005,757,46,250
3,31,7,20,7.300000000000001,788,49,286
3,31,7,30,8,815,51,322
3,31,7,40,8.700000000000001,841,53,358
3,31,7,50,9.4,862,55,394
3,31,8,0,10,880,57,429
3,31,8,10,10.600000000000001,896,59,464
3,31,8,20,11.100000000000001,911,61,498
3,31,8,30,11.600000000000001,924,62,531
3,31,8,40,12.200000000000001,937,63,563
3,31,8,50,12.700000000000001,948,64,594
3,31,9,0,13.200000000000001,958,66,624
3,31,9,10,13.600000000000001,966,67,653
3,31,9,20,13.9,974,68,681
3,31,9,30,14.3,981,69,708
3,31,9,40,14.700000000000001,990,69,733
3,31,9,50,15,996,70,757
3,31,10,0,15.4,1001,70,779
3,31,10,10,15.600000000000001,1006,71,800
3,31,10,20,15.8,1010,72,819
3,31,10,30,16,1014,72,836
3,31,10,40,16.3,1009,77,851
3,31,10,50,16.5,1012,78,865
3,31,11,0,16.7,1015,78,877
3,31,11,10,16.8,1017,79,888
3,31,11,20,17,1018,79,897
3,31,11,30,17.1,1020,79,904
3,31,11,40,17.3,1022,78,910
3,31,11,50,17.400000000000002,1018,78,909
3,31,12,0,17.5,1018,78,910
3,31,12,10,17.6,1018,79,911
3,31,12,20,17.7,1018,79,909
3,31,12,30,17.7,1017,79,905
3,31,12,40,17.8,1019,76,900
3,31,12,50,17.8,1018,76,892
3,31,13,0,17.900000000000002,1016,76,883
3,31,13,10,17.900000000000002,527,299,714
3,31,13,20,17.900000000000002,554,284,714
3,31,13,30,17.900000000000002,244,451,637
3,31,13,40,17.900000000000002,17,290,303
3,31,13,50,17.900000000000002,501,263,632
3,31,14,0,17.900000000000002,490,338,692
3,31,14,10,17.900000000000002,706,186,683
3,31,14,20,17.8,234,311,472
3,31,14,30,17.7,110,309,383
3,31,14,40,17.7,309,286,486
3,31,14,50,17.6,487,221,525
3,31,15,0,17.6,268,274,436
3,31,15,10,17.400000000000002,433,212,463
3,31,15,20,17.2,592,167,495
3,31,15,30,17,520,174,449
3,31,15,40,16.900000000000002,53,234,260
3,31,15,50,16.7,34,203,219
3,31,16,0,16.5,171,235,311
3,31,16,10,16.1,83,216,251
3,31,16,20,15.700000000000001,0,54,54
3,31,16,30,15.200000000000001,95,192,226
3,31,16,40,14.8,29,152,162
3,31,16,50,14.4,8,139,142
3,31,17,0,13.9,739,45,239
3,31,17,10,13.3,702,42,204
3,31,17,20,12.600000000000001,659,38,169
3,31,17,30,11.9,607,35,135
3,31,17,40,11.3,120,70,86
3,31,17,50,10.600000000000001,66,53,60
3,31,18,0,9.9,12,34,34
3,31,18,10,9.700000000000001,4,17,17
3,31,18,20,9.4,0,0,0
3,31,18,30,9.1,0,0,0
3,31,18,40,8.8,0,0,0
3,31,18,50,8.5,0,0,0
3,31,19,0,8.200000000000001,0,0,0
3,31,19,10,7.9,0,0,0
3,31,19,20,7.6000000000000005,0,0,0
3,31,19,30,7.300000000000001,0,0,0
3,31,19,40,7,0,0,0
3,31,19,50,6.7,0,0,0
3,31,20,0,6.4,0,0,0
3,31,20,10,6.2,0,0,0
3,31,20,20,6,0,0,0
3,31,20,30,5.800000000000001,0,0,0
3,31,20,40,5.5,0,0,0
3,31,20,50,5.300000000000001,0,0,0
3,31,21,0,5.1000000000000005,0,0,0
3,31,21,10,5,0,0,0
3,31,21,20,4.9,0,0,0
3,31,21,30,4.800000000000001,0,0,0
3,31,21,40,4.7,0,0,0
3,31,21,50,4.7,0,0,0
3,31,22,0,4.6000000000000005,0,0,0
3,31,22,10,4.5,0,0,0
3,31,22,20,4.4,0,0,0
3,31,22,30,4.3,0,0,0
3,31,22,40,4.2,0,0,0
3,31,22,50,4.1000000000000005,0,0,0
3,31,23,0,4.1000000000000005,0,0,0
3,31,23,10,4,0,0,0
3,31,23,20,3.8000000000000003,0,0,0
3,31,23,30,3.7,0,0,0
3,31,23,40,3.6,0,0,0
3,31,23,50,3.5,0,0,0
4,1,0,0,3.4000000000000004,0,0,0
4,1,0,10,3.3000000000000003,0,0,0
4,1,0,20,3.2,0,0,0
4,1,0,30,3.1,0,0,0
4,1,0,40,3,0,0,0
4,1,0,50,2.9000000000000004,0,0,0
4,1,1,0,2.8000000000000003,0,0,0
4,1,1,10,2.7,0,0,0
4,1,1,20,2.6,0,0,0
4,1,1,30,2.5,0,0,0
4,1,1,40,2.4000000000000004,0,0,0
4,1,1,50,2.3000000000000003,0,0,0
4,1,2,0,2.2,0,0,0
4,1,2,10,2,0,0,0
4,1,2,20,1.9000000000000001,0,0,0
4,1,2,30,1.8,0,0,0
4,1,2,40,1.7000000000000002,0,0,0
4,1,2,50,1.6,0,0,0
4,1,3,0,1.5,0,0,0
4,1,3,10,1.4000000000000001,0,0,0
4,1,3,20,1.3,0,0,0
4,1,3,30,1.2000000000000002,0,0,0
4,1,3,40,1.1,0,0,0
4,1,3,50,1,0,0,0
4,1,4,0,0.9,0,0,0
4,1,4,10,0.9,0,0,0
4,1,4,20,0.8,0,0,0
4,1,4,30,0.7000000000000001,0,0,0
4,1,4,40,0.7000000000000001,0,0,0
4,1,4,50,0.6000000000000001,0,0,0
4,1,5,0,0.6000000000000001,0,0,0
4,1,5,10,0.8,0,0,0
4,1,5,20,1.1,0,0,0
4,1,5,30,1.4000000000000001,0,0,0
4,1,5,40,1.7000000000000002,0,0,0
4,1,5,50,1.9000000000000001,0,0,0
4,1,6,0,2.2,0,13,13
4,1,6,10,2.6,260,29,49
4,1,6,20,3,2,51,51
4,1,6,30,3.4000000000000004,1,60,60
4,1,6,40,3.8000000000000003,0,43,43
4,1,6,50,4.2,0,63,63
4,1,7,0,4.6000000000000005,1,75,75
4,1,7,10,5,1,95,95
4,1,7,20,5.4,2,120,120
4,1,7,30,5.800000000000001,21,140,147
4,1,7,40,6.1000000000000005,798,64,357
4,1,7,50,6.5,821,67,393
4,1,8,0,6.9,116,219,268
4,1,8,10,7.2,858,71,463
4,1,8,20,7.4,874,73,496
4,1,8,30,7.7,14,241,248
4,1,8,40,7.9,0,170,170
4,1,8,50,8.200000000000001,924,74,595
4,1,9,0,8.5,934,76,625
4,1,9,10,8.700000000000001,943,77,654
4,1,9,20,8.9,952,78,681
4,1,9,30,9.200000000000001,959,79,708
4,1,9,40,9.4,971,78,734
4,1,9,50,9.600000000000001,977,79,758
4,1,10,0,9.8,983,80,780
4,1,10,10,10,272,348,547
4,1,10,20,10.200000000000001,562,269,687
4,1,10,30,10.4,996,82,837
4,1,10,40,10.600000000000001,1004,80,854
4,1,10,50,10.8,1007,81,868
4,1,11,0,11,812,143,786
4,1,11,10,11,68,387,441
4,1,11,20,11.100000000000001,577,285,751
4,1,11,30,11.100000000000001,497,297,702
4,1,11,40,11.200000000000001,850,141,835
4,1,11,50,11.200000000000001,485,316,713
4,1,12,0,11.3,601,255,748
4,1,12,10,11.200000000000001,80,406,472
4,1,12,20,11.100000000000001,15,333,346
4,1,12,30,10.9,8,290,296
4,1,12,40,10.8,18,338,352
4,1,12,50,10.700000000000001,48,384,422
4,1,13,0,10.600000000000001,7,273,279
4,1,13,10,10.5,10,296,304
4,1,13,20,10.3,8,276,282
4,1,13,30,10.100000000000001,11,293,301
4,1,13,40,10,185,386,525
4,1,13,50,9.8,5,234,238
4,1,14,0,9.700000000000001,14,285,295
4,1,14,10,9.5,6,227,231
4,1,14,20,9.3,305,336,546
4,1,14,30,9.1,306,328,533
4,1,14,40,8.9,36,301,325
4,1,14,50,8.700000000000001,146,314,406
4,1,15,0,8.5,153,302,395
4,1,15,10,8.3,89,269,321
4,1,15,20,8.1,150,281,365
4,1,15,30,7.800000000000001,218,282,398
4,1,15,40,7.6000000000000005,298,255,406
4,1,15,50,7.4,280,234,368
4,1,16,0,7.2,56,222,248
4,1,16,10,6.9,35,194,209
4,1,16,20,6.6000000000000005,36,182,196
4,1,16,30,6.300000000000001,16,146,152
4,1,16,40,6,27,150,159
4,1,16,50,5.7,4,83,84
4,1,17,0,5.5,0,4,4
4,1,17,10,5.2,0,17,17
4,1,17,20,4.9,0,3,3
4,1,17,30,4.6000000000000005,0,3,3
4,1,17,40,4.4,0,11,11
4,1,17,50,4.1000000000000005,59,57,63
4,1,18,0,3.8000000000000003,236,26,43
4,1,18,10,3.7,134,17,22
4,1,18,20,3.5,0,0,0
4,1,18,30,3.4000000000000004,0,0,0
4,1,18,40,3.2,0,0,0
4,1,18,50,3,0,0,0
4,1,19,0,2.9000000000000004,0,0,0
4,1,19,10,2.8000000000000003,0,0,0
4,1,19,20,2.6,0,0,0
4,1,19,30,2.5,0,0,0
4,1,19,40,2.3000000000000003,0,0,0
4,1,19,50,2.2,0,0,0
4,1,20,0,2.1,0,0,0
4,1,20,10,1.9000000000000001,0,0,0
4,1,20,20,1.8,0,0,0
4,1,20,30,1.7000000000000002,0,0,0
4,1,20,40,1.6,0,0,0
4,1,20,50,1.5,0,0,0
4,1,21,0,1.3,0,0,0
4,1,21,10,1.2000000000000002,0,0,0
4,1,21,20,1,0,0,0
4,1,21,30,0.9,0,0,0
4,1,21,40,0.7000000000000001,0,0,0
4,1,21,50,0.6000000000000001,0,0,0
4,1,22,0,0.4,0,0,0
4,1,22,10,0.30000000000000004,0,0,0
4,1,22,20,0.1,0,0,0
4,1,22,30,0,0,0,0
4,1,22,40,-0.2,0,0,0
4,1,22,50,-0.3,0,0,0
4,1,23,0,-0.5,0,0,0
4,1,23,10,-0.6,0,0,0
4,1,23,20,-0.7,0,0,0
4,1,23,30,-0.8,0,0,0
4,1,23,40,-0.9,0,0,0
4,1,23,50,-1,0,0,0
4,2,0,0,-1,0,0,0
4,2,0,10,-1.1,0,0,0
4,2,0,20,-1.1,0,0,0
4,2,0,30,-1.2,0,0,0
4,2,0,40,-1.2,0,0,0
4,2,0,50,-1.3,0,0,0
4,2,1,0,-1.3,0,0,0
4,2,1,10,-1.3,0,0,0
4,2,1,20,-1.2,0,0,0
4,2,1,30,-1.2,0,0,0
4,2,1,40,-1.2,0,0,0
4,2,1,50,-1.1,0,0,0
4,2,2,0,-1.1,0,0,0
4,2,2,10,-1,0,0,0
4,2,2,20,-1,0,0,0
4,2,2,30,-1,0,0,0
4,2,2,40,-0.9,0,0,0
4,2,2,50,-0.9,0,0,0
4,2,3,0,-0.9,0,0,0
4,2,3,10,-0.8,0,0,0
4,2,3,20,-0.8,0,0,0
4,2,3,30,-0.8,0,0,0
4,2,3,40,-0.8,0,0,0
4,2,3,50,-0.7,0,0,0
4,2,4,0,-0.7,0,0,0
4,2,4,10,-0.7,0,0,0
4,2,4,20,-0.8,0,0,0
4,2,4,30,-0.8,0,0,0
4,2,4,40,-0.9,0,0,0
4,2,4,50,-0.9,0,0,0
4,2,5,0,-1,0,0,0
4,2,5,10,-0.7,0,0,0
4,2,5,20,-0.5,0,0,0
4,2,5,30,-0.2,0,0,0
4,2,5,40,0,0,0,0
4,2,5,50,0.30000000000000004,142,11,14
4,2,6,0,0.5,283,19,33
4,2,6,10,1,399,26,59
4,2,6,20,1.5,491,32,89
4,2,6,30,2,566,38,122
4,2,6,40,2.5,635,42,157
4,2,6,50,3.1,685,46,193
4,2,7,0,3.6,727,49,229
4,2,7,10,3.9000000000000004,764,53,266
4,2,7,20,4.3,795,56,302
4,2,7,30,4.7,822,58,339
4,2,7,40,5.1000000000000005,848,60,376
4,2,7,50,5.4,869,63,413
4,2,8,0,5.800000000000001,887,65,448
4,2,8,10,6.1000000000000005,895,67,479
4,2,8,20,6.4,909,68,513
4,2,8,30,6.7,923,70,547
4,2,8,40,7,936,71,579
4,2,8,50,7.4,947,73,611
4,2,9,0,7.7,957,74,641
4,2,9,10,8,966,75,670
4,2,9,20,8.3,974,77,698
4,2,9,30,8.6,981,78,725
4,2,9,40,8.9,987,79,750
4,2,9,50,9.200000000000001,993,80,774
4,2,10,0,9.5,999,80,796
4,2,10,10,9.8,1004,81,817
4,2,10,20,10.100000000000001,1008,82,836
4,2,10,30,10.3,1012,83,854
4,2,10,40,10.600000000000001,1016,82,870
4,2,10,50,10.9,1012,83,879
4,2,11,0,11.200000000000001,1015,83,891
4,2,11,10,11.5,1017,83,902
4,2,11,20,11.700000000000001,1019,84,911
4,2,11,30,12,1020,84,918
4,2,11,40,12.200000000000001,1029,79,924
4,2,11,50,12.5,1030,79,928
4,2,12,0,12.8,1030,79,929
4,2,12,10,13,1030,79,929
4,2,12,20,13.200000000000001,1029,79,927
4,2,12,30,13.4,1029,79,923
4,2,12,40,13.600000000000001,1028,79,917
4,2,12,50,13.8,1026,79,910
4,2,13,0,14,1025,78,900
4,2,13,10,14.100000000000001,1023,78,889
4,2,13,20,14.3,1020,78,876
4,2,13,30,14.4,1011,77,857
4,2,13,40,14.5,967,98,831
4,2,13,50,14.700000000000001,963,97,814
4,2,14,0,14.8,958,97,794
4,2,14,10,14.8,952,96,773
4,2,14,20,14.8,946,94,750
4,2,14,30,14.8,939,93,726
4,2,14,40,14.700000000000001,931,92,701
4,2,14,50,14.700000000000001,922,91,674
4,2,15,0,14.700000000000001,913,90,646
4,2,15,10,14.600000000000001,903,88,616
4,2,15,20,14.4,892,86,586
4,2,15,30,14.200000000000001,879,84,555
4,2,15,40,14.100000000000001,866,82,522
4,2,15,50,13.9,850,80,489
4,2,16,0,13.8,833,78,455
4,2,16,10,13.4,814,75,420
4,2,16,20,13,793,73,385
4,2,16,30,12.600000000000001,769,70,350
4,2,16,40,12.200000000000001,736,68,313
4,2,16,50,11.8,704,65,277
4,2,17,0,11.4,668,61,241
4,2,17,10,10.700000000000001,626,57,205
4,2,17,20,10,577,52,170
4,2,17,30,9.200000000000001,519,47,137
4,2,17,40,8.5,448,41,104
4,2,17,50,7.7,365,35,74
4,2,18,0,7,265,27,47
4,2,18,10,6.800000000000001,149,18,24
4,2,18,20,6.5,0,0,0
4,2,18,30,6.300000000000001,0,0,0
4,2,18,40,6.1000000000000005,0,0,0
4,2,18,50,5.9,0,0,0
4,2,19,0,5.6000000000000005,0,0,0
4,2,19,10,5.5,0,0,0
4,2,19,20,5.4,0,0,0
4,2,19,30,5.300000000000001,0,0,0
4,2,19,40,5.2,0,0,0
4,2,19,50,5.1000000000000005,0,0,0
4,2,20,0,4.9,0,0,0
4,2,20,10,4.9,0,0,0
4,2,20,20,4.800000000000001,0,0,0
4,2,20,30,4.7,0,0,0
4,2,20,40,4.6000000000000005,0,0,0
4,2,20,50,4.5,0,0,0
4,2,21,0,4.4,0,0,0
4,2,21,10,4.4,0,0,0
4,2,21,20,4.3,0,0,0
4,2,21,30,4.3,0,0,0
4,2,21,40,4.2,0,0,0
4,2,21,50,4.2,0,0,0
4,2,22,0,4.1000000000000005,0,0,0
4,2,22,10,4.1000000000000005,0,0,0
4,2,22,20,4,0,0,0
4,2,22,30,4,0,0,0
4,2,22,40,4,0,0,0
4,2,22,50,3.9000000000000004,0,0,0
4,2,23,0,3.9000000000000004,0,0,0
4,2,23,10,3.8000000000000003,0,0,0
4,2,23,20,3.7,0,0,0
4,2,23,30,3.7,0,0,0
4,2,23,40,3.6,0,0,0
4,2,23,50,3.5,0,0,0
4,3,0,0,3.5,0,0,0
4,3,0,10,3.4000000000000004,0,0,0
4,3,0,20,3.3000000000000003,0,0,0
4,3,0,30,3.2,0,0,0
4,3,0,40,3.1,0,0,0
4,3,0,50,3,0,0,0
4,3,1,0,2.9000000000000004,0,0,0
4,3,1,10,2.8000000000000003,0,0,0
4,3,1,20,2.8000000000000003,0,0,0
4,3,1,30,2.7,0,0,0
4,3,1,40,2.7,0,0,0
4,3,1,50,2.6,0,0,0
4,3,2,0,2.6,0,0,0
4,3,2,10,2.6,0,0,0
4,3,2,20,2.6,0,0,0
4,3,2,30,2.6,0,0,0
4,3,2,40,2.6,0,0,0
4,3,2,50,2.6,0,0,0
4,3,3,0,2.6,0,0,0
4,3,3,10,2.6,0,0,0
4,3,3,20,2.6,0,0,0
4,3,3,30,2.6,0,0,0
4,3,3,40,2.6,0,0,0
4,3,3,50,2.6,0,0,0
4,3,4,0,2.6,0,0,0
4,3,4,10,2.7,0,0,0
4,3,4,20,2.7,0,0,0
4,3,4,30,2.7,0,0,0
4,3,4,40,2.8000000000000003,0,0,0
4,3,4,50,2.8000000000000003,0,0,0
4,3,5,0,2.9000000000000004,0,0,0
4,3,5,10,3.3000000000000003,0,0,0
4,3,5,20,3.7,0,0,0
4,3,5,30,4.2,0,0,0
4,3,5,40,4.6000000000000005,0,0,0
4,3,5,50,5.1000000000000005,163,12,16
4,3,6,0,5.5,289,19,36
4,3,6,10,6.1000000000000005,395,26,61
4,3,6,20,6.7,480,32,90
4,3,6,30,7.300000000000001,550,38,122
4,3,6,40,8,606,42,155
4,3,6,50,8.6,655,46,190
4,3,7,0,9.200000000000001,696,50,225
4,3,7,10,9.9,732,53,261
4,3,7,20,10.600000000000001,762,56,297
4,3,7,30,11.200000000000001,789,59,333
4,3,7,40,11.9,810,62,368
4,3,7,50,12.600000000000001,831,65,403
4,3,8,0,13.3,849,67,438
4,3,8,10,13.700000000000001,866,69,472
4,3,8,20,14.100000000000001,881,71,506
4,3,8,30,14.5,895,72,539
4,3,8,40,14.9,905,75,570
4,3,8,50,15.3,916,76,601
4,3,9,0,15.700000000000001,926,78,631
4,3,9,10,16,935,79,659
4,3,9,20,16.3,943,80,687
4,3,9,30,16.5,950,81,713
4,3,9,40,16.8,955,84,737
4,3,9,50,17.1,961,85,760
4,3,10,0,17.3,966,85,782
4,3,10,10,17.5,971,86,803
4,3,10,20,17.7,976,87,822
4,3,10,30,17.900000000000002,980,88,839
4,3,10,40,18.1,994,83,857
4,3,10,50,18.3,473,384,759
4,3,11,0,18.5,999,83,883
4,3,11,10,18.7,303,463,708
4,3,11,20,18.8,199,487,649
4,3,11,30,18.900000000000002,1004,85,909
4,3,11,40,19.1,1003,86,914
4,3,11,50,19.200000000000003,531,382,821
4,3,12,0,19.3,352,458,749
4,3,12,10,19.400000000000002,611,346,852
4,3,12,20,19.5,1003,86,916
4,3,12,30,19.5,1002,86,912
4,3,12,40,19.6,297,472,715
4,3,12,50,19.700000000000003,295,468,709
4,3,13,0,19.700000000000003,993,88,888
4,3,13,10,19.700000000000003,132,459,564
4,3,13,20,19.700000000000003,377,422,718
4,3,13,30,19.700000000000003,985,87,850
4,3,13,40,19.700000000000003,976,89,833
4,3,13,50,19.700000000000003,64,405,453
4,3,14,0,19.700000000000003,2,299,300
4,3,14,10,19.6,147,429,534
4,3,14,20,19.5,548,257,639
4,3,14,30,19.5,284,384,576
4,3,14,40,19.400000000000002,301,365,563
4,3,14,50,19.3,272,360,532
4,3,15,0,19.200000000000003,355,321,538
4,3,15,10,19.1,272,329,489
4,3,15,20,18.900000000000002,391,282,502
4,3,15,30,18.8,425,260,488
4,3,15,40,18.6,318,268,430
4,3,15,50,18.5,180,281,369
4,3,16,0,18.3,83,270,308
4,3,16,10,17.900000000000002,75,252,283
4,3,16,20,17.400000000000002,25,211,221
4,3,16,30,17,0,95,95
4,3,16,40,16.5,63,196,217
4,3,16,50,16.1,58,177,194
4,3,17,0,15.600000000000001,76,157,178
4,3,17,10,15,208,125,175
4,3,17,20,14.4,31,116,122
4,3,17,30,13.8,24,95,100
4,3,17,40,13.200000000000001,0,14,14
4,3,17,50,12.600000000000001,0,10,10
4,3,18,0,12,387,23,53
4,3,18,10,11.8,274,16,29
4,3,18,20,11.5,0,0,0
4,3,18,30,11.3,0,0,0
4,3,18,40,11,0,0,0
4,3,18,50,10.8,0,0,0
4,3,19,0,10.5,0,0,0
4,3,19,10,10.3,0,0,0
4,3,19,20,10.100000000000001,0,0,0
4,3,19,30,9.9,0,0,0
4,3,19,40,9.700000000000001,0,0,0
4,3,19,50,9.4,0,0,0
4,3,20,0,9.200000000000001,0,0,0
4,3,20,10,9,0,0,0
4,3,20,20,8.9,0,0,0
4,3,20,30,8.700000000000001,0,0,0
4,3,20,40,8.5,0,0,0
4,3,20,50,8.3,0,0,0
4,3,21,0,8.1,0,0,0
4,3,21,10,8,0,0,0
4,3,21,20,7.9,0,0,0
4,3,21,30,7.7,0,0,0
4,3,21,40,7.6000000000000005,0,0,0
4,3,21,50,7.4,0,0,0
4,3,22,0,7.300000000000001,0,0,0
4,3,22,10,7.300000000000001,0,0,0
4,3,22,20,7.2,0,0,0
4,3,22,30,7.2,0,0,0
4,3,22,40,7.2,0,0,0
4,3,22,50,7.1000000000000005,0,0,0
4,3,23,0,7.1000000000000005,0,0,0
4,3,23,10,7.1000000000000005,0,0,0
4,3,23,20,7.1000000000000005,0,0,0
4,3,23,30,7,0,0,0
4,3,23,40,7,0,0,0
4,3,23,50,7,0,0,0
4,4,0,0,7,0,0,0
4,4,0,10,7,0,0,0
4,4,0,20,7,0,0,0
4,4,0,30,7,0,0,0
4,4,0,40,7,0,0,0
4,4,0,50,7,0,0,0
4,4,1,0,7,0,0,0
4,4,1,10,6.9,0,0,0
4,4,1,20,6.800000000000001,0,0,0
4,4,1,30,6.7,0,0,0
4,4,1,40,6.6000000000000005,0,0,0
4,4,1,50,6.5,0,0,0
4,4,2,0,6.4,0,0,0
4,4,2,10,6.300000000000001,0,0,0
4,4,2,20,6.2,0,0,0
4,4,2,30,6,0,0,0
4,4,2,40,5.9,0,0,0
4,4,2,50,5.7,0,0,0
4,4,3,0,5.6000000000000005,0,0,0
4,4,3,10,5.4,0,0,0
4,4,3,20,5.2,0,0,0
4,4,3,30,5,0,0,0
4,4,3,40,4.800000000000001,0,0,0
4,4,3,50,4.6000000000000005,0,0,0
4,4,4,0,4.4,0,0,0
4,4,4,10,4.2,0,0,0
4,4,4,20,4.1000000000000005,0,0,0
4,4,4,30,3.9000000000000004,0,0,0
4,4,4,40,3.7,0,0,0
4,4,4,50,3.6,0,0,0
4,4,5,0,3.4000000000000004,0,0,0
4,4,5,10,3.9000000000000004,0,0,0
4,4,5,20,4.4,0,0,0
4,4,5,30,4.800000000000001,0,0,0
4,4,5,40,5.300000000000001,0,0,0
4,4,5,50,5.7,198,13,19
4,4,6,0,6.2,328,20,40
4,4,6,10,7.1000000000000005,433,27,67
4,4,6,20,7.9,517,32,98
4,4,6,30,8.8,586,37,131
4,4,6,40,9.700000000000001,656,41,167
4,4,6,50,10.5,703,45,203
4,4,7,0,11.4,742,48,239
4,4,7,10,12.100000000000001,776,51,276
4,4,7,20,12.8,806,54,312
4,4,7,30,13.5,831,57,349
4,4,7,40,14.3,856,59,386
4,4,7,50,15,875,61,422
4,4,8,0,15.700000000000001,893,63,457
4,4,8,10,16.2,908,65,492
4,4,8,20,16.7,922,66,526
4,4,8,30,17.1,935,68,560
4,4,8,40,17.6,945,70,592
4,4,8,50,18.1,956,71,623
4,4,9,0,18.5,965,73,653
4,4,9,10,18.8,973,74,682
4,4,9,20,19.1,981,75,710
4,4,9,30,19.400000000000002,988,76,737
4,4,9,40,19.700000000000003,991,79,761
4,4,9,50,20,997,80,785
4,4,10,0,20.200000000000003,1002,81,807
4,4,10,10,20.400000000000002,1006,81,827
4,4,10,20,20.700000000000003,1011,82,847
4,4,10,30,20.900000000000002,1014,82,864
4,4,10,40,21.1,1027,78,882
4,4,10,50,21.3,1030,78,896
4,4,11,0,21.5,1032,78,908
4,4,11,10,21.700000000000003,1034,79,919
4,4,11,20,21.8,1036,79,927
4,4,11,30,22,1037,79,934
4,4,11,40,22.1,1041,77,940
4,4,11,50,22.3,1042,77,943
4,4,12,0,22.400000000000002,1042,77,945
4,4,12,10,22.5,1042,77,944
4,4,12,20,22.6,1042,77,942
4,4,12,30,22.700000000000003,1041,77,938
4,4,12,40,22.700000000000003,1034,76,926
4,4,12,50,22.8,1033,76,919
4,4,13,0,22.900000000000002,1031,75,909
4,4,13,10,22.900000000000002,1029,75,898
4,4,13,20,22.900000000000002,1026,75,886
4,4,13,30,23,1024,75,871
4,4,13,40,23,986,92,846
4,4,13,50,23,982,92,829
4,4,14,0,23,977,92,810
4,4,14,10,23,972,91,788
4,4,14,20,22.900000000000002,966,90,766
4,4,14,30,22.900000000000002,404,358,633
4,4,14,40,22.8,950,88,715
4,4,14,50,22.8,685,200,637
4,4,15,0,22.700000000000003,665,193,603
4,4,15,10,22.5,676,183,584
4,4,15,20,22.400000000000002,556,193,508
4,4,15,30,22.200000000000003,601,183,508
4,4,15,40,22.1,631,177,502
4,4,15,50,21.900000000000002,878,76,503
4,4,16,0,21.8,379,231,405
4,4,16,10,21.200000000000003,844,71,434
4,4,16,20,20.700000000000003,478,151,343
4,4,16,30,20.1,795,66,360
4,4,16,40,19.6,776,62,325
4,4,16,50,19.1,747,59,289
4,4,17,0,18.5,714,56,253
4,4,17,10,17.8,676,52,217
4,4,17,20,17.1,631,48,181
4,4,17,30,16.400000000000002,270,90,138
4,4,17,40,15.700000000000001,145,77,98
4,4,17,50,14.9,50,63,68
4,4,18,0,14.200000000000001,21,43,44
4,4,18,10,13.9,43,27,29
4,4,18,20,13.5,0,0,0
4,4,18,30,13.200000000000001,0,0,0
4,4,18,40,12.8,0,0,0
4,4,18,50,12.5,0,0,0
4,4,19,0,12.100000000000001,0,0,0
4,4,19,10,11.9,0,0,0
4,4,19,20,11.700000000000001,0,0,0
4,4,19,30,11.5,0,0,0
4,4,19,40,11.3,0,0,0
4,4,19,50,11.100000000000001,0,0,0
4,4,20,0,10.8,0,0,0
4,4,20,10,10.600000000000001,0,0,0
4,4,20,20,10.4,0,0,0
4,4,20,30,10.200000000000001,0,0,0
4,4,20,40,10,0,0,0
4,4,20,50,9.8,0,0,0
4,4,21,0,9.600000000000001,0,0,0
4,4,21,10,9.4,0,0,0
4,4,21,20,9.3,0,0,0
4,4,21,30,9.1,0,0,0
4,4,21,40,8.9,0,0,0
4,4,21,50,8.8,0,0,0
4,4,22,0,8.6,0,0,0
4,4,22,10,8.4,0,0,0
4,4,22,20,8.3,0,0,0
4,4,22,30,8.1,0,0,0
4,4,22,40,8,0,0,0
4,4,22,50,7.800000000000001,0,0,0
4,4,23,0,7.7,0,0,0
4,4,23,10,7.6000000000000005,0,0,0
4,4,23,20,7.5,0,0,0
4,4,23,30,7.4,0,0,0
4,4,23,40,7.4,0,0,0
4,4,23,50,7.300000000000001,0,0,0
4,5,0,0,7.2,0,0,0
4,5,0,10,7.2,0,0,0
4,5,0,20,7.300000000000001,0,0,0
4,5,0,30,7.300000000000001,0,0,0
4,5,0,40,7.4,0,0,0
4,5,0,50,7.4,0,0,0
4,5,1,0,7.5,0,0,0
4,5,1,10,7.5,0,0,0
4,5,1,20,7.5,0,0,0
4,5,1,30,7.5,0,0,0
4,5,1,40,7.6000000000000005,0,0,0
4,5,1,50,7.6000000000000005,0,0,0
4,5,2,0,7.6000000000000005,0,0,0
4,5,2,10,7.6000000000000005,0,0,0
4,5,2,20,7.6000000000000005,0,0,0
4,5,2,30,7.6000000000000005,0,0,0
4,5,2,40,7.6000000000000005,0,0,0
4,5,2,50,7.6000000000000005,0,0,0
4,5,3,0,7.6000000000000005,0,0,0
4,5,3,10,7.5,0,0,0
4,5,3,20,7.5,0,0,0
4,5,3,30,7.4,0,0,0
4,5,3,40,7.4,0,0,0
4,5,3,50,7.300000000000001,0,0,0
4,5,4,0,7.300000000000001,0,0,0
4,5,4,10,7.2,0,0,0
4,5,4,20,7.1000000000000005,0,0,0
4,5,4,30,7,0,0,0
4,5,4,40,6.9,0,0,0
4,5,4,50,6.800000000000001,0,0,0
4,5,5,0,6.800000000000001,0,0,0
4,5,5,10,7,0,0,0
4,5,5,20,7.300000000000001,0,0,0
4,5,5,30,7.6000000000000005,0,0,0
4,5,5,40,7.9,0,0,0
4,5,5,50,8.200000000000001,2,16,17
4,5,6,0,8.4,14,35,36
4,5,6,10,8.9,28,53,55
4,5,6,20,9.4,43,70,75
4,5,6,30,9.9,0,30,30
4,5,6,40,10.4,0,6,6
4,5,6,50,10.9,0,18,18
4,5,7,0,11.4,0,16,16
4,5,7,10,12.100000000000001,0,23,23
4,5,7,20,12.8,0,38,38
4,5,7,30,13.5,1,61,61
4,5,7,40,14.200000000000001,14,131,137
4,5,7,50,14.9,13,138,144
4,5,8,0,15.600000000000001,132,233,292
4,5,8,10,16.2,89,240,283
4,5,8,20,16.8,17,198,207
4,5,8,30,17.400000000000002,39,251,271
4,5,8,40,18,38,248,269
4,5,8,50,18.6,224,291,421
4,5,9,0,19.200000000000003,142,311,397
4,5,9,10,19.400000000000002,76,319,367
4,5,9,20,19.700000000000003,387,302,555
4,5,9,30,19.900000000000002,415,296,575
4,5,9,40,20.1,636,201,642
4,5,9,50,20.400000000000002,576,248,658
4,5,10,0,20.6,515,292,667
4,5,10,10,20.8,532,276,672
4,5,10,20,20.900000000000002,296,366,591
4,5,10,30,21.1,548,284,709
4,5,10,40,21.200000000000003,574,260,712
4,5,10,50,21.400000000000002,559,297,743
4,5,11,0,21.5,458,324,694
4,5,11,10,21.6,121,417,515
4,5,11,20,21.700000000000003,449,328,698
4,5,11,30,21.8,505,335,753
4,5,11,40,21.900000000000002,651,264,806
4,5,11,50,22,989,99,925
4,5,12,0,22.1,990,99,927
4,5,12,10,22.200000000000003,990,99,926
4,5,12,20,22.200000000000003,989,99,924
4,5,12,30,22.3,486,340,745
4,5,12,40,22.3,990,96,914
4,5,12,50,22.400000000000002,989,96,907
4,5,13,0,22.5,987,96,897
4,5,13,10,22.5,984,95,886
4,5,13,20,22.5,981,95,873
4,5,13,30,22.5,978,93,858
4,5,13,40,22.5,978,91,842
4,5,13,50,22.6,973,90,824
4,5,14,0,22.6,969,90,805
4,5,14,10,22.5,963,89,783
4,5,14,20,22.400000000000002,391,368,643
4,5,14,30,22.400000000000002,372,363,617
4,5,14,40,22.3,943,85,711
4,5,14,50,22.200000000000003,936,84,684
4,5,15,0,22.1,927,82,656
4,5,15,10,22,917,81,627
4,5,15,20,21.8,907,79,596
4,5,15,30,21.6,901,78,568
4,5,15,40,21.400000000000002,891,75,536
4,5,15,50,21.200000000000003,876,73,503
4,5,16,0,21.1,861,71,469
4,5,16,10,20.700000000000003,843,69,434
4,5,16,20,20.200000000000003,411,193,359
4,5,16,30,19.8,802,64,363
4,5,16,40,19.400000000000002,783,60,328
4,5,16,50,19,754,57,292
4,5,17,0,18.6,168,154,201
4,5,17,10,17.8,685,51,220
4,5,17,20,17,641,47,184
4,5,17,30,16.2,589,43,150
4,5,17,40,15.4,524,38,116
4,5,17,50,14.600000000000001,449,33,85
4,5,18,0,13.8,358,26,56
4,5,18,10,13.600000000000001,245,19,31
4,5,18,20,13.4,115,11,13
4,5,18,30,13.100000000000001,0,0,0
4,5,18,40,12.9,0,0,0
4,5,18,50,12.600000000000001,0,0,0
4,5,19,0,12.4,0,0,0
4,5,19,10,12.4,0,0,0
4,5,19,20,12.3,0,0,0
4,5,19,30,12.3,0,0,0
4,5,19,40,12.200000000000001,0,0,0
4,5,19,50,12.200000000000001,0,0,0
4,5,20,0,12.200000000000001,0,0,0
4,5,20,10,12.100000000000001,0,0,0
4,5,20,20,12,0,0,0
4,5,20,30,12,0,0,0
4,5,20,40,11.9,0,0,0
4,5,20,50,11.8,0,0,0
4,5,21,0,11.700000000000001,0,0,0
4,5,21,10,11.700000000000001,0,0,0
4,5,21,20,11.600000000000001,0,0,0
4,5,21,30,11.600000000000001,0,0,0
4,5,21,40,11.5,0,0,0
4,5,21,50,11.4,0,0,0
4,5,22,0,11.4,0,0,0
4,5,22,10,11.3,0,0,0
4,5,22,20,11.200000000000001,0,0,0
4,5,22,30,11.200000000000001,0,0,0
4,5,22,40,11.100000000000001,0,0,0
4,5,22,50,11,0,0,0
4,5,23,0,11,0,0,0
4,5,23,10,10.9,0,0,0
4,5,23,20,10.8,0,0,0
4,5,23,30,10.8,0,0,0
4,5,23,40,10.700000000000001,0,0,0
4,5,23,50,10.600000000000001,0,0,0
4,6,0,0,10.600000000000001,0,0,0
4,6,0,10,10.4,0,0,0
4,6,0,20,10.3,0,0,0
4,6,0,30,10.100000000000001,0,0,0
4,6,0,40,10,0,0,0
4,6,0,50,9.8,0,0,0
4,6,1,0,9.700000000000001,0,0,0
4,6,1,10,9.4,0,0,0
4,6,1,20,9.1,0,0,0
4,6,1,30,8.8,0,0,0
4,6,1,40,8.5,0,0,0
4,6,1,50,8.200000000000001,0,0,0
4,6,2,0,8,0,0,0
4,6,2,10,7.7,0,0,0
4,6,2,20,7.5,0,0,0
4,6,2,30,7.2,0,0,0
4,6,2,40,7,0,0,0
4,6,2,50,6.800000000000001,0,0,0
4,6,3,0,6.5,0,0,0
4,6,3,10,6.300000000000001,0,0,0
4,6,3,20,6.2,0,0,0
4,6,3,30,6,0,0,0
4,6,3,40,5.800000000000001,0,0,0
4,6,3,50,5.6000000000000005,0,0,0
4,6,4,0,5.4,0,0,0
4,6,4,10,5.300000000000001,0,0,0
4,6,4,20,5.2,0,0,0
4,6,4,30,5.2,0,0,0
4,6,4,40,5.1000000000000005,0,0,0
4,6,4,50,5,0,0,0
4,6,5,0,4.9,0,0,0
4,6,5,10,5,0,0,0
4,6,5,20,5,0,0,0
4,6,5,30,5.1000000000000005,0,0,0
4,6,5,40,5.2,0,0,0
4,6,5,50,5.2,0,10,10
4,6,6,0,5.300000000000001,0,16,16
4,6,6,10,5.2,1,30,30
4,6,6,20,5.1000000000000005,0,3,3
4,6,6,30,5.1000000000000005,0,4,4
4,6,6,40,5,0,3,3
4,6,6,50,4.9,3,61,61
4,6,7,0,4.800000000000001,23,120,126
4,6,7,10,4.800000000000001,1,66,66
4,6,7,20,4.9,24,139,147
4,6,7,30,4.9,0,52,52
4,6,7,40,4.9,175,207,275
4,6,7,50,5,18,172,180
4,6,8,0,5,2,112,113
4,6,8,10,5.1000000000000005,1,101,102
4,6,8,20,5.1000000000000005,0,16,16
4,6,8,30,5.2,0,35,35
4,6,8,40,5.300000000000001,0,57,57
4,6,8,50,5.300000000000001,0,87,87
4,6,9,0,5.4,0,45,45
4,6,9,10,5.5,2,156,157
4,6,9,20,5.6000000000000005,2,181,182
4,6,9,30,5.7,2,175,177
4,6,9,40,5.800000000000001,1,147,148
4,6,9,50,5.9,3,202,204
4,6,10,0,6,2,185,186
4,6,10,10,6.1000000000000005,1,143,144
4,6,10,20,6.2,0,128,128
4,6,10,30,6.300000000000001,1,164,165
4,6,10,40,6.4,0,114,114
4,6,10,50,6.5,0,141,141
4,6,11,0,6.6000000000000005,1,194,195
4,6,11,10,6.6000000000000005,5,274,278
4,6,11,20,6.6000000000000005,14,342,354
4,6,11,30,6.6000000000000005,28,384,407
4,6,11,40,6.7,25,382,403
4,6,11,50,6.7,21,375,393
4,6,12,0,6.7,24,386,406
4,6,12,10,6.7,19,372,387
4,6,12,20,6.7,41,412,446
4,6,12,30,6.6000000000000005,34,400,428
4,6,12,40,6.6000000000000005,41,403,437
4,6,12,50,6.6000000000000005,37,395,425
4,6,13,0,6.5,54,408,452
4,6,13,10,6.5,66,410,463
4,6,13,20,6.4,82,414,480
4,6,13,30,6.300000000000001,102,433,512
4,6,13,40,6.2,208,412,572
4,6,13,50,6.1000000000000005,317,378,619
4,6,14,0,6.1000000000000005,404,341,641
4,6,14,10,6,475,298,643
4,6,14,20,5.9,476,296,632
4,6,14,30,5.9,494,279,618
4,6,14,40,5.800000000000001,514,272,614
4,6,14,50,5.7,661,187,613
4,6,15,0,5.7,341,342,554
4,6,15,10,5.6000000000000005,575,199,542
4,6,15,20,5.5,387,255,477
4,6,15,30,5.5,380,253,461
4,6,15,40,5.4,466,218,461
4,6,15,50,5.300000000000001,555,177,451
4,6,16,0,5.300000000000001,287,256,389
4,6,16,10,5.1000000000000005,506,169,390
4,6,16,20,5,573,150,383
4,6,16,30,4.9,547,142,348
4,6,16,40,4.800000000000001,431,151,300
4,6,16,50,4.6000000000000005,320,149,249
4,6,17,0,4.5,271,143,220
4,6,17,10,4.4,239,131,190
4,6,17,20,4.2,255,111,167
4,6,17,30,4.1000000000000005,111,101,122
4,6,17,40,4,0,24,24
4,6,17,50,3.8000000000000003,0,16,16
4,6,18,0,3.7,0,13,13
4,6,18,10,3.6,0,18,18
4,6,18,20,3.5,142,13,16
4,6,18,30,3.4000000000000004,0,0,0
4,6,18,40,3.3000000000000003,0,0,0
4,6,18,50,3.2,0,0,0
4,6,19,0,3.1,0,0,0
4,6,19,10,3,0,0,0
4,6,19,20,2.9000000000000004,0,0,0
4,6,19,30,2.8000000000000003,0,0,0
4,6,19,40,2.8000000000000003,0,0,0
4,6,19,50,2.7,0,0,0
4,6,20,0,2.6,0,0,0
4,6,20,10,2.5,0,0,0
4,6,20,20,2.5,0,0,0
4,6,20,30,2.4000000000000004,0,0,0
4,6,20,40,2.3000000000000003,0,0,0
4,6,20,50,2.3000000000000003,0,0,0
4,6,21,0,2.2,0,0,0
4,6,21,10,2.2,0,0,0
4,6,21,20,2.1,0,0,0
4,6,21,30,2.1,0,0,0
4,6,21,40,2,0,0,0
4,6,21,50,2,0,0,0
4,6,22,0,1.9000000000000001,0,0,0
4,6,22,10,1.9000000000000001,0,0,0
4,6,22,20,1.9000000000000001,0,0,0
4,6,22,30,1.8,0,0,0
4,6,22,40,1.8,0,0,0
4,6,22,50,1.8,0,0,0
4,6,23,0,1.7000000000000002,0,0,0
4,6,23,10,1.7000000000000002,0,0,0
4,6,23,20,1.7000000000000002,0,0,0
4,6,23,30,1.7000000000000002,0,0,0
4,6,23,40,1.7000000000000002,0,0,0
4,6,23,50,1.7000000000000002,0,0,0
4,7,0,0,1.6,0,0,0
4,7,0,10,1.6,0,0,0
4,7,0,20,1.7000000000000002,0,0,0
4,7,0,30,1.7000000000000002,0,0,0
4,7,0,40,1.7000000000000002,0,0,0
4,7,0,50,1.7000000000000002,0,0,0
4,7,1,0,1.7000000000000002,0,0,0
4,7,1,10,1.7000000000000002,0,0,0
4,7,1,20,1.7000000000000002,0,0,0
4,7,1,30,1.7000000000000002,0,0,0
4,7,1,40,1.7000000000000002,0,0,0
4,7,1,50,1.7000000000000002,0,0,0
4,7,2,0,1.7000000000000002,0,0,0
4,7,2,10,1.7000000000000002,0,0,0
4,7,2,20,1.7000000000000002,0,0,0
4,7,2,30,1.7000000000000002,0,0,0
4,7,2,40,1.7000000000000002,0,0,0
4,7,2,50,1.7000000000000002,0,0,0
4,7,3,0,1.7000000000000002,0,0,0
4,7,3,10,1.6,0,0,0
4,7,3,20,1.6,0,0,0
4,7,3,30,1.6,0,0,0
4,7,3,40,1.5,0,0,0
4,7,3,50,1.5,0,0,0
4,7,4,0,1.4000000000000001,0,0,0
4,7,4,10,1.4000000000000001,0,0,0
4,7,4,20,1.3,0,0,0
4,7,4,30,1.2000000000000002,0,0,0
4,7,4,40,1.2000000000000002,0,0,0
4,7,4,50,1.1,0,0,0
4,7,5,0,1,0,0,0
4,7,5,10,1.1,0,0,0
4,7,5,20,1.3,0,0,0
4,7,5,30,1.4000000000000001,0,0,0
4,7,5,40,1.5,0,0,0
4,7,5,50,1.7000000000000002,265,17,28
4,7,6,0,1.8,384,23,52
4,7,6,10,2.1,478,29,81
4,7,6,20,2.4000000000000004,554,35,113
4,7,6,30,2.8000000000000003,616,39,147
4,7,6,40,3.1,663,44,181
4,7,6,50,3.4000000000000004,707,48,217
4,7,7,0,3.7,744,51,253
4,7,7,10,4.1000000000000005,777,54,290
4,7,7,20,4.4,387,160,290
4,7,7,30,4.800000000000001,358,180,312
4,7,7,40,5.1000000000000005,849,63,399
4,7,7,50,5.5,868,65,435
4,7,8,0,5.9,886,67,471
4,7,8,10,6.2,910,69,510
4,7,8,20,6.5,924,71,544
4,7,8,30,6.9,936,73,578
4,7,8,40,7.2,947,74,610
4,7,8,50,7.5,957,76,641
4,7,9,0,7.9,966,77,671
4,7,9,10,8.200000000000001,974,78,700
4,7,9,20,8.5,982,80,728
4,7,9,30,8.8,989,81,755
4,7,9,40,9.1,997,81,780
4,7,9,50,9.4,1002,82,804
4,7,10,0,9.700000000000001,1007,83,826
4,7,10,10,9.9,1012,83,846
4,7,10,20,10.100000000000001,1016,84,865
4,7,10,30,10.4,1019,84,882
4,7,10,40,10.600000000000001,1024,84,898
4,7,10,50,10.9,1026,85,912
4,7,11,0,11.100000000000001,1029,85,924
4,7,11,10,11.3,1031,86,935
4,7,11,20,11.4,1032,86,943
4,7,11,30,11.600000000000001,1033,86,950
4,7,11,40,11.8,1036,86,955
4,7,11,50,12,1036,86,959
4,7,12,0,12.100000000000001,1036,86,960
4,7,12,10,12.200000000000001,1036,86,959
4,7,12,20,12.3,1036,86,957
4,7,12,30,12.4,1035,86,953
4,7,12,40,12.5,1025,86,940
4,7,12,50,12.600000000000001,1024,86,932
4,7,13,0,12.600000000000001,1022,85,922
4,7,13,10,12.600000000000001,1020,85,911
4,7,13,20,12.600000000000001,1017,84,898
4,7,13,30,12.600000000000001,1014,84,883
4,7,13,40,12.600000000000001,1006,86,865
4,7,13,50,12.600000000000001,1002,85,847
4,7,14,0,12.600000000000001,998,84,827
4,7,14,10,12.5,993,84,806
4,7,14,20,12.4,987,83,783
4,7,14,30,12.3,981,82,759
4,7,14,40,12.200000000000001,968,83,732
4,7,14,50,12.100000000000001,961,82,704
4,7,15,0,12,953,81,676
4,7,15,10,11.8,944,79,647
4,7,15,20,11.600000000000001,934,78,616
4,7,15,30,11.4,915,76,580
4,7,15,40,11.200000000000001,897,76,546
4,7,15,50,11,883,74,513
4,7,16,0,10.700000000000001,868,72,479
4,7,16,10,10.4,851,70,444
4,7,16,20,10.100000000000001,831,68,408
4,7,16,30,9.8,810,66,373
4,7,16,40,9.5,780,64,336
4,7,16,50,9.200000000000001,317,159,259
4,7,17,0,8.9,720,58,263
4,7,17,10,8.200000000000001,683,54,227
4,7,17,20,7.6000000000000005,641,50,192
4,7,17,30,7,591,46,157
4,7,17,40,6.300000000000001,530,41,123
4,7,17,50,5.7,458,35,91
4,7,18,0,5.1000000000000005,372,28,62
4,7,18,10,4.800000000000001,267,21,36
4,7,18,20,4.4,143,13,17
4,7,18,30,4.1000000000000005,0,0,0
4,7,18,40,3.8000000000000003,0,0,0
4,7,18,50,3.5,0,0,0
4,7,19,0,3.1,0,0,0
4,7,19,10,3,0,0,0
4,7,19,20,2.8000000000000003,0,0,0
4,7,19,30,2.6,0,0,0
4,7,19,40,2.4000000000000004,0,0,0
4,7,19,50,2.2,0,0,0
4,7,20,0,2,0,0,0
4,7,20,10,1.9000000000000001,0,0,0
4,7,20,20,1.8,0,0,0
4,7,20,30,1.6,0,0,0
4,7,20,40,1.5,0,0,0
4,7,20,50,1.3,0,0,0
4,7,21,0,1.2000000000000002,0,0,0
4,7,21,10,1.1,0,0,0
4,7,21,20,1,0,0,0
4,7,21,30,0.9,0,0,0
4,7,21,40,0.8,0,0,0
4,7,21,50,0.7000000000000001,0,0,0
4,7,22,0,0.6000000000000001,0,0,0
4,7,22,10,0.5,0,0,0
4,7,22,20,0.4,0,0,0
4,7,22,30,0.30000000000000004,0,0,0
4,7,22,40,0.2,0,0,0
4,7,22,50,0.1,0,0,0
4,7,23,0,0.1,0,0,0
4,7,23,10,-0.1,0,0,0
4,7,23,20,-0.2,0,0,0
4,7,23,30,-0.3,0,0,0
4,7,23,40,-0.4,0,0,0
4,7,23,50,-0.5,0,0,0
4,8,0,0,-0.6,0,0,0
4,8,0,10,-0.7,0,0,0
4,8,0,20,-0.8,0,0,0
4,8,0,30,-0.9,0,0,0
4,8,0,40,-1,0,0,0
4,8,0,50,-1.1,0,0,0
4,8,1,0,-1.2,0,0,0
4,8,1,10,-1.3,0,0,0
4,8,1,20,-1.4,0,0,0
4,8,1,30,-1.4,0,0,0
4,8,1,40,-1.5,0,0,0
4,8,1,50,-1.6,0,0,0
4,8,2,0,-1.6,0,0,0
4,8,2,10,-1.7,0,0,0
4,8,2,20,-1.8,0,0,0
4,8,2,30,-1.8,0,0,0
4,8,2,40,-1.9,0,0,0
4,8,2,50,-2,0,0,0
4,8,3,0,-2,0,0,0
4,8,3,10,-2.1,0,0,0
4,8,3,20,-2.2,0,0,0
4,8,3,30,-2.2,0,0,0
4,8,3,40,-2.3,0,0,0
4,8,3,50,-2.4,0,0,0
4,8,4,0,-2.4,0,0,0
4,8,4,10,-2.5,0,0,0
4,8,4,20,-2.5,0,0,0
4,8,4,30,-2.6,0,0,0
4,8,4,40,-2.6,0,0,0
4,8,4,50,-2.6,0,0,0
4,8,5,0,-2.7,0,0,0
4,8,5,10,-2.2,0,0,0
4,8,5,20,-1.7,0,0,0
4,8,5,30,-1.3,0,0,0
4,8,5,40,-0.8,0,0,0
4,8,5,50,-0.3,230,19,30
4,8,6,0,0.2,343,27,55
4,8,6,10,0.8,437,34,84
4,8,6,20,1.5,513,40,115
4,8,6,30,2.1,577,46,149
4,8,6,40,2.7,633,50,184
4,8,6,50,3.4000000000000004,679,55,220
4,8,7,0,4,717,58,257
4,8,7,10,4.5,751,62,294
4,8,7,20,5,780,65,330
4,8,7,30,5.4,806,68,367
4,8,7,40,5.9,831,70,404
4,8,7,50,6.4,851,72,440
4,8,8,0,6.9,869,75,475
4,8,8,10,7.2,885,77,510
4,8,8,20,7.5,900,79,544
4,8,8,30,7.9,913,81,577
4,8,8,40,8.200000000000001,924,83,610
4,8,8,50,8.5,935,84,641
4,8,9,0,8.9,945,86,671
4,8,9,10,9.200000000000001,953,87,700
4,8,9,20,9.5,961,89,728
4,8,9,30,9.700000000000001,969,90,754
4,8,9,40,10,975,91,779
4,8,9,50,10.3,981,92,803
4,8,10,0,10.600000000000001,986,93,825
4,8,10,10,10.8,991,94,845
4,8,10,20,11.100000000000001,995,95,864
4,8,10,30,11.3,999,96,881
4,8,10,40,11.5,1004,96,897
4,8,10,50,11.8,575,373,838
4,8,11,0,12,765,222,849
4,8,11,10,12.100000000000001,845,147,847
4,8,11,20,12.3,722,309,911
4,8,11,30,12.5,1014,98,949
4,8,11,40,12.600000000000001,1012,99,953
4,8,11,50,12.8,1013,100,956
4,8,12,0,13,1013,100,958
4,8,12,10,13.100000000000001,1013,100,957
4,8,12,20,13.200000000000001,1013,100,955
4,8,12,30,13.200000000000001,1004,99,944
4,8,12,40,13.3,999,101,937
4,8,12,50,13.4,998,101,929
4,8,13,0,13.5,996,100,919
4,8,13,10,13.5,993,100,908
4,8,13,20,13.5,991,99,895
4,8,13,30,13.600000000000001,987,99,880
4,8,13,40,13.600000000000001,978,101,862
4,8,13,50,13.600000000000001,974,100,844
4,8,14,0,13.600000000000001,969,99,824
4,8,14,10,13.5,964,98,803
4,8,14,20,13.4,958,97,780
4,8,14,30,13.3,952,96,755
4,8,14,40,13.200000000000001,940,97,729
4,8,14,50,13.100000000000001,931,96,702
4,8,15,0,13,923,94,673
4,8,15,10,12.8,913,92,644
4,8,15,20,12.700000000000001,895,90,609
4,8,15,30,12.5,883,88,577
4,8,15,40,12.3,862,89,543
4,8,15,50,12.200000000000001,847,87,510
4,8,16,0,12,830,85,476
4,8,16,10,11.700000000000001,812,82,441
4,8,16,20,11.4,792,80,406
4,8,16,30,11.200000000000001,769,77,370
4,8,16,40,10.9,738,74,334
4,8,16,50,10.600000000000001,708,71,297
4,8,17,0,10.3,675,67,262
4,8,17,10,9.8,637,63,226
4,8,17,20,9.200000000000001,592,58,190
4,8,17,30,8.700000000000001,541,52,156
4,8,17,40,8.200000000000001,2,69,70
4,8,17,50,7.6000000000000005,411,40,91
4,8,18,0,7.1000000000000005,1,42,42
4,8,18,10,6.800000000000001,0,24,24
4,8,18,20,6.6000000000000005,0,10,10
4,8,18,30,6.4,0,0,0
4,8,18,40,6.1000000000000005,0,0,0
4,8,18,50,5.9,0,0,0
4,8,19,0,5.7,0,0,0
4,8,19,10,5.5,0,0,0
4,8,19,20,5.2,0,0,0
4,8,19,30,5,0,0,0
4,8,19,40,4.800000000000001,0,0,0
4,8,19,50,4.6000000000000005,0,0,0
4,8,20,0,4.3,0,0,0
4,8,20,10,4.1000000000000005,0,0,0
4,8,20,20,3.9000000000000004,0,0,0
4,8,20,30,3.6,0,0,0
4,8,20,40,3.4000000000000004,0,0,0
4,8,20,50,3.2,0,0,0
4,8,21,0,2.9000000000000004,0,0,0
4,8,21,10,2.7,0,0,0
4,8,21,20,2.6,0,0,0
4,8,21,30,2.4000000000000004,0,0,0
4,8,21,40,2.2,0,0,0
4,8,21,50,2,0,0,0
4,8,22,0,1.9000000000000001,0,0,0
4,8,22,10,1.7000000000000002,0,0,0
4,8,22,20,1.6,0,0,0
4,8,22,30,1.5,0,0,0
4,8,22,40,1.4000000000000001,0,0,0
4,8,22,50,1.3,0,0,0
4,8,23,0,1.2000000000000002,0,0,0
4,8,23,10,1.1,0,0,0
4,8,23,20,1,0,0,0
4,8,23,30,1,0,0,0
4,8,23,40,0.9,0,0,0
4,8,23,50,0.8,0,0,0
4,9,0,0,0.7000000000000001,0,0,0
4,9,0,10,0.6000000000000001,0,0,0
4,9,0,20,0.5,0,0,0
4,9,0,30,0.30000000000000004,0,0,0
4,9,0,40,0.2,0,0,0
4,9,0,50,0.1,0,0,0
4,9,1,0,-0.1,0,0,0
4,9,1,10,-0.2,0,0,0
4,9,1,20,-0.3,0,0,0
4,9,1,30,-0.4,0,0,0
4,9,1,40,-0.6,0,0,0
4,9,1,50,-0.7,0,0,0
4,9,2,0,-0.8,0,0,0
4,9,2,10,-1,0,0,0
4,9,2,20,-1.1,0,0,0
4,9,2,30,-1.2,0,0,0
4,9,2,40,-1.4,0,0,0
4,9,2,50,-1.5,0,0,0
4,9,3,0,-1.6,0,0,0
4,9,3,10,-1.7,0,0,0
4,9,3,20,-1.8,0,0,0
4,9,3,30,-1.8,0,0,0
4,9,3,40,-1.9,0,0,0
4,9,3,50,-2,0,0,0
4,9,4,0,-2.1,0,0,0
4,9,4,10,-2,0,0,0
4,9,4,20,-2,0,0,0
4,9,4,30,-2,0,0,0
4,9,4,40,-2,0,0,0
4,9,4,50,-2,0,0,0
4,9,5,0,-2,0,0,0
4,9,5,10,-1.4,0,0,0
4,9,5,20,-0.8,0,0,0
4,9,5,30,-0.2,0,0,0
4,9,5,40,0.4,133,11,14
4,9,5,50,0.9,261,19,33
4,9,6,0,1.5,369,27,58
4,9,6,10,2.1,458,33,87
4,9,6,20,2.7,530,39,119
4,9,6,30,3.4000000000000004,591,44,152
4,9,6,40,4,644,48,187
4,9,6,50,4.6000000000000005,687,52,223
4,9,7,0,5.2,724,55,259
4,9,7,10,5.800000000000001,756,59,295
4,9,7,20,6.4,791,62,335
4,9,7,30,7,816,65,371
4,9,7,40,7.6000000000000005,840,66,408
4,9,7,50,8.200000000000001,860,69,444
4,9,8,0,8.8,877,71,479
4,9,8,10,9.1,892,73,513
4,9,8,20,9.5,906,75,547
4,9,8,30,9.9,919,77,580
4,9,8,40,10.3,931,78,613
4,9,8,50,10.700000000000001,941,79,644
4,9,9,0,11.100000000000001,950,81,674
4,9,9,10,11.4,959,82,702
4,9,9,20,11.700000000000001,975,84,736
4,9,9,30,12,982,85,762
4,9,9,40,12.200000000000001,988,86,787
4,9,9,50,12.5,994,87,811
4,9,10,0,12.8,999,88,833
4,9,10,10,13.100000000000001,1003,89,853
4,9,10,20,13.3,1007,89,872
4,9,10,30,13.5,1011,90,889
4,9,10,40,13.700000000000001,1018,89,906
4,9,10,50,14,1021,89,920
4,9,11,0,14.200000000000001,1023,90,932
4,9,11,10,14.3,1025,90,942
4,9,11,20,14.5,1027,90,950
4,9,11,30,14.700000000000001,1028,90,957
4,9,11,40,14.8,1029,91,962
4,9,11,50,15,1030,90,965
4,9,12,0,15.200000000000001,1030,90,966
4,9,12,10,15.3,1030,90,965
4,9,12,20,15.3,1029,90,963
4,9,12,30,15.4,1029,90,959
4,9,12,40,15.5,1020,89,945
4,9,12,50,15.600000000000001,1018,89,938
4,9,13,0,15.700000000000001,1016,89,928
4,9,13,10,15.8,1014,88,916
4,9,13,20,15.8,1012,88,903
4,9,13,30,15.8,1009,87,888
4,9,13,40,15.9,996,91,869
4,9,13,50,15.9,992,90,851
4,9,14,0,16,988,90,831
4,9,14,10,15.9,983,89,810
4,9,14,20,15.9,978,88,787
4,9,14,30,15.8,971,87,763
4,9,14,40,15.8,964,86,737
4,9,14,50,15.8,956,85,709
4,9,15,0,15.700000000000001,948,83,681
4,9,15,10,15.600000000000001,939,82,652
4,9,15,20,15.4,922,80,616
4,9,15,30,15.3,911,78,585
4,9,15,40,15.200000000000001,896,77,552
4,9,15,50,15,882,75,519
4,9,16,0,14.9,867,73,484
4,9,16,10,14.600000000000001,850,71,450
4,9,16,20,14.200000000000001,832,69,414
4,9,16,30,13.9,810,66,378
4,9,16,40,13.600000000000001,784,64,342
4,9,16,50,13.3,757,61,306
4,9,17,0,12.9,726,58,269
4,9,17,10,12.200000000000001,691,54,233
4,9,17,20,11.4,649,51,198
4,9,17,30,10.600000000000001,250,97,146
4,9,17,40,9.8,534,42,128
4,9,17,50,9.1,465,36,96
4,9,18,0,8.3,377,30,66
4,9,18,10,8,278,22,40
4,9,18,20,7.7,160,14,19
4,9,18,30,7.5,0,0,0
4,9,18,40,7.2,0,0,0
4,9,18,50,6.9,0,0,0
4,9,19,0,6.7,0,0,0
4,9,19,10,6.6000000000000005,0,0,0
4,9,19,20,6.4,0,0,0
4,9,19,30,6.300000000000001,0,0,0
4,9,19,40,6.2,0,0,0
4,9,19,50,6.1000000000000005,0,0,0
4,9,20,0,6,0,0,0
4,9,20,10,6,0,0,0
4,9,20,20,5.9,0,0,0
4,9,20,30,5.9,0,0,0
4,9,20,40,5.9,0,0,0
4,9,20,50,5.9,0,0,0
4,9,21,0,5.9,0,0,0
4,9,21,10,5.800000000000001,0,0,0
4,9,21,20,5.800000000000001,0,0,0
4,9,21,30,5.7,0,0,0
4,9,21,40,5.7,0,0,0
4,9,21,50,5.6000000000000005,0,0,0
4,9,22,0,5.6000000000000005,0,0,0
4,9,22,10,5.5,0,0,0
4,9,22,20,5.4,0,0,0
4,9,22,30,5.300000000000001,0,0,0
4,9,22,40,5.2,0,0,0
4,9,22,50,5.1000000000000005,0,0,0
4,9,23,0,5,0,0,0
4,9,23,10,4.9,0,0,0
4,9,23,20,4.800000000000001,0,0,0
4,9,23,30,4.7,0,0,0
4,9,23,40,4.6000000000000005,0,0,0
4,9,23,50,4.5,0,0,0
4,10,0,0,4.4,0,0,0
4,10,0,10,4.3,0,0,0
4,10,0,20,4.2,0,0,0
4,10,0,30,4.1000000000000005,0,0,0
4,10,0,40,4,0,0,0
4,10,0,50,4,0,0,0
4,10,1,0,3.9000000000000004,0,0,0
4,10,1,10,3.8000000000000003,0,0,0
4,10,1,20,3.7,0,0,0
4,10,1,30,3.6,0,0,0
4,10,1,40,3.5,0,0,0
4,10,1,50,3.4000000000000004,0,0,0
4,10,2,0,3.3000000000000003,0,0,0
4,10,2,10,3.2,0,0,0
4,10,2,20,3.1,0,0,0
4,10,2,30,3,0,0,0
4,10,2,40,2.9000000000000004,0,0,0
4,10,2,50,2.8000000000000003,0,0,0
4,10,3,0,2.7,0,0,0
4,10,3,10,2.6,0,0,0
4,10,3,20,2.5,0,0,0
4,10,3,30,2.4000000000000004,0,0,0
4,10,3,40,2.3000000000000003,0,0,0
4,10,3,50,2.2,0,0,0
4,10,4,0,2.2,0,0,0
4,10,4,10,2.2,0,0,0
4,10,4,20,2.2,0,0,0
4,10,4,30,2.2,0,0,0
4,10,4,40,2.1,0,0,0
4,10,4,50,2.1,0,0,0
4,10,5,0,2.1,0,0,0
4,10,5,10,2.6,0,0,0
4,10,5,20,3.1,0,0,0
4,10,5,30,3.6,0,0,0
4,10,5,40,4.1000000000000005,0,5,5
4,10,5,50,4.6000000000000005,1,26,26
4,10,6,0,5.1000000000000005,311,30,58
4,10,6,10,5.5,398,38,87
4,10,6,20,6,470,44,117
4,10,6,30,6.5,531,50,150
4,10,6,40,7,584,55,184
4,10,6,50,7.5,629,59,219
4,10,7,0,8,667,63,254
4,10,7,10,8.3,701,67,290
4,10,7,20,8.700000000000001,735,71,328
4,10,7,30,9,761,74,363
4,10,7,40,9.4,785,77,399
4,10,7,50,9.700000000000001,805,79,434
4,10,8,0,10.100000000000001,824,82,469
4,10,8,10,10.3,841,84,503
4,10,8,20,10.600000000000001,855,86,536
4,10,8,30,10.8,869,88,569
4,10,8,40,11.100000000000001,83,341,389
4,10,8,50,11.3,23,299,313
4,10,9,0,11.600000000000001,206,374,504
4,10,9,10,11.8,911,95,689
4,10,9,20,11.9,920,97,716
4,10,9,30,12.100000000000001,927,98,742
4,10,9,40,12.3,934,100,766
4,10,9,50,12.5,940,101,789
4,10,10,0,12.600000000000001,946,102,811
4,10,10,10,12.700000000000001,951,103,831
4,10,10,20,12.9,386,419,720
4,10,10,30,13,959,104,866
4,10,10,40,13.100000000000001,943,116,877
4,10,10,50,13.200000000000001,946,117,890
4,10,11,0,13.3,305,484,736
4,10,11,10,13.3,363,467,770
4,10,11,20,13.4,195,511,675
4,10,11,30,13.5,501,346,770
4,10,11,40,13.5,1,330,331
4,10,11,50,13.600000000000001,0,248,249
4,10,12,0,13.600000000000001,21,442,460
4,10,12,10,13.600000000000001,313,415,682
4,10,12,20,13.600000000000001,272,508,740
4,10,12,30,13.600000000000001,177,433,583
4,10,12,40,13.600000000000001,438,370,739
4,10,12,50,13.600000000000001,534,328,775
4,10,13,0,13.600000000000001,942,120,901
4,10,13,10,13.600000000000001,939,120,890
4,10,13,20,13.5,936,119,876
4,10,13,30,13.5,16,401,413
4,10,13,40,13.4,1,177,178
4,10,13,50,13.4,0,148,148
4,10,14,0,13.3,1,264,264
4,10,14,10,13.200000000000001,113,429,512
4,10,14,20,13.100000000000001,459,285,614
4,10,14,30,13,626,220,658
4,10,14,40,12.9,351,366,604
4,10,14,50,12.700000000000001,161,398,504
4,10,15,0,12.600000000000001,153,385,482
4,10,15,10,12.5,212,362,491
4,10,15,20,12.3,287,326,494
4,10,15,30,12.200000000000001,831,101,566
4,10,15,40,12,496,250,514
4,10,15,50,11.9,11,230,235
4,10,16,0,11.700000000000001,39,262,281
4,10,16,10,11.5,82,268,305
4,10,16,20,11.3,128,249,303
4,10,16,30,11.100000000000001,147,227,284
4,10,16,40,10.9,705,78,330
4,10,16,50,10.700000000000001,675,74,295
4,10,17,0,10.5,641,71,259
4,10,17,10,10,607,66,226
4,10,17,20,9.600000000000001,563,61,191
4,10,17,30,9.1,512,56,157
4,10,17,40,8.6,471,48,125
4,10,17,50,8.200000000000001,44,72,78
4,10,18,0,7.7,21,52,54
4,10,18,10,7.4,0,24,24
4,10,18,20,7.2,117,16,20
4,10,18,30,6.9,0,0,0
4,10,18,40,6.6000000000000005,0,0,0
4,10,18,50,6.4,0,0,0
4,10,19,0,6.1000000000000005,0,0,0
4,10,19,10,5.9,0,0,0
4,10,19,20,5.7,0,0,0
4,10,19,30,5.5,0,0,0
4,10,19,40,5.300000000000001,0,0,0
4,10,19,50,5.1000000000000005,0,0,0
4,10,20,0,4.9,0,0,0
4,10,20,10,4.7,0,0,0
4,10,20,20,4.5,0,0,0
4,10,20,30,4.2,0,0,0
4,10,20,40,4,0,0,0
4,10,20,50,3.8000000000000003,0,0,0
4,10,21,0,3.5,0,0,0
4,10,21,10,3.3000000000000003,0,0,0
4,10,21,20,3.1,0,0,0
4,10,21,30,2.8000000000000003,0,0,0
4,10,21,40,2.6,0,0,0
4,10,21,50,2.4000000000000004,0,0,0
4,10,22,0,2.1,0,0,0
4,10,22,10,2,0,0,0
4,10,22,20,1.8,0,0,0
4,10,22,30,1.6,0,0,0
4,10,22,40,1.5,0,0,0
4,10,22,50,1.3,0,0,0
4,10,23,0,1.1,0,0,0
4,10,23,10,1,0,0,0
4,10,23,20,0.9,0,0,0
4,10,23,30,0.7000000000000001,0,0,0
4,10,23,40,0.6000000000000001,0,0,0
4,10,23,50,0.4,0,0,0
4,11,0,0,0.30000000000000004,0,0,0
4,11,0,10,0.2,0,0,0
4,11,0,20,0,0,0,0
4,11,0,30,-0.1,0,0,0
4,11,0,40,-0.3,0,0,0
4,11,0,50,-0.4,0,0,0
4,11,1,0,-0.6,0,0,0
4,11,1,10,-0.7,0,0,0
4,11,1,20,-0.8,0,0,0
4,11,1,30,-0.9,0,0,0
4,11,1,40,-1.1,0,0,0
4,11,1,50,-1.2,0,0,0
4,11,2,0,-1.3,0,0,0
4,11,2,10,-1.4,0,0,0
4,11,2,20,-1.5,0,0,0
4,11,2,30,-1.5,0,0,0
4,11,2,40,-1.6,0,0,0
4,11,2,50,-1.7,0,0,0
4,11,3,0,-1.8,0,0,0
4,11,3,10,-1.8,0,0,0
4,11,3,20,-1.9,0,0,0
4,11,3,30,-1.9,0,0,0
4,11,3,40,-2,0,0,0
4,11,3,50,-2,0,0,0
4,11,4,0,-2.1,0,0,0
4,11,4,10,-2.1,0,0,0
4,11,4,20,-2.1,0,0,0
4,11,4,30,-2.1,0,0,0
4,11,4,40,-2.1,0,0,0
4,11,4,50,-2.1,0,0,0
4,11,5,0,-2.1,0,0,0
4,11,5,10,-1.5,0,0,0
4,11,5,20,-0.8,0,0,0
4,11,5,30,-0.2,0,0,0
4,11,5,40,0.4,157,14,19
4,11,5,50,1.1,280,22,40
4,11,6,0,1.7000000000000002,383,29,66
4,11,6,10,2.4000000000000004,468,36,95
4,11,6,20,3.1,538,41,127
4,11,6,30,3.7,596,46,161
4,11,6,40,4.4,646,50,196
4,11,6,50,5.1000000000000005,688,54,232
4,11,7,0,5.7,724,57,268
4,11,7,10,6.300000000000001,755,61,304
4,11,7,20,6.9,783,64,341
4,11,7,30,7.6000000000000005,807,66,377
4,11,7,40,8.200000000000001,830,68,413
4,11,7,50,8.8,849,71,449
4,11,8,0,9.4,866,73,484
4,11,8,10,9.8,881,75,518
4,11,8,20,10.200000000000001,895,77,552
4,11,8,30,10.700000000000001,907,79,585
4,11,8,40,11.100000000000001,918,81,616
4,11,8,50,11.5,928,83,647
4,11,9,0,11.9,937,84,677
4,11,9,10,12.3,946,86,705
4,11,9,20,12.600000000000001,954,87,733
4,11,9,30,12.9,961,88,759
4,11,9,40,13.200000000000001,965,90,783
4,11,9,50,13.5,971,91,806
4,11,10,0,13.8,976,92,828
4,11,10,10,14.100000000000001,975,93,843
4,11,10,20,14.3,979,93,862
4,11,10,30,14.5,983,94,878
4,11,10,40,14.8,1001,87,897
4,11,10,50,15,1003,87,911
4,11,11,0,15.200000000000001,1006,87,922
4,11,11,10,15.4,1008,88,932
4,11,11,20,15.600000000000001,1009,88,941
4,11,11,30,15.8,1011,89,947
4,11,11,40,15.9,1013,88,953
4,11,11,50,16.1,1014,88,956
4,11,12,0,16.3,1014,88,957
4,11,12,10,16.400000000000002,1014,88,956
4,11,12,20,16.5,1013,88,953
4,11,12,30,16.6,1013,88,949
4,11,12,40,16.7,1012,87,943
4,11,12,50,16.8,1011,86,935
4,11,13,0,17,1009,86,925
4,11,13,10,17,1007,86,914
4,11,13,20,17.1,1004,85,901
4,11,13,30,17.1,1001,85,886
4,11,13,40,17.1,991,88,868
4,11,13,50,17.2,987,87,849
4,11,14,0,17.2,982,86,830
4,11,14,10,17.2,977,86,809
4,11,14,20,17.2,972,85,786
4,11,14,30,17.2,966,84,762
4,11,14,40,17.1,961,82,736
4,11,14,50,17.1,953,81,710
4,11,15,0,17.1,945,80,681
4,11,15,10,17,937,78,652
4,11,15,20,16.900000000000002,927,77,622
4,11,15,30,16.8,916,75,590
4,11,15,40,16.7,903,74,558
4,11,15,50,16.6,890,72,524
4,11,16,0,16.5,875,70,490
4,11,16,10,16.1,859,68,456
4,11,16,20,15.8,841,66,420
4,11,16,30,15.5,820,64,385
4,11,16,40,15.200000000000001,797,61,349
4,11,16,50,14.9,771,59,312
4,11,17,0,14.600000000000001,742,56,276
4,11,17,10,13.9,708,52,240
4,11,17,20,13.200000000000001,668,49,204
4,11,17,30,12.5,622,45,169
4,11,17,40,11.9,569,40,135
4,11,17,50,11.200000000000001,503,35,103
4,11,18,0,10.5,424,29,73
4,11,18,10,10.200000000000001,327,23,45
4,11,18,20,9.9,208,15,23
4,11,18,30,9.600000000000001,0,0,0
4,11,18,40,9.3,0,0,0
4,11,18,50,9,0,0,0
4,11,19,0,8.700000000000001,0,0,0
4,11,19,10,8.4,0,0,0
4,11,19,20,8.1,0,0,0
4,11,19,30,7.9,0,0,0
4,11,19,40,7.6000000000000005,0,0,0
4,11,19,50,7.300000000000001,0,0,0
4,11,20,0,7,0,0,0
4,11,20,10,6.9,0,0,0
4,11,20,20,6.7,0,0,0
4,11,20,30,6.5,0,0,0
4,11,20,40,6.300000000000001,0,0,0
4,11,20,50,6.1000000000000005,0,0,0
4,11,21,0,5.9,0,0,0
4,11,21,10,5.800000000000001,0,0,0
4,11,21,20,5.7,0,0,0
4,11,21,30,5.6000000000000005,0,0,0
4,11,21,40,5.4,0,0,0
4,11,21,50,5.300000000000001,0,0,0
4,11,22,0,5.2,0,0,0
4,11,22,10,5.1000000000000005,0,0,0
4,11,22,20,5,0,0,0
4,11,22,30,4.9,0,0,0
4,11,22,40,4.800000000000001,0,0,0
4,11,22,50,4.7,0,0,0
4,11,23,0,4.6000000000000005,0,0,0
4,11,23,10,4.6000000000000005,0,0,0
4,11,23,20,4.5,0,0,0
4,11,23,30,4.5,0,0,0
4,11,23,40,4.4,0,0,0
4,11,23,50,4.3,0,0,0
4,12,0,0,4.3,0,0,0
4,12,0,10,4.2,0,0,0
4,12,0,20,4.2,0,0,0
4,12,0,30,4.2,0,0,0
4,12,0,40,4.1000000000000005,0,0,0
4,12,0,50,4.1000000000000005,0,0,0
4,12,1,0,4,0,0,0
4,12,1,10,4,0,0,0
4,12,1,20,4,0,0,0
4,12,1,30,3.9000000000000004,0,0,0
4,12,1,40,3.9000000000000004,0,0,0
4,12,1,50,3.9000000000000004,0,0,0
4,12,2,0,3.9000000000000004,0,0,0
4,12,2,10,3.8000000000000003,0,0,0
4,12,2,20,3.8000000000000003,0,0,0
4,12,2,30,3.8000000000000003,0,0,0
4,12,2,40,3.8000000000000003,0,0,0
4,12,2,50,3.7,0,0,0
4,12,3,0,3.7,0,0,0
4,12,3,10,3.7,0,0,0
4,12,3,20,3.6,0,0,0
4,12,3,30,3.6,0,0,0
4,12,3,40,3.6,0,0,0
4,12,3,50,3.5,0,0,0
4,12,4,0,3.5,0,0,0
4,12,4,10,3.5,0,0,0
4,12,4,20,3.5,0,0,0
4,12,4,30,3.5,0,0,0
4,12,4,40,3.5,0,0,0
4,12,4,50,3.5,0,0,0
4,12,5,0,3.5,0,0,0
4,12,5,10,4.1000000000000005,0,0,0
4,12,5,20,4.800000000000001,0,0,0
4,12,5,30,5.5,0,0,0
4,12,5,40,6.2,208,15,22
4,12,5,50,6.800000000000001,333,22,45
4,12,6,0,7.5,433,29,72
4,12,6,10,8.4,515,35,103
4,12,6,20,9.200000000000001,582,40,136
4,12,6,30,10,638,44,171
4,12,6,40,10.9,688,48,207
4,12,6,50,11.700000000000001,727,51,243
4,12,7,0,12.600000000000001,761,54,279
4,12,7,10,13.3,791,57,316
4,12,7,20,14.100000000000001,817,60,353
4,12,7,30,14.8,839,62,389
4,12,7,40,15.600000000000001,860,65,426
4,12,7,50,16.400000000000002,878,67,461
4,12,8,0,17.1,894,69,496
4,12,8,10,17.5,908,71,531
4,12,8,20,17.900000000000002,921,72,565
4,12,8,30,18.400000000000002,933,74,598
4,12,8,40,18.8,945,75,630
4,12,8,50,19.200000000000003,954,76,661
4,12,9,0,19.6,963,78,690
4,12,9,10,19.8,971,79,719
4,12,9,20,20.1,978,80,746
4,12,9,30,20.400000000000002,985,81,772
4,12,9,40,20.6,991,82,797
4,12,9,50,20.900000000000002,996,83,820
4,12,10,0,21.200000000000003,1001,84,841
4,12,10,10,21.400000000000002,1005,84,862
4,12,10,20,21.6,1009,85,880
4,12,10,30,21.8,1006,85,891
4,12,10,40,22.1,1013,83,908
4,12,10,50,22.3,1016,84,921
4,12,11,0,22.5,1018,84,933
4,12,11,10,22.700000000000003,1020,85,943
4,12,11,20,22.900000000000002,1021,85,951
4,12,11,30,23,1022,85,958
4,12,11,40,23.200000000000003,1025,84,963
4,12,11,50,23.400000000000002,1025,84,966
4,12,12,0,23.5,1026,84,967
4,12,12,10,23.6,1025,84,966
4,12,12,20,23.700000000000003,1025,84,963
4,12,12,30,23.8,1024,84,959
4,12,12,40,23.900000000000002,1024,84,953
4,12,12,50,24,1016,83,939
4,12,13,0,24.200000000000003,1015,82,930
4,12,13,10,24.200000000000003,1012,82,918
4,12,13,20,24.200000000000003,1010,82,905
4,12,13,30,24.200000000000003,1007,81,890
4,12,13,40,24.3,1005,80,874
4,12,13,50,24.3,1002,79,856
4,12,14,0,24.3,997,78,836
4,12,14,10,24.3,993,78,815
4,12,14,20,24.200000000000003,988,77,792
4,12,14,30,24.200000000000003,982,76,768
4,12,14,40,24.1,972,77,742
4,12,14,50,24.1,960,75,711
4,12,15,0,24,952,74,683
4,12,15,10,23.900000000000002,944,73,654
4,12,15,20,23.700000000000003,934,72,624
4,12,15,30,23.6,924,70,593
4,12,15,40,23.400000000000002,907,71,559
4,12,15,50,23.3,894,69,526
4,12,16,0,23.1,880,68,493
4,12,16,10,22.700000000000003,865,66,458
4,12,16,20,22.3,847,64,423
4,12,16,30,21.8,828,61,387
4,12,16,40,21.400000000000002,798,60,350
4,12,16,50,20.900000000000002,70,176,199
4,12,17,0,20.5,1,61,62
4,12,17,10,19.8,305,128,210
4,12,17,20,19,5,70,72
4,12,17,30,18.3,622,44,171
4,12,17,40,17.5,558,41,136
4,12,17,50,16.8,147,71,91
4,12,18,0,16.1,11,51,52
4,12,18,10,15.8,0,29,29
4,12,18,20,15.5,209,16,25
4,12,18,30,15.200000000000001,0,0,0
4,12,18,40,14.9,0,0,0
4,12,18,50,14.600000000000001,0,0,0
4,12,19,0,14.3,0,0,0
4,12,19,10,14.100000000000001,0,0,0
4,12,19,20,14,0,0,0
4,12,19,30,13.8,0,0,0
4,12,19,40,13.600000000000001,0,0,0
4,12,19,50,13.4,0,0,0
4,12,20,0,13.200000000000001,0,0,0
4,12,20,10,12.9,0,0,0
4,12,20,20,12.700000000000001,0,0,0
4,12,20,30,12.4,0,0,0
4,12,20,40,12.200000000000001,0,0,0
4,12,20,50,12,0,0,0
4,12,21,0,11.700000000000001,0,0,0
4,12,21,10,11.5,0,0,0
4,12,21,20,11.3,0,0,0
4,12,21,30,11.200000000000001,0,0,0
4,12,21,40,11,0,0,0
4,12,21,50,10.8,0,0,0
4,12,22,0,10.600000000000001,0,0,0
4,12,22,10,10.5,0,0,0
4,12,22,20,10.4,0,0,0
4,12,22,30,10.3,0,0,0
4,12,22,40,10.200000000000001,0,0,0
4,12,22,50,10.100000000000001,0,0,0
4,12,23,0,10,0,0,0
4,12,23,10,9.9,0,0,0
4,12,23,20,9.9,0,0,0
4,12,23,30,9.8,0,0,0
4,12,23,40,9.8,0,0,0
4,12,23,50,9.8,0,0,0
4,13,0,0,9.700000000000001,0,0,0
4,13,0,10,9.8,0,0,0
4,13,0,20,10,0,0,0
4,13,0,30,10.100000000000001,0,0,0
4,13,0,40,10.200000000000001,0,0,0
4,13,0,50,10.4,0,0,0
4,13,1,0,10.5,0,0,0
4,13,1,10,10.600000000000001,0,0,0
4,13,1,20,10.600000000000001,0,0,0
4,13,1,30,10.700000000000001,0,0,0
4,13,1,40,10.8,0,0,0
4,13,1,50,10.8,0,0,0
4,13,2,0,10.9,0,0,0
4,13,2,10,10.9,0,0,0
4,13,2,20,10.8,0,0,0
4,13,2,30,10.8,0,0,0
4,13,2,40,10.700000000000001,0,0,0
4,13,2,50,10.700000000000001,0,0,0
4,13,3,0,10.600000000000001,0,0,0
4,13,3,10,10.600000000000001,0,0,0
4,13,3,20,10.5,0,0,0
4,13,3,30,10.5,0,0,0
4,13,3,40,10.4,0,0,0
4,13,3,50,10.3,0,0,0
4,13,4,0,10.3,0,0,0
4,13,4,10,10.200000000000001,0,0,0
4,13,4,20,10.200000000000001,0,0,0
4,13,4,30,10.200000000000001,0,0,0
4,13,4,40,10.100000000000001,0,0,0
4,13,4,50,10.100000000000001,0,0,0
4,13,5,0,10.100000000000001,0,0,0
4,13,5,10,10.3,0,0,0
4,13,5,20,10.600000000000001,0,0,0
4,13,5,30,10.9,0,0,0
4,13,5,40,11.100000000000001,151,17,23
4,13,5,50,11.4,256,26,44
4,13,6,0,11.700000000000001,0,32,32
4,13,6,10,12.200000000000001,177,73,98
4,13,6,20,12.8,219,89,127
4,13,6,30,13.4,214,107,150
4,13,6,40,14,237,121,176
4,13,6,50,14.600000000000001,181,146,194
4,13,7,0,15.200000000000001,262,156,234
4,13,7,10,15.9,310,166,269
4,13,7,20,16.7,407,173,321
4,13,7,30,17.400000000000002,366,193,337
4,13,7,40,18.1,353,209,359
4,13,7,50,18.900000000000002,361,224,388
4,13,8,0,19.6,389,235,423
4,13,8,10,20,869,75,520
4,13,8,20,20.5,883,77,553
4,13,8,30,20.900000000000002,895,79,585
4,13,8,40,21.3,914,78,618
4,13,8,50,21.8,924,79,648
4,13,9,0,22.200000000000003,933,80,678
4,13,9,10,22.400000000000002,386,296,552
4,13,9,20,22.700000000000003,17,252,264
4,13,9,30,22.900000000000002,12,246,254
4,13,9,40,23.200000000000003,259,356,544
4,13,9,50,23.400000000000002,349,403,662
4,13,10,0,23.700000000000003,971,87,826
4,13,10,10,23.8,972,88,843
4,13,10,20,24,976,89,861
4,13,10,30,24.1,979,89,878
4,13,10,40,24.200000000000003,979,92,892
4,13,10,50,24.400000000000002,981,93,905
4,13,11,0,24.5,984,94,917
4,13,11,10,24.6,986,94,927
4,13,11,20,24.6,987,94,935
4,13,11,30,24.700000000000003,511,319,757
4,13,11,40,24.700000000000003,103,406,495
4,13,11,50,24.8,565,286,774
4,13,12,0,24.8,287,422,670
4,13,12,10,24.8,13,317,328
4,13,12,20,24.8,0,157,157
4,13,12,30,24.8,1,210,211
4,13,12,40,24.8,1,190,191
4,13,12,50,24.8,1,204,206
4,13,13,0,24.8,4,263,267
4,13,13,10,24.8,8,301,308
4,13,13,20,24.700000000000003,11,310,318
4,13,13,30,24.6,582,262,732
4,13,13,40,24.6,576,285,742
4,13,13,50,24.5,933,108,834
4,13,14,0,24.400000000000002,928,107,815
4,13,14,10,24.3,584,256,691
4,13,14,20,24.200000000000003,917,105,771
4,13,14,30,24.1,207,422,568
4,13,14,40,24,459,334,650
4,13,14,50,23.8,373,348,596
4,13,15,0,23.700000000000003,881,101,667
4,13,15,10,23.6,347,327,541
4,13,15,20,23.400000000000002,403,254,493
4,13,15,30,23.200000000000003,167,288,382
4,13,15,40,23.1,75,317,357
4,13,15,50,22.900000000000002,824,89,513
4,13,16,0,22.8,416,206,408
4,13,16,10,22.400000000000002,543,174,423
4,13,16,20,22.1,497,168,380
4,13,16,30,21.700000000000003,299,181,300
4,13,16,40,21.400000000000002,513,138,326
4,13,16,50,21.1,386,162,292
4,13,17,0,20.700000000000003,668,67,269
4,13,17,10,20.1,633,63,234
4,13,17,20,19.5,375,105,195
4,13,17,30,18.900000000000002,270,104,159
4,13,17,40,18.3,264,84,130
4,13,17,50,17.7,441,40,102
4,13,18,0,17.1,0,25,25
4,13,18,10,16.900000000000002,0,10,10
4,13,18,20,16.6,0,6,6
4,13,18,30,16.400000000000002,0,0,0
4,13,18,40,16.2,0,0,0
4,13,18,50,15.9,0,0,0
4,13,19,0,15.700000000000001,0,0,0
4,13,19,10,15.5,0,0,0
4,13,19,20,15.4,0,0,0
4,13,19,30,15.3,0,0,0
4,13,19,40,15.100000000000001,0,0,0
4,13,19,50,15,0,0,0
4,13,20,0,14.9,0,0,0
4,13,20,10,14.8,0,0,0
4,13,20,20,14.600000000000001,0,0,0
4,13,20,30,14.5,0,0,0
4,13,20,40,14.4,0,0,0
4,13,20,50,14.3,0,0,0
4,13,21,0,14.200000000000001,0,0,0
4,13,21,10,13.9,0,0,0
4,13,21,20,13.700000000000001,0,0,0
4,13,21,30,13.5,0,0,0
4,13,21,40,13.200000000000001,0,0,0
4,13,21,50,13,0,0,0
4,13,22,0,12.8,0,0,0
4,13,22,10,12.5,0,0,0
4,13,22,20,12.200000000000001,0,0,0
4,13,22,30,12,0,0,0
4,13,22,40,11.700000000000001,0,0,0
4,13,22,50,11.4,0,0,0
4,13,23,0,11.200000000000001,0,0,0
4,13,23,10,11,0,0,0
4,13,23,20,10.8,0,0,0
4,13,23,30,10.600000000000001,0,0,0
4,13,23,40,10.4,0,0,0
4,13,23,50,10.200000000000001,0,0,0
4,14,0,0,10,0,0,0
4,14,0,10,9.9,0,0,0
4,14,0,20,9.8,0,0,0
4,14,0,30,9.600000000000001,0,0,0
4,14,0,40,9.5,0,0,0
4,14,0,50,9.4,0,0,0
4,14,1,0,9.3,0,0,0
4,14,1,10,9.200000000000001,0,0,0
4,14,1,20,9.1,0,0,0
4,14,1,30,9,0,0,0
4,14,1,40,8.9,0,0,0
4,14,1,50,8.8,0,0,0
4,14,2,0,8.700000000000001,0,0,0
4,14,2,10,8.6,0,0,0
4,14,2,20,8.6,0,0,0
4,14,2,30,8.5,0,0,0
4,14,2,40,8.4,0,0,0
4,14,2,50,8.3,0,0,0
4,14,3,0,8.200000000000001,0,0,0
4,14,3,10,8.1,0,0,0
4,14,3,20,8,0,0,0
4,14,3,30,8,0,0,0
4,14,3,40,7.9,0,0,0
4,14,3,50,7.800000000000001,0,0,0
4,14,4,0,7.7,0,0,0
4,14,4,10,7.7,0,0,0
4,14,4,20,7.7,0,0,0
4,14,4,30,7.7,0,0,0
4,14,4,40,7.7,0,0,0
4,14,4,50,7.6000000000000005,0,0,0
4,14,5,0,7.6000000000000005,0,0,0
4,14,5,10,8.3,0,0,0
4,14,5,20,9,0,0,0
4,14,5,30,9.700000000000001,0,0,0
4,14,5,40,10.4,257,16,28
4,14,5,50,11,367,23,51
4,14,6,0,11.700000000000001,456,29,79
4,14,6,10,12.5,529,34,110
4,14,6,20,13.200000000000001,590,39,142
4,14,6,30,14,641,43,176
4,14,6,40,14.8,689,47,212
4,14,6,50,15.5,726,50,248
4,14,7,0,16.3,763,53,285
4,14,7,10,17,791,56,322
4,14,7,20,17.7,815,58,358
4,14,7,30,18.400000000000002,837,61,394
4,14,7,40,19.200000000000003,856,63,430
4,14,7,50,19.900000000000002,873,65,465
4,14,8,0,20.6,889,67,499
4,14,8,10,21,902,68,533
4,14,8,20,21.3,915,70,567
4,14,8,30,21.700000000000003,926,72,599
4,14,8,40,22.1,937,73,631
4,14,8,50,22.5,947,74,661
4,14,9,0,22.8,955,75,690
4,14,9,10,23.1,963,76,719
4,14,9,20,23.3,970,78,745
4,14,9,30,23.6,976,79,771
4,14,9,40,23.8,982,79,795
4,14,9,50,24,987,80,818
4,14,10,0,24.3,992,81,839
4,14,10,10,24.5,996,82,859
4,14,10,20,24.700000000000003,999,83,877
4,14,10,30,24.8,1003,83,894
4,14,10,40,25,1012,80,911
4,14,10,50,25.200000000000003,1014,80,924
4,14,11,0,25.400000000000002,1017,81,935
4,14,11,10,25.5,1018,81,945
4,14,11,20,25.700000000000003,1020,81,953
4,14,11,30,25.8,1021,82,960
4,14,11,40,25.900000000000002,1020,83,964
4,14,11,50,26,1020,83,966
4,14,12,0,26.200000000000003,1020,83,967
4,14,12,10,26.200000000000003,1015,83,962
4,14,12,20,26.3,1015,83,959
4,14,12,30,26.400000000000002,1014,83,955
4,14,12,40,26.400000000000002,1012,83,949
4,14,12,50,26.5,1010,83,940
4,14,13,0,26.5,1008,83,931
4,14,13,10,26.5,1006,82,919
4,14,13,20,26.5,1004,82,906
4,14,13,30,26.5,1001,81,891
4,14,13,40,26.5,996,82,874
4,14,13,50,26.5,992,81,856
4,14,14,0,26.400000000000002,988,80,836
4,14,14,10,26.3,983,79,815
4,14,14,20,26.3,978,78,792
4,14,14,30,26.200000000000003,972,78,768
4,14,14,40,26.1,966,76,743
4,14,14,50,26,959,75,716
4,14,15,0,25.900000000000002,952,74,688
4,14,15,10,25.700000000000003,943,73,659
4,14,15,20,25.5,934,72,629
4,14,15,30,25.3,924,70,597
4,14,15,40,25.200000000000003,914,68,566
4,14,15,50,25,902,67,533
4,14,16,0,24.8,888,65,499
4,14,16,10,24.400000000000002,873,63,464
4,14,16,20,24.1,856,61,429
4,14,16,30,23.700000000000003,838,59,394
4,14,16,40,23.3,819,56,358
4,14,16,50,22.900000000000002,795,54,322
4,14,17,0,22.6,768,51,286
4,14,17,10,21.8,737,48,251
4,14,17,20,21,702,45,215
4,14,17,30,20.200000000000003,660,42,180
4,14,17,40,19.400000000000002,616,37,146
4,14,17,50,18.6,558,33,113
4,14,18,0,17.8,487,28,82
4,14,18,10,17.5,401,22,54
4,14,18,20,17.1,300,16,30
4,14,18,30,16.7,0,0,0
4,14,18,40,16.3,0,0,0
4,14,18,50,16,0,0,0
4,14,19,0,15.600000000000001,0,0,0
4,14,19,10,15.4,0,0,0
4,14,19,20,15.200000000000001,0,0,0
4,14,19,30,15,0,0,0
4,14,19,40,14.8,0,0,0
4,14,19,50,14.600000000000001,0,0,0
4,14,20,0,14.4,0,0,0
4,14,20,10,14.200000000000001,0,0,0
4,14,20,20,14.100000000000001,0,0,0
4,14,20,30,13.9,0,0,0
4,14,20,40,13.700000000000001,0,0,0
4,14,20,50,13.5,0,0,0
4,14,21,0,13.4,0,0,0
4,14,21,10,13.200000000000001,0,0,0
4,14,21,20,13,0,0,0
4,14,21,30,12.8,0,0,0
4,14,21,40,12.600000000000001,0,0,0
4,14,21,50,12.4,0,0,0
4,14,22,0,12.200000000000001,0,0,0
4,14,22,10,12,0,0,0
4,14,22,20,11.8,0,0,0
4,14,22,30,11.5,0,0,0
4,14,22,40,11.3,0,0,0
4,14,22,50,11.100000000000001,0,0,0
4,14,23,0,10.9,0,0,0
4,14,23,10,10.700000000000001,0,0,0
4,14,23,20,10.5,0,0,0
4,14,23,30,10.200000000000001,0,0,0
4,14,23,40,10,0,0,0
4,14,23,50,9.8,0,0,0
4,15,0,0,9.600000000000001,0,0,0
4,15,0,10,9.4,0,0,0
4,15,0,20,9.200000000000001,0,0,0
4,15,0,30,9,0,0,0
4,15,0,40,8.8,0,0,0
4,15,0,50,8.6,0,0,0
4,15,1,0,8.5,0,0,0
4,15,1,10,8.3,0,0,0
4,15,1,20,8.200000000000001,0,0,0
4,15,1,30,8.1,0,0,0
4,15,1,40,7.9,0,0,0
4,15,1,50,7.800000000000001,0,0,0
4,15,2,0,7.7,0,0,0
4,15,2,10,7.6000000000000005,0,0,0
4,15,2,20,7.6000000000000005,0,0,0
4,15,2,30,7.5,0,0,0
4,15,2,40,7.4,0,0,0
4,15,2,50,7.4,0,0,0
4,15,3,0,7.300000000000001,0,0,0
4,15,3,10,7.300000000000001,0,0,0
4,15,3,20,7.2,0,0,0
4,15,3,30,7.2,0,0,0
4,15,3,40,7.1000000000000005,0,0,0
4,15,3,50,7.1000000000000005,0,0,0
4,15,4,0,7,0,0,0
4,15,4,10,7,0,0,0
4,15,4,20,7,0,0,0
4,15,4,30,7,0,0,0
4,15,4,40,7,0,0,0
4,15,4,50,6.9,0,0,0
4,15,5,0,6.9,0,0,0
4,15,5,10,7.6000000000000005,0,0,0
4,15,5,20,8.3,0,0,0
4,15,5,30,9,196,10,14
4,15,5,40,9.700000000000001,335,17,33
4,15,5,50,10.4,444,23,59
4,15,6,0,11,531,28,89
4,15,6,10,11.8,602,33,121
4,15,6,20,12.600000000000001,170,92,123
4,15,6,30,13.3,707,41,191
4,15,6,40,14.100000000000001,748,44,227
4,15,6,50,14.8,783,47,264
4,15,7,0,15.600000000000001,812,50,301
4,15,7,10,16.3,838,52,338
4,15,7,20,16.900000000000002,861,55,375
4,15,7,30,17.6,881,57,412
4,15,7,40,18.2,902,58,448
4,15,7,50,18.8,918,60,484
4,15,8,0,19.5,932,61,519
4,15,8,10,19.8,945,63,554
4,15,8,20,20.1,956,64,587
4,15,8,30,20.400000000000002,967,66,620
4,15,8,40,20.700000000000003,976,67,652
4,15,8,50,21,985,68,683
4,15,9,0,21.400000000000002,992,70,713
4,15,9,10,21.5,1000,71,741
4,15,9,20,21.700000000000003,997,71,762
4,15,9,30,21.900000000000002,1003,72,788
4,15,9,40,22.1,1007,74,812
4,15,9,50,22.3,1012,75,835
4,15,10,0,22.400000000000002,1016,76,857
4,15,10,10,22.5,1020,76,876
4,15,10,20,22.6,1024,77,895
4,15,10,30,22.700000000000003,1027,77,912
4,15,10,40,22.900000000000002,1028,79,926
4,15,10,50,23,1031,79,940
4,15,11,0,23.1,1033,80,951
4,15,11,10,23.1,1035,80,961
4,15,11,20,23.1,1036,80,969
4,15,11,30,23.1,1037,80,975
4,15,11,40,23.1,1038,80,980
4,15,11,50,23.200000000000003,1039,80,983
4,15,12,0,23.200000000000003,576,316,817
4,15,12,10,23.1,655,275,844
4,15,12,20,23,1038,80,980
4,15,12,30,22.900000000000002,1038,80,975
4,15,12,40,22.8,1036,80,969
4,15,12,50,22.700000000000003,1035,80,961
4,15,13,0,22.6,1033,79,951
4,15,13,10,22.5,1031,79,940
4,15,13,20,22.3,1029,79,926
4,15,13,30,22.1,1026,78,911
4,15,13,40,21.900000000000002,1018,80,893
4,15,13,50,21.8,1015,80,875
4,15,14,0,21.6,1011,79,855
4,15,14,10,21.400000000000002,1006,78,834
4,15,14,20,21.1,1001,77,811
4,15,14,30,20.900000000000002,996,76,786
4,15,14,40,20.700000000000003,984,78,759
4,15,14,50,20.400000000000002,977,77,732
4,15,15,0,20.200000000000003,969,76,704
4,15,15,10,19.900000000000002,961,74,674
4,15,15,20,19.6,952,73,644
4,15,15,30,19.3,942,72,612
4,15,15,40,18.900000000000002,910,75,573
4,15,15,50,18.6,897,73,539
4,15,16,0,18.3,883,71,505
4,15,16,10,17.8,867,69,470
4,15,16,20,17.3,843,67,432
4,15,16,30,16.7,824,65,397
4,15,16,40,16.2,756,73,354
4,15,16,50,15.700000000000001,538,39,222
4,15,17,0,15.200000000000001,43,153,167
4,15,17,10,14.3,0,39,39
4,15,17,20,13.5,0,30,30
4,15,17,30,12.700000000000001,0,31,31
4,15,17,40,11.9,3,66,66
4,15,17,50,11.100000000000001,130,82,101
4,15,18,0,10.3,19,58,60
4,15,18,10,9.9,229,31,49
4,15,18,20,9.4,0,3,3
4,15,18,30,9,0,5,5
4,15,18,40,8.5,0,0,0
4,15,18,50,8.1,0,0,0
4,15,19,0,7.6000000000000005,0,0,0
4,15,19,10,7.6000000000000005,0,0,0
4,15,19,20,7.5,0,0,0
4,15,19,30,7.4,0,0,0
4,15,19,40,7.300000000000001,0,0,0
4,15,19,50,7.2,0,0,0
4,15,20,0,7.1000000000000005,0,0,0
4,15,20,10,7.2,0,0,0
4,15,20,20,7.2,0,0,0
4,15,20,30,7.300000000000001,0,0,0
4,15,20,40,7.300000000000001,0,0,0
4,15,20,50,7.4,0,0,0
4,15,21,0,7.4,0,0,0
4,15,21,10,7.5,0,0,0
4,15,21,20,7.5,0,0,0
4,15,21,30,7.6000000000000005,0,0,0
4,15,21,40,7.6000000000000005,0,0,0
4,15,21,50,7.6000000000000005,0,0,0
4,15,22,0,7.7,0,0,0
4,15,22,10,7.6000000000000005,0,0,0
4,15,22,20,7.6000000000000005,0,0,0
4,15,22,30,7.5,0,0,0
4,15,22,40,7.5,0,0,0
4,15,22,50,7.5,0,0,0
4,15,23,0,7.4,0,0,0
4,15,23,10,7.4,0,0,0
4,15,23,20,7.300000000000001,0,0,0
4,15,23,30,7.300000000000001,0,0,0
4,15,23,40,7.2,0,0,0
4,15,23,50,7.2,0,0,0
4,16,0,0,7.1000000000000005,0,0,0
4,16,0,10,7,0,0,0
4,16,0,20,7,0,0,0
4,16,0,30,6.9,0,0,0
4,16,0,40,6.800000000000001,0,0,0
4,16,0,50,6.800000000000001,0,0,0
4,16,1,0,6.7,0,0,0
4,16,1,10,6.6000000000000005,0,0,0
4,16,1,20,6.6000000000000005,0,0,0
4,16,1,30,6.5,0,0,0
4,16,1,40,6.5,0,0,0
4,16,1,50,6.4,0,0,0
4,16,2,0,6.300000000000001,0,0,0
4,16,2,10,6.300000000000001,0,0,0
4,16,2,20,6.2,0,0,0
4,16,2,30,6.2,0,0,0
4,16,2,40,6.1000000000000005,0,0,0
4,16,2,50,6.1000000000000005,0,0,0
4,16,3,0,6,0,0,0
4,16,3,10,6,0,0,0
4,16,3,20,6,0,0,0
4,16,3,30,5.9,0,0,0
4,16,3,40,5.9,0,0,0
4,16,3,50,5.800000000000001,0,0,0
4,16,4,0,5.800000000000001,0,0,0
4,16,4,10,5.7,0,0,0
4,16,4,20,5.7,0,0,0
4,16,4,30,5.6000000000000005,0,0,0
4,16,4,40,5.5,0,0,0
4,16,4,50,5.5,0,0,0
4,16,5,0,5.4,0,0,0
4,16,5,10,5.4,0,0,0
4,16,5,20,5.4,0,0,0
4,16,5,30,5.4,0,8,8
4,16,5,40,5.4,1,21,21
4,16,5,50,5.4,0,23,23
4,16,6,0,5.4,1,33,33
4,16,6,10,5.6000000000000005,1,41,41
4,16,6,20,5.9,0,23,23
4,16,6,30,6.1000000000000005,1,52,52
4,16,6,40,6.4,1,46,46
4,16,6,50,6.7,1,52,52
4,16,7,0,6.9,55,153,170
4,16,7,10,7.5,115,183,223
4,16,7,20,8.1,186,190,260
4,16,7,30,8.6,387,168,325
4,16,7,40,9.200000000000001,488,160,373
4,16,7,50,9.8,195,210,301
4,16,8,0,10.4,192,225,320
4,16,8,10,11,253,236,369
4,16,8,20,11.5,304,237,405
4,16,8,30,12.100000000000001,287,258,424
4,16,8,40,12.700000000000001,160,293,390
4,16,8,50,13.3,720,159,611
4,16,9,0,13.8,40,289,316
4,16,9,10,14.200000000000001,55,309,346
4,16,9,20,14.5,146,341,443
4,16,9,30,14.9,8,248,254
4,16,9,40,15.200000000000001,5,199,203
4,16,9,50,15.600000000000001,6,221,225
4,16,10,0,15.9,121,364,458
4,16,10,10,16.2,353,324,602
4,16,10,20,16.400000000000002,528,270,693
4,16,10,30,16.7,569,263,727
4,16,10,40,17,571,284,756
4,16,10,50,17.3,583,292,780
4,16,11,0,17.5,494,332,751
4,16,11,10,17.7,527,320,770
4,16,11,20,18,562,308,792
4,16,11,30,18.2,150,429,559
4,16,11,40,18.400000000000002,95,431,513
4,16,11,50,18.6,5,278,282
4,16,12,0,18.8,85,430,504
4,16,12,10,18.900000000000002,954,91,923
4,16,12,20,19.1,1005,88,962
4,16,12,30,19.200000000000003,1005,88,958
4,16,12,40,19.3,1010,83,953
4,16,12,50,19.5,1009,83,945
4,16,13,0,19.6,1007,82,935
4,16,13,10,19.6,1005,82,924
4,16,13,20,19.6,1002,82,910
4,16,13,30,19.700000000000003,1000,81,896
4,16,13,40,19.700000000000003,981,90,876
4,16,13,50,19.700000000000003,977,89,857
4,16,14,0,19.8,973,88,838
4,16,14,10,19.700000000000003,968,87,817
4,16,14,20,19.6,962,86,794
4,16,14,30,19.5,957,85,770
4,16,14,40,19.400000000000002,949,84,744
4,16,14,50,19.400000000000002,942,83,718
4,16,15,0,19.3,934,82,690
4,16,15,10,19.1,926,81,661
4,16,15,20,18.900000000000002,916,79,631
4,16,15,30,18.7,906,78,599
4,16,15,40,18.5,895,76,568
4,16,15,50,18.3,882,74,535
4,16,16,0,18.2,868,72,501
4,16,16,10,17.8,852,70,466
4,16,16,20,17.5,835,68,432
4,16,16,30,17.2,815,66,396
4,16,16,40,16.900000000000002,798,62,361
4,16,16,50,16.6,774,59,325
4,16,17,0,16.2,746,57,289
4,16,17,10,15.600000000000001,714,53,254
4,16,17,20,14.9,678,50,218
4,16,17,30,14.200000000000001,635,46,183
4,16,17,40,13.5,594,41,150
4,16,17,50,12.9,535,37,117
4,16,18,0,12.200000000000001,465,31,86
4,16,18,10,11.8,383,26,58
4,16,18,20,11.4,278,19,34
4,16,18,30,11.100000000000001,152,11,15
4,16,18,40,10.700000000000001,0,0,0
4,16,18,50,10.3,0,0,0
4,16,19,0,10,0,0,0
4,16,19,10,9.8,0,0,0
4,16,19,20,9.600000000000001,0,0,0
4,16,19,30,9.5,0,0,0
4,16,19,40,9.3,0,0,0
4,16,19,50,9.1,0,0,0
4,16,20,0,9,0,0,0
4,16,20,10,8.8,0,0,0
4,16,20,20,8.6,0,0,0
4,16,20,30,8.5,0,0,0
4,16,20,40,8.3,0,0,0
4,16,20,50,8.200000000000001,0,0,0
4,16,21,0,8,0,0,0
4,16,21,10,7.9,0,0,0
4,16,21,20,7.800000000000001,0,0,0
4,16,21,30,7.7,0,0,0
4,16,21,40,7.6000000000000005,0,0,0
4,16,21,50,7.5,0,0,0
4,16,22,0,7.4,0,0,0
4,16,22,10,7.300000000000001,0,0,0
4,16,22,20,7.2,0,0,0
4,16,22,30,7.1000000000000005,0,0,0
4,16,22,40,7.1000000000000005,0,0,0
4,16,22,50,7,0,0,0
4,16,23,0,6.9,0,0,0
4,16,23,10,6.800000000000001,0,0,0
4,16,23,20,6.7,0,0,0
4,16,23,30,6.6000000000000005,0,0,0
4,16,23,40,6.5,0,0,0
4,16,23,50,6.4,0,0,0
4,17,0,0,6.300000000000001,0,0,0
4,17,0,10,6.2,0,0,0
4,17,0,20,6.1000000000000005,0,0,0
4,17,0,30,6,0,0,0
4,17,0,40,5.9,0,0,0
4,17,0,50,5.800000000000001,0,0,0
4,17,1,0,5.7,0,0,0
4,17,1,10,5.6000000000000005,0,0,0
4,17,1,20,5.5,0,0,0
4,17,1,30,5.4,0,0,0
4,17,1,40,5.300000000000001,0,0,0
4,17,1,50,5.300000000000001,0,0,0
4,17,2,0,5.2,0,0,0
4,17,2,10,5.1000000000000005,0,0,0
4,17,2,20,5.1000000000000005,0,0,0
4,17,2,30,5,0,0,0
4,17,2,40,5,0,0,0
4,17,2,50,4.9,0,0,0
4,17,3,0,4.9,0,0,0
4,17,3,10,4.9,0,0,0
4,17,3,20,4.9,0,0,0
4,17,3,30,4.9,0,0,0
4,17,3,40,4.9,0,0,0
4,17,3,50,4.9,0,0,0
4,17,4,0,4.9,0,0,0
4,17,4,10,5,0,0,0
4,17,4,20,5,0,0,0
4,17,4,30,5.1000000000000005,0,0,0
4,17,4,40,5.2,0,0,0
4,17,4,50,5.2,0,0,0
4,17,5,0,5.300000000000001,0,0,0
4,17,5,10,5.9,0,0,0
4,17,5,20,6.5,0,0,0
4,17,5,30,7.1000000000000005,0,7,7
4,17,5,40,7.7,12,31,32
4,17,5,50,8.200000000000001,381,27,62
4,17,6,0,8.8,464,34,91
4,17,6,10,9.4,7,61,63
4,17,6,20,10.100000000000001,34,94,101
4,17,6,30,10.700000000000001,155,118,152
4,17,6,40,11.3,175,128,173
4,17,6,50,11.9,326,128,221
4,17,7,0,12.5,296,139,233
4,17,7,10,13.100000000000001,371,165,295
4,17,7,20,13.700000000000001,371,181,322
4,17,7,30,14.3,814,66,401
4,17,7,40,14.9,840,67,437
4,17,7,50,15.600000000000001,857,69,472
4,17,8,0,16.2,872,71,506
4,17,8,10,16.6,886,72,540
4,17,8,20,17,898,74,572
4,17,8,30,17.400000000000002,909,75,604
4,17,8,40,17.8,928,73,637
4,17,8,50,18.2,937,75,667
4,17,9,0,18.7,946,76,696
4,17,9,10,19,949,77,721
4,17,9,20,19.3,956,78,747
4,17,9,30,19.6,962,79,772
4,17,9,40,19.900000000000002,965,81,795
4,17,9,50,20.200000000000003,358,400,672
4,17,10,0,20.5,490,360,740
4,17,10,10,20.700000000000003,459,381,744
4,17,10,20,20.900000000000002,485,379,770
4,17,10,30,21.1,491,384,785
4,17,10,40,21.3,500,320,735
4,17,10,50,21.5,431,423,786
4,17,11,0,21.700000000000003,456,418,806
4,17,11,10,21.8,559,375,855
4,17,11,20,22,521,324,775
4,17,11,30,22.1,637,277,831
4,17,11,40,22.3,504,408,848
4,17,11,50,22.400000000000002,595,291,811
4,17,12,0,22.6,530,328,792
4,17,12,10,22.700000000000003,464,428,834
4,17,12,20,22.8,537,392,861
4,17,12,30,22.900000000000002,995,90,954
4,17,12,40,23,996,88,948
4,17,12,50,23.1,479,411,822
4,17,13,0,23.200000000000003,754,216,857
4,17,13,10,23.200000000000003,791,185,850
4,17,13,20,23.200000000000003,783,189,838
4,17,13,30,23.1,839,123,808
4,17,13,40,23.1,819,133,791
4,17,13,50,23.1,571,263,714
4,17,14,0,23.1,164,381,508
4,17,14,10,23,38,331,360
4,17,14,20,23,140,360,464
4,17,14,30,22.900000000000002,67,338,387
4,17,14,40,22.8,289,329,531
4,17,14,50,22.700000000000003,194,330,461
4,17,15,0,22.700000000000003,482,237,551
4,17,15,10,22.5,634,170,569
4,17,15,20,22.3,774,125,594
4,17,15,30,22.200000000000003,717,131,547
4,17,15,40,22,399,265,486
4,17,15,50,21.8,417,204,423
4,17,16,0,21.6,303,256,407
4,17,16,10,21.3,613,135,422
4,17,16,20,21,441,177,370
4,17,16,30,20.6,716,14,306
4,17,16,40,20.3,393,144,292
4,17,16,50,19.900000000000002,623,102,318
4,17,17,0,19.6,192,181,241
4,17,17,10,18.8,82,182,205
4,17,17,20,18.1,135,150,184
4,17,17,30,17.3,539,45,162
4,17,17,40,16.6,2,88,89
4,17,17,50,15.8,13,74,76
4,17,18,0,15.100000000000001,2,44,44
4,17,18,10,14.4,5,43,43
4,17,18,20,13.8,258,21,35
4,17,18,30,13.100000000000001,143,13,16
4,17,18,40,12.5,0,0,0
4,17,18,50,11.8,0,0,0
4,17,19,0,11.200000000000001,0,0,0
4,17,19,10,10.600000000000001,0,0,0
4,17,19,20,10.100000000000001,0,0,0
4,17,19,30,9.5,0,0,0
4,17,19,40,8.9,0,0,0
4,17,19,50,8.4,0,0,0
4,17,20,0,7.800000000000001,0,0,0
4,17,20,10,7.4,0,0,0
4,17,20,20,7,0,0,0
4,17,20,30,6.7,0,0,0
4,17,20,40,6.300000000000001,0,0,0
4,17,20,50,5.9,0,0,0
4,17,21,0,5.5,0,0,0
4,17,21,10,5.2,0,0,0
4,17,21,20,4.9,0,0,0
4,17,21,30,4.6000000000000005,0,0,0
4,17,21,40,4.3,0,0,0
4,17,21,50,4.1000000000000005,0,0,0
4,17,22,0,3.8000000000000003,0,0,0
4,17,22,10,3.5,0,0,0
4,17,22,20,3.3000000000000003,0,0,0
4,17,22,30,3,0,0,0
4,17,22,40,2.8000000000000003,0,0,0
4,17,22,50,2.5,0,0,0
4,17,23,0,2.3000000000000003,0,0,0
4,17,23,10,2,0,0,0
4,17,23,20,1.8,0,0,0
4,17,23,30,1.6,0,0,0
4,17,23,40,1.4000000000000001,0,0,0
4,17,23,50,1.2000000000000002,0,0,0
4,18,0,0,1,0,0,0
4,18,0,10,0.8,0,0,0
4,18,0,20,0.6000000000000001,0,0,0
4,18,0,30,0.4,0,0,0
4,18,0,40,0.2,0,0,0
4,18,0,50,0.1,0,0,0
4,18,1,0,-0.1,0,0,0
4,18,1,10,-0.2,0,0,0
4,18,1,20,-0.3,0,0,0
4,18,1,30,-0.5,0,0,0
4,18,1,40,-0.6,0,0,0
4,18,1,50,-0.7,0,0,0
4,18,2,0,-0.8,0,0,0
4,18,2,10,-0.9,0,0,0
4,18,2,20,-0.9,0,0,0
4,18,2,30,-1,0,0,0
4,18,2,40,-1.1,0,0,0
4,18,2,50,-1.2,0,0,0
4,18,3,0,-1.2,0,0,0
4,18,3,10,-1.3,0,0,0
4,18,3,20,-1.3,0,0,0
4,18,3,30,-1.4,0,0,0
4,18,3,40,-1.4,0,0,0
4,18,3,50,-1.5,0,0,0
4,18,4,0,-1.5,0,0,0
4,18,4,10,-1.5,0,0,0
4,18,4,20,-1.6,0,0,0
4,18,4,30,-1.6,0,0,0
4,18,4,40,-1.6,0,0,0
4,18,4,50,-1.6,0,0,0
4,18,5,0,-1.6,0,0,0
4,18,5,10,-1.4,0,0,0
4,18,5,20,-1.2,0,0,0
4,18,5,30,-1,107,15,19
4,18,5,40,-0.8,0,20,20
4,18,5,50,-0.6,0,32,32
4,18,6,0,-0.5,0,16,16
4,18,6,10,-0.1,0,7,7
4,18,6,20,0.30000000000000004,1,74,75
4,18,6,30,0.7000000000000001,0,39,39
4,18,6,40,1.1,3,124,125
4,18,6,50,1.5,0,90,90
4,18,7,0,1.9000000000000001,3,156,157
4,18,7,10,2.4000000000000004,0,67,67
4,18,7,20,2.8000000000000003,10,211,214
4,18,7,30,3.2,0,86,86
4,18,7,40,3.6,0,115,115
4,18,7,50,4,0,141,141
4,18,8,0,4.5,0,43,43
4,18,8,10,4.800000000000001,0,223,223
4,18,8,20,5.1000000000000005,0,133,133
4,18,8,30,5.5,1,261,261
4,18,8,40,5.800000000000001,0,160,160
4,18,8,50,6.2,0,199,199
4,18,9,0,6.5,0,162,162
4,18,9,10,6.800000000000001,0,213,213
4,18,9,20,7.2,0,158,158
4,18,9,30,7.5,0,217,217
4,18,9,40,7.800000000000001,0,130,130
4,18,9,50,8.1,0,163,163
4,18,10,0,8.4,0,108,108
4,18,10,10,8.700000000000001,0,241,242
4,18,10,20,8.9,0,219,219
4,18,10,30,9.200000000000001,0,205,205
4,18,10,40,9.4,0,211,211
4,18,10,50,9.700000000000001,0,225,225
4,18,11,0,9.9,0,247,247
4,18,11,10,10.100000000000001,0,229,229
4,18,11,20,10.200000000000001,0,200,200
4,18,11,30,10.4,0,211,211
4,18,11,40,10.5,0,204,204
4,18,11,50,10.700000000000001,0,222,222
4,18,12,0,10.8,0,243,243
4,18,12,10,10.9,0,211,211
4,18,12,20,10.9,0,232,232
4,18,12,30,11,0,247,248
4,18,12,40,11,0,158,158
4,18,12,50,11.100000000000001,0,115,115
4,18,13,0,11.100000000000001,0,335,336
4,18,13,10,11.100000000000001,0,149,149
4,18,13,20,11.100000000000001,0,312,312
4,18,13,30,11.100000000000001,0,82,82
4,18,13,40,11,0,281,281
4,18,13,50,11,1,324,324
4,18,14,0,11,0,269,270
4,18,14,10,10.9,0,180,180
4,18,14,20,10.8,0,223,223
4,18,14,30,10.700000000000001,0,223,223
4,18,14,40,10.600000000000001,0,110,110
4,18,14,50,10.5,0,260,261
4,18,15,0,10.4,1,279,279
4,18,15,10,10.200000000000001,1,306,307
4,18,15,20,10.100000000000001,0,138,138
4,18,15,30,9.9,0,208,208
4,18,15,40,9.700000000000001,52,375,403
4,18,15,50,9.600000000000001,0,217,217
4,18,16,0,9.4,0,104,104
4,18,16,10,9.1,0,182,182
4,18,16,20,8.8,20,267,276
4,18,16,30,8.6,1,184,185
4,18,16,40,8.3,70,256,283
4,18,16,50,8,0,39,39
4,18,17,0,7.800000000000001,0,110,110
4,18,17,10,7.4,4,149,150
4,18,17,20,7,0,91,92
4,18,17,30,6.6000000000000005,2,108,108
4,18,17,40,6.2,6,105,106
4,18,17,50,5.800000000000001,0,11,11
4,18,18,0,5.5,0,18,18
4,18,18,10,5.1000000000000005,0,14,14
4,18,18,20,4.800000000000001,0,15,15
4,18,18,30,4.4,0,7,7
4,18,18,40,4.1000000000000005,0,0,0
4,18,18,50,3.8000000000000003,0,0,0
4,18,19,0,3.4000000000000004,0,0,0
4,18,19,10,3.3000000000000003,0,0,0
4,18,19,20,3.1,0,0,0
4,18,19,30,2.9000000000000004,0,0,0
4,18,19,40,2.7,0,0,0
4,18,19,50,2.6,0,0,0
4,18,20,0,2.4000000000000004,0,0,0
4,18,20,10,2.3000000000000003,0,0,0
4,18,20,20,2.2,0,0,0
4,18,20,30,2.1,0,0,0
4,18,20,40,2,0,0,0
4,18,20,50,1.9000000000000001,0,0,0
4,18,21,0,1.9000000000000001,0,0,0
4,18,21,10,1.8,0,0,0
4,18,21,20,1.7000000000000002,0,0,0
4,18,21,30,1.7000000000000002,0,0,0
4,18,21,40,1.6,0,0,0
4,18,21,50,1.6,0,0,0
4,18,22,0,1.5,0,0,0
4,18,22,10,1.5,0,0,0
4,18,22,20,1.4000000000000001,0,0,0
4,18,22,30,1.4000000000000001,0,0,0
4,18,22,40,1.3,0,0,0
4,18,22,50,1.3,0,0,0
4,18,23,0,1.2000000000000002,0,0,0
4,18,23,10,1.2000000000000002,0,0,0
4,18,23,20,1.1,0,0,0
4,18,23,30,1.1,0,0,0
4,18,23,40,1.1,0,0,0
4,18,23,50,1,0,0,0
4,19,0,0,1,0,0,0
4,19,0,10,0.9,0,0,0
4,19,0,20,0.9,0,0,0
4,19,0,30,0.8,0,0,0
4,19,0,40,0.8,0,0,0
4,19,0,50,0.8,0,0,0
4,19,1,0,0.7000000000000001,0,0,0
4,19,1,10,0.7000000000000001,0,0,0
4,19,1,20,0.7000000000000001,0,0,0
4,19,1,30,0.7000000000000001,0,0,0
4,19,1,40,0.7000000000000001,0,0,0
4,19,1,50,0.6000000000000001,0,0,0
4,19,2,0,0.6000000000000001,0,0,0
4,19,2,10,0.6000000000000001,0,0,0
4,19,2,20,0.6000000000000001,0,0,0
4,19,2,30,0.6000000000000001,0,0,0
4,19,2,40,0.6000000000000001,0,0,0
4,19,2,50,0.6000000000000001,0,0,0
4,19,3,0,0.7000000000000001,0,0,0
4,19,3,10,0.6000000000000001,0,0,0
4,19,3,20,0.6000000000000001,0,0,0
4,19,3,30,0.6000000000000001,0,0,0
4,19,3,40,0.5,0,0,0
4,19,3,50,0.5,0,0,0
4,19,4,0,0.5,0,0,0
4,19,4,10,0.5,0,0,0
4,19,4,20,0.5,0,0,0
4,19,4,30,0.5,0,0,0
4,19,4,40,0.5,0,0,0
4,19,4,50,0.5,0,0,0
4,19,5,0,0.5,0,0,0
4,19,5,10,0.8,0,0,0
4,19,5,20,1,0,0,0
4,19,5,30,1.3,80,17,19
4,19,5,40,1.5,0,19,19
4,19,5,50,1.8,0,7,7
4,19,6,0,2,0,44,44
4,19,6,10,2.5,0,16,16
4,19,6,20,3,0,18,18
4,19,6,30,3.4000000000000004,0,21,21
4,19,6,40,3.9000000000000004,0,13,13
4,19,6,50,4.4,0,45,45
4,19,7,0,4.800000000000001,0,63,63
4,19,7,10,5.300000000000001,0,80,80
4,19,7,20,5.7,0,71,71
4,19,7,30,6.2,0,69,69
4,19,7,40,6.6000000000000005,0,109,109
4,19,7,50,7.1000000000000005,0,101,101
4,19,8,0,7.5,0,126,126
4,19,8,10,7.9,0,127,127
4,19,8,20,8.200000000000001,0,62,62
4,19,8,30,8.6,0,127,128
4,19,8,40,8.9,0,45,45
4,19,8,50,9.3,0,65,65
4,19,9,0,9.600000000000001,0,118,118
4,19,9,10,9.9,0,117,117
4,19,9,20,10.100000000000001,0,189,190
4,19,9,30,10.3,0,180,180
4,19,9,40,10.600000000000001,0,208,209
4,19,9,50,10.8,0,238,238
4,19,10,0,11,0,249,249
4,19,10,10,11.100000000000001,0,303,303
4,19,10,20,11.200000000000001,0,321,321
4,19,10,30,11.3,1,375,375
4,19,10,40,11.3,0,226,226
4,19,10,50,11.4,0,180,180
4,19,11,0,11.5,0,170,170
4,19,11,10,11.5,0,142,142
4,19,11,20,11.4,0,220,220
4,19,11,30,11.3,0,228,228
4,19,11,40,11.3,0,117,117
4,19,11,50,11.200000000000001,0,315,315
4,19,12,0,11.200000000000001,0,289,289
4,19,12,10,11,0,341,341
4,19,12,20,10.9,1,370,371
4,19,12,30,10.8,0,102,102
4,19,12,40,10.700000000000001,0,263,264
4,19,12,50,10.600000000000001,0,304,304
4,19,13,0,10.4,0,257,258
4,19,13,10,10.3,0,294,294
4,19,13,20,10.100000000000001,0,300,301
4,19,13,30,9.9,0,219,219
4,19,13,40,9.700000000000001,0,225,225
4,19,13,50,9.600000000000001,0,127,127
4,19,14,0,9.4,0,59,59
4,19,14,10,9.200000000000001,0,59,59
4,19,14,20,9,0,121,121
4,19,14,30,8.8,1,174,174
4,19,14,40,8.6,5,262,266
4,19,14,50,8.4,0,124,124
4,19,15,0,8.200000000000001,3,234,236
4,19,15,10,8,17,319,330
4,19,15,20,7.800000000000001,2,204,206
4,19,15,30,7.5,5,222,225
4,19,15,40,7.300000000000001,2,177,178
4,19,15,50,7.1000000000000005,0,73,73
4,19,16,0,6.800000000000001,1,134,134
4,19,16,10,6.6000000000000005,0,92,93
4,19,16,20,6.300000000000001,0,84,84
4,19,16,30,6,15,204,210
4,19,16,40,5.7,24,208,217
4,19,16,50,5.4,0,36,36
4,19,17,0,5.2,72,197,220
4,19,17,10,4.9,0,34,34
4,19,17,20,4.6000000000000005,82,156,177
4,19,17,30,4.3,0,44,44
4,19,17,40,4,0,23,23
4,19,17,50,3.6,120,75,94
4,19,18,0,3.3000000000000003,33,75,79
4,19,18,10,3.1,16,53,55
4,19,18,20,2.9000000000000004,7,34,35
4,19,18,30,2.6,0,14,14
4,19,18,40,2.4000000000000004,0,0,0
4,19,18,50,2.2,0,0,0
4,19,19,0,1.9000000000000001,0,0,0
4,19,19,10,1.8,0,0,0
4,19,19,20,1.7000000000000002,0,0,0
4,19,19,30,1.5,0,0,0
4,19,19,40,1.4000000000000001,0,0,0
4,19,19,50,1.3,0,0,0
4,19,20,0,1.1,0,0,0
4,19,20,10,1,0,0,0
4,19,20,20,1,0,0,0
4,19,20,30,0.9,0,0,0
4,19,20,40,0.8,0,0,0
4,19,20,50,0.7000000000000001,0,0,0
4,19,21,0,0.7000000000000001,0,0,0
4,19,21,10,0.6000000000000001,0,0,0
4,19,21,20,0.6000000000000001,0,0,0
4,19,21,30,0.5,0,0,0
4,19,21,40,0.4,0,0,0
4,19,21,50,0.4,0,0,0
4,19,22,0,0.30000000000000004,0,0,0
4,19,22,10,0.30000000000000004,0,0,0
4,19,22,20,0.2,0,0,0
4,19,22,30,0.2,0,0,0
4,19,22,40,0.1,0,0,0
4,19,22,50,0.1,0,0,0
4,19,23,0,0.1,0,0,0
4,19,23,10,0.1,0,0,0
4,19,23,20,0,0,0,0
4,19,23,30,0,0,0,0
4,19,23,40,0,0,0,0
4,19,23,50,0,0,0,0
4,20,0,0,0,0,0,0
4,20,0,10,0,0,0,0
4,20,0,20,0,0,0,0
4,20,0,30,0,0,0,0
4,20,0,40,0,0,0,0
4,20,0,50,0,0,0,0
4,20,1,0,0,0,0,0
4,20,1,10,0,0,0,0
4,20,1,20,-0.1,0,0,0
4,20,1,30,-0.1,0,0,0
4,20,1,40,-0.1,0,0,0
4,20,1,50,-0.1,0,0,0
4,20,2,0,-0.1,0,0,0
4,20,2,10,-0.2,0,0,0
4,20,2,20,-0.2,0,0,0
4,20,2,30,-0.3,0,0,0
4,20,2,40,-0.3,0,0,0
4,20,2,50,-0.4,0,0,0
4,20,3,0,-0.4,0,0,0
4,20,3,10,-0.5,0,0,0
4,20,3,20,-0.6,0,0,0
4,20,3,30,-0.6,0,0,0
4,20,3,40,-0.7,0,0,0
4,20,3,50,-0.8,0,0,0
4,20,4,0,-0.9,0,0,0
4,20,4,10,-0.9,0,0,0
4,20,4,20,-1,0,0,0
4,20,4,30,-1,0,0,0
4,20,4,40,-1.1,0,0,0
4,20,4,50,-1.1,0,0,0
4,20,5,0,-1.2,0,0,0
4,20,5,10,-1,0,0,0
4,20,5,20,-0.7,0,0,0
4,20,5,30,-0.5,0,15,15
4,20,5,40,-0.3,0,31,31
4,20,5,50,-0.1,1,53,53
4,20,6,0,0.1,0,6,6
4,20,6,10,0.5,0,7,7
4,20,6,20,0.8,0,9,9
4,20,6,30,1.2000000000000002,0,11,11
4,20,6,40,1.5,2,82,82
4,20,6,50,1.9000000000000001,1,75,75
4,20,7,0,2.2,0,28,28
4,20,7,10,2.6,1,148,148
4,20,7,20,3,1,114,115
4,20,7,30,3.4000000000000004,9,183,187
4,20,7,40,3.7,8,175,179
4,20,7,50,4.1000000000000005,1,147,148
4,20,8,0,4.5,1,130,130
4,20,8,10,4.9,2,179,180
4,20,8,20,5.300000000000001,31,290,308
4,20,8,30,5.7,26,297,312
4,20,8,40,6.1000000000000005,1,304,305
4,20,8,50,6.5,0,233,233
4,20,9,0,6.9,1,328,329
4,20,9,10,7.2,157,512,621
4,20,9,20,7.6000000000000005,0,250,251
4,20,9,30,7.9,0,244,244
4,20,9,40,8.3,0,227,227
4,20,9,50,8.6,0,213,213
4,20,10,0,9,0,242,242
4,20,10,10,9.200000000000001,0,221,221
4,20,10,20,9.5,0,206,206
4,20,10,30,9.700000000000001,0,194,194
4,20,10,40,9.9,0,183,183
4,20,10,50,10.200000000000001,0,207,207
4,20,11,0,10.4,0,153,153
4,20,11,10,10.5,0,175,175
4,20,11,20,10.600000000000001,0,205,205
4,20,11,30,10.700000000000001,0,142,142
4,20,11,40,10.9,0,165,165
4,20,11,50,11,0,167,168
4,20,12,0,11.100000000000001,0,343,343
4,20,12,10,11.100000000000001,0,229,229
4,20,12,20,11.100000000000001,0,264,264
4,20,12,30,11.100000000000001,0,278,278
4,20,12,40,11.100000000000001,0,92,92
4,20,12,50,11.100000000000001,0,68,68
4,20,13,0,11.100000000000001,0,67,67
4,20,13,10,11,0,120,120
4,20,13,20,10.9,0,305,305
4,20,13,30,10.8,0,195,195
4,20,13,40,10.700000000000001,0,251,251
4,20,13,50,10.5,3,302,305
4,20,14,0,10.4,13,389,399
4,20,14,10,10.200000000000001,0,215,215
4,20,14,20,10,0,264,264
4,20,14,30,9.700000000000001,0,235,236
4,20,14,40,9.5,0,163,163
4,20,14,50,9.3,5,269,272
4,20,15,0,9,0,240,240
4,20,15,10,8.700000000000001,0,200,200
4,20,15,20,8.4,3,216,218
4,20,15,30,8.1,0,146,146
4,20,15,40,7.800000000000001,0,134,134
4,20,15,50,7.4,0,36,36
4,20,16,0,7.1000000000000005,0,62,62
4,20,16,10,6.800000000000001,0,85,85
4,20,16,20,6.5,0,27,27
4,20,16,30,6.1000000000000005,0,62,62
4,20,16,40,5.800000000000001,0,22,22
4,20,16,50,5.5,0,31,31
4,20,17,0,5.1000000000000005,0,11,11
4,20,17,10,4.800000000000001,0,63,63
4,20,17,20,4.4,31,148,156
4,20,17,30,4,63,131,146
4,20,17,40,3.6,2,85,86
4,20,17,50,3.3000000000000003,0,46,46
4,20,18,0,2.9000000000000004,0,27,27
4,20,18,10,2.6,0,16,16
4,20,18,20,2.4000000000000004,0,6,6
4,20,18,30,2.1,0,4,4
4,20,18,40,1.8,0,0,0
4,20,18,50,1.6,0,0,0
4,20,19,0,1.3,0,0,0
4,20,19,10,1.2000000000000002,0,0,0
4,20,19,20,1.1,0,0,0
4,20,19,30,1,0,0,0
4,20,19,40,0.9,0,0,0
4,20,19,50,0.8,0,0,0
4,20,20,0,0.7000000000000001,0,0,0
4,20,20,10,0.7000000000000001,0,0,0
4,20,20,20,0.6000000000000001,0,0,0
4,20,20,30,0.5,0,0,0
4,20,20,40,0.4,0,0,0
4,20,20,50,0.4,0,0,0
4,20,21,0,0.30000000000000004,0,0,0
4,20,21,10,0.2,0,0,0
4,20,21,20,0.1,0,0,0
4,20,21,30,0,0,0,0
4,20,21,40,0,0,0,0
4,20,21,50,-0.1,0,0,0
4,20,22,0,-0.2,0,0,0
4,20,22,10,-0.3,0,0,0
4,20,22,20,-0.4,0,0,0
4,20,22,30,-0.4,0,0,0
4,20,22,40,-0.5,0,0,0
4,20,22,50,-0.6,0,0,0
4,20,23,0,-0.7,0,0,0
4,20,23,10,-0.8,0,0,0
4,20,23,20,-0.9,0,0,0
4,20,23,30,-1,0,0,0
4,20,23,40,-1.1,0,0,0
4,20,23,50,-1.2,0,0,0
4,21,0,0,-1.3,0,0,0
4,21,0,10,-1.3,0,0,0
4,21,0,20,-1.4,0,0,0
4,21,0,30,-1.5,0,0,0
4,21,0,40,-1.6,0,0,0
4,21,0,50,-1.7,0,0,0
4,21,1,0,-1.7,0,0,0
4,21,1,10,-1.8,0,0,0
4,21,1,20,-1.9,0,0,0
4,21,1,30,-1.9,0,0,0
4,21,1,40,-2,0,0,0
4,21,1,50,-2,0,0,0
4,21,2,0,-2.1,0,0,0
4,21,2,10,-2.2,0,0,0
4,21,2,20,-2.2,0,0,0
4,21,2,30,-2.3,0,0,0
4,21,2,40,-2.3,0,0,0
4,21,2,50,-2.4,0,0,0
4,21,3,0,-2.5,0,0,0
4,21,3,10,-2.5,0,0,0
4,21,3,20,-2.5,0,0,0
4,21,3,30,-2.6,0,0,0
4,21,3,40,-2.6,0,0,0
4,21,3,50,-2.7,0,0,0
4,21,4,0,-2.7,0,0,0
4,21,4,10,-2.6,0,0,0
4,21,4,20,-2.5,0,0,0
4,21,4,30,-2.5,0,0,0
4,21,4,40,-2.4,0,0,0
4,21,4,50,-2.3,0,0,0
4,21,5,0,-2.2,0,0,0
4,21,5,10,-1.6,0,0,0
4,21,5,20,-1,0,0,0
4,21,5,30,-0.4,0,8,8
4,21,5,40,0.2,280,27,48
4,21,5,50,0.8,371,34,75
4,21,6,0,1.4000000000000001,447,41,104
4,21,6,10,2,0,19,19
4,21,6,20,2.5,0,29,29
4,21,6,30,3.1,0,45,45
4,21,6,40,3.7,0,62,62
4,21,6,50,4.3,1,95,95
4,21,7,0,4.9,8,157,160
4,21,7,10,5.4,14,184,189
4,21,7,20,6,55,235,256
4,21,7,30,6.5,812,77,424
4,21,7,40,7.1000000000000005,841,77,461
4,21,7,50,7.6000000000000005,858,79,497
4,21,8,0,8.1,874,81,531
4,21,8,10,8.700000000000001,887,83,565
4,21,8,20,9.200000000000001,900,85,598
4,21,8,30,9.700000000000001,911,87,631
4,21,8,40,10.3,929,86,664
4,21,8,50,10.8,938,87,694
4,21,9,0,11.3,947,89,723
4,21,9,10,11.8,954,90,751
4,21,9,20,12.200000000000001,961,91,778
4,21,9,30,12.600000000000001,968,93,803
4,21,9,40,13.100000000000001,978,91,828
4,21,9,50,13.5,983,92,850
4,21,10,0,13.9,988,93,871
4,21,10,10,14.3,992,94,892
4,21,10,20,14.700000000000001,996,95,910
4,21,10,30,15,999,95,926
4,21,10,40,15.4,1001,96,940
4,21,10,50,15.8,1004,97,953
4,21,11,0,16.1,1006,97,965
4,21,11,10,16.400000000000002,1008,98,974
4,21,11,20,16.6,1009,98,982
4,21,11,30,16.900000000000002,1010,98,988
4,21,11,40,17.2,1015,96,994
4,21,11,50,17.400000000000002,1015,96,996
4,21,12,0,17.7,1015,96,997
4,21,12,10,17.8,1015,96,996
4,21,12,20,18,1015,96,993
4,21,12,30,18.2,1014,96,988
4,21,12,40,18.3,1015,94,982
4,21,12,50,18.5,1013,94,974
4,21,13,0,18.6,1011,94,964
4,21,13,10,18.7,1009,93,952
4,21,13,20,18.8,1000,92,933
4,21,13,30,18.900000000000002,997,92,917
4,21,13,40,19,979,100,897
4,21,13,50,19.1,975,99,879
4,21,14,0,19.200000000000003,971,98,859
4,21,14,10,19.200000000000003,966,97,838
4,21,14,20,19.200000000000003,961,96,815
4,21,14,30,19.200000000000003,955,95,791
4,21,14,40,19.200000000000003,946,95,765
4,21,14,50,19.200000000000003,938,93,738
4,21,15,0,19.200000000000003,930,92,709
4,21,15,10,19.1,921,91,680
4,21,15,20,18.900000000000002,912,89,650
4,21,15,30,18.8,901,87,618
4,21,15,40,18.7,886,86,586
4,21,15,50,18.6,874,84,552
4,21,16,0,18.5,853,82,515
4,21,16,10,18.2,322,218,372
4,21,16,20,17.900000000000002,85,235,273
4,21,16,30,17.6,142,220,280
4,21,16,40,17.3,145,211,267
4,21,16,50,16.900000000000002,196,187,257
4,21,17,0,16.6,490,117,277
4,21,17,10,15.9,695,62,267
4,21,17,20,15.200000000000001,659,58,231
4,21,17,30,14.5,617,54,196
4,21,17,40,13.8,284,98,154
4,21,17,50,13.100000000000001,527,43,130
4,21,18,0,12.4,461,37,98
4,21,18,10,11.9,382,31,69
4,21,18,20,11.4,286,24,43
4,21,18,30,10.9,0,14,14
4,21,18,40,10.4,0,0,0
4,21,18,50,10,0,0,0
4,21,19,0,9.5,0,0,0
4,21,19,10,9.3,0,0,0
4,21,19,20,9.1,0,0,0
4,21,19,30,8.9,0,0,0
4,21,19,40,8.700000000000001,0,0,0
4,21,19,50,8.4,0,0,0
4,21,20,0,8.200000000000001,0,0,0
4,21,20,10,8.200000000000001,0,0,0
4,21,20,20,8.1,0,0,0
4,21,20,30,8,0,0,0
4,21,20,40,7.9,0,0,0
4,21,20,50,7.9,0,0,0
4,21,21,0,7.800000000000001,0,0,0
4,21,21,10,7.7,0,0,0
4,21,21,20,7.7,0,0,0
4,21,21,30,7.6000000000000005,0,0,0
4,21,21,40,7.6000000000000005,0,0,0
4,21,21,50,7.6000000000000005,0,0,0
4,21,22,0,7.5,0,0,0
4,21,22,10,7.5,0,0,0
4,21,22,20,7.4,0,0,0
4,21,22,30,7.4,0,0,0
4,21,22,40,7.4,0,0,0
4,21,22,50,7.300000000000001,0,0,0
4,21,23,0,7.300000000000001,0,0,0
4,21,23,10,7.2,0,0,0
4,21,23,20,7.2,0,0,0
4,21,23,30,7.2,0,0,0
4,21,23,40,7.1000000000000005,0,0,0
4,21,23,50,7.1000000000000005,0,0,0
4,22,0,0,7.1000000000000005,0,0,0
4,22,0,10,7.1000000000000005,0,0,0
4,22,0,20,7,0,0,0
4,22,0,30,7,0,0,0
4,22,0,40,7,0,0,0
4,22,0,50,7,0,0,0
4,22,1,0,6.9,0,0,0
4,22,1,10,7,0,0,0
4,22,1,20,7,0,0,0
4,22,1,30,7,0,0,0
4,22,1,40,7,0,0,0
4,22,1,50,7,0,0,0
4,22,2,0,7,0,0,0
4,22,2,10,7,0,0,0
4,22,2,20,7.1000000000000005,0,0,0
4,22,2,30,7.1000000000000005,0,0,0
4,22,2,40,7.2,0,0,0
4,22,2,50,7.2,0,0,0
4,22,3,0,7.2,0,0,0
4,22,3,10,7.300000000000001,0,0,0
4,22,3,20,7.300000000000001,0,0,0
4,22,3,30,7.300000000000001,0,0,0
4,22,3,40,7.300000000000001,0,0,0
4,22,3,50,7.300000000000001,0,0,0
4,22,4,0,7.4,0,0,0
4,22,4,10,7.4,0,0,0
4,22,4,20,7.5,0,0,0
4,22,4,30,7.6000000000000005,0,0,0
4,22,4,40,7.7,0,0,0
4,22,4,50,7.800000000000001,0,0,0
4,22,5,0,7.800000000000001,0,0,0
4,22,5,10,8.5,0,0,0
4,22,5,20,9.1,6,9,10
4,22,5,30,9.8,4,24,24
4,22,5,40,10.5,5,38,38
4,22,5,50,11.100000000000001,19,58,60
4,22,6,0,11.8,107,79,94
4,22,6,10,12.5,113,99,119
4,22,6,20,13.200000000000001,23,97,102
4,22,6,30,13.9,225,120,175
4,22,6,40,14.600000000000001,127,144,179
4,22,6,50,15.3,121,159,196
4,22,7,0,16,132,174,219
4,22,7,10,16.7,34,165,177
4,22,7,20,17.3,42,183,200
4,22,7,30,18,758,84,411
4,22,7,40,18.6,39,201,219
4,22,7,50,19.3,57,226,254
4,22,8,0,19.900000000000002,552,167,453
4,22,8,10,20.3,530,181,471
4,22,8,20,20.6,570,171,499
4,22,8,30,20.900000000000002,627,189,565
4,22,8,40,21.3,176,312,422
4,22,8,50,21.6,386,287,538
4,22,9,0,22,382,296,554
4,22,9,10,22.200000000000003,366,312,567
4,22,9,20,22.400000000000002,337,331,573
4,22,9,30,22.6,316,347,580
4,22,9,40,22.8,474,305,664
4,22,9,50,22.900000000000002,252,380,575
4,22,10,0,23.1,375,417,714
4,22,10,10,23.3,922,114,858
4,22,10,20,23.400000000000002,926,116,876
4,22,10,30,23.5,583,285,771
4,22,10,40,23.700000000000003,344,393,684
4,22,10,50,23.8,20,357,375
4,22,11,0,23.900000000000002,209,429,610
4,22,11,10,24,325,412,696
4,22,11,20,24,516,338,792
4,22,11,30,24.1,104,443,535
4,22,11,40,24.200000000000003,14,354,366
4,22,11,50,24.200000000000003,945,120,960
4,22,12,0,24.3,23,385,405
4,22,12,10,24.3,88,419,497
4,22,12,20,24.3,5,285,289
4,22,12,30,24.200000000000003,251,406,628
4,22,12,40,24.200000000000003,122,443,550
4,22,12,50,24.200000000000003,249,400,617
4,22,13,0,24.200000000000003,313,382,653
4,22,13,10,24.1,187,401,560
4,22,13,20,24,133,406,518
4,22,13,30,24,13,306,317
4,22,13,40,23.900000000000002,68,368,423
4,22,13,50,23.8,136,381,490
4,22,14,0,23.8,60,369,417
4,22,14,10,23.700000000000003,141,378,486
4,22,14,20,23.6,39,332,362
4,22,14,30,23.6,15,278,289
4,22,14,40,23.5,28,289,309
4,22,14,50,23.400000000000002,385,285,550
4,22,15,0,23.400000000000002,431,270,557
4,22,15,10,23.200000000000003,446,249,536
4,22,15,20,23.1,573,191,545
4,22,15,30,23,102,274,334
4,22,15,40,22.900000000000002,371,231,441
4,22,15,50,22.8,309,245,412
4,22,16,0,22.6,396,217,419
4,22,16,10,22.3,115,241,296
4,22,16,20,21.900000000000002,140,215,278
4,22,16,30,21.6,72,195,225
4,22,16,40,21.200000000000003,222,187,274
4,22,16,50,20.8,212,177,254
4,22,17,0,20.5,28,137,147
4,22,17,10,19.700000000000003,19,115,120
4,22,17,20,19,1,58,58
4,22,17,30,18.2,2,55,56
4,22,17,40,17.5,6,73,74
4,22,17,50,16.7,5,63,64
4,22,18,0,16,0,29,29
4,22,18,10,15.600000000000001,0,3,3
4,22,18,20,15.200000000000001,1,25,25
4,22,18,30,14.9,0,10,10
4,22,18,40,14.5,0,0,0
4,22,18,50,14.100000000000001,0,0,0
4,22,19,0,13.8,0,0,0
4,22,19,10,13.600000000000001,0,0,0
4,22,19,20,13.5,0,0,0
4,22,19,30,13.3,0,0,0
4,22,19,40,13.200000000000001,0,0,0
4,22,19,50,13,0,0,0
4,22,20,0,12.9,0,0,0
4,22,20,10,12.8,0,0,0
4,22,20,20,12.700000000000001,0,0,0
4,22,20,30,12.600000000000001,0,0,0
4,22,20,40,12.5,0,0,0
4,22,20,50,12.4,0,0,0
4,22,21,0,12.3,0,0,0
4,22,21,10,12.200000000000001,0,0,0
4,22,21,20,12,0,0,0
4,22,21,30,11.9,0,0,0
4,22,21,40,11.700000000000001,0,0,0
4,22,21,50,11.600000000000001,0,0,0
4,22,22,0,11.5,0,0,0
4,22,22,10,11.3,0,0,0
4,22,22,20,11.200000000000001,0,0,0
4,22,22,30,11,0,0,0
4,22,22,40,10.9,0,0,0
4,22,22,50,10.700000000000001,0,0,0
4,22,23,0,10.600000000000001,0,0,0
4,22,23,10,10.4,0,0,0
4,22,23,20,10.3,0,0,0
4,22,23,30,10.100000000000001,0,0,0
4,22,23,40,10,0,0,0
4,22,23,50,9.8,0,0,0
4,23,0,0,9.700000000000001,0,0,0
4,23,0,10,9.4,0,0,0
4,23,0,20,9.200000000000001,0,0,0
4,23,0,30,9,0,0,0
4,23,0,40,8.8,0,0,0
4,23,0,50,8.6,0,0,0
4,23,1,0,8.3,0,0,0
4,23,1,10,8.1,0,0,0
4,23,1,20,7.9,0,0,0
4,23,1,30,7.7,0,0,0
4,23,1,40,7.5,0,0,0
4,23,1,50,7.2,0,0,0
4,23,2,0,7,0,0,0
4,23,2,10,6.800000000000001,0,0,0
4,23,2,20,6.6000000000000005,0,0,0
4,23,2,30,6.4,0,0,0
4,23,2,40,6.2,0,0,0
4,23,2,50,5.9,0,0,0
4,23,3,0,5.7,0,0,0
4,23,3,10,5.5,0,0,0
4,23,3,20,5.300000000000001,0,0,0
4,23,3,30,5.1000000000000005,0,0,0
4,23,3,40,4.9,0,0,0
4,23,3,50,4.7,0,0,0
4,23,4,0,4.5,0,0,0
4,23,4,10,4.5,0,0,0
4,23,4,20,4.4,0,0,0
4,23,4,30,4.3,0,0,0
4,23,4,40,4.3,0,0,0
4,23,4,50,4.2,0,0,0
4,23,5,0,4.1000000000000005,0,0,0
4,23,5,10,4.5,0,0,0
4,23,5,20,4.9,110,11,14
4,23,5,30,5.300000000000001,0,21,21
4,23,5,40,5.800000000000001,6,41,41
4,23,5,50,6.2,30,61,65
4,23,6,0,6.6000000000000005,0,51,51
4,23,6,10,6.9,512,48,141
4,23,6,20,7.300000000000001,1,82,82
4,23,6,30,7.6000000000000005,30,136,143
4,23,6,40,7.9,7,131,133
4,23,6,50,8.3,7,143,145
4,23,7,0,8.6,3,137,139
4,23,7,10,9,50,213,232
4,23,7,20,9.4,3,160,162
4,23,7,30,9.8,781,79,419
4,23,7,40,10.100000000000001,800,82,454
4,23,7,50,10.5,817,84,488
4,23,8,0,10.9,832,87,522
4,23,8,10,11.3,846,89,555
4,23,8,20,11.700000000000001,407,282,517
4,23,8,30,12.100000000000001,4,259,261
4,23,8,40,12.600000000000001,18,302,313
4,23,8,50,13,402,328,590
4,23,9,0,13.4,418,283,566
4,23,9,10,13.8,3,302,305
4,23,9,20,14.3,183,349,481
4,23,9,30,14.700000000000001,294,354,572
4,23,9,40,15.100000000000001,193,380,526
4,23,9,50,15.600000000000001,432,331,667
4,23,10,0,16,562,290,736
4,23,10,10,16.3,158,398,526
4,23,10,20,16.7,425,357,707
4,23,10,30,17,319,400,667
4,23,10,40,17.3,269,411,639
4,23,10,50,17.6,460,350,745
4,23,11,0,17.900000000000002,347,401,702
4,23,11,10,18.1,349,404,710
4,23,11,20,18.3,157,437,576
4,23,11,30,18.400000000000002,279,428,676
4,23,11,40,18.6,315,422,703
4,23,11,50,18.8,646,279,855
4,23,12,0,18.900000000000002,242,438,654
4,23,12,10,19,422,381,757
4,23,12,20,19,447,442,840
4,23,12,30,19.1,938,119,949
4,23,12,40,19.1,924,127,940
4,23,12,50,19.200000000000003,922,126,931
4,23,13,0,19.200000000000003,218,428,617
4,23,13,10,19.200000000000003,745,221,858
4,23,13,20,19.200000000000003,686,245,825
4,23,13,30,19.1,120,424,523
4,23,13,40,19.1,1,157,158
4,23,13,50,19.1,41,416,449
4,23,14,0,19.1,204,466,627
4,23,14,10,19,69,416,470
4,23,14,20,18.900000000000002,878,120,782
4,23,14,30,18.900000000000002,569,262,679
4,23,14,40,18.8,865,117,734
4,23,14,50,18.7,434,336,637
4,23,15,0,18.6,172,400,515
4,23,15,10,18.5,42,337,364
4,23,15,20,18.400000000000002,53,322,354
4,23,15,30,18.2,640,189,570
4,23,15,40,18.1,23,220,233
4,23,15,50,17.900000000000002,308,251,417
4,23,16,0,17.8,110,300,356
4,23,16,10,17.5,761,94,463
4,23,16,20,17.3,743,91,429
4,23,16,30,17,722,88,395
4,23,16,40,16.8,63,227,252
4,23,16,50,16.6,72,211,237
4,23,17,0,16.3,89,196,225
4,23,17,10,15.9,32,170,179
4,23,17,20,15.5,117,149,181
4,23,17,30,15.100000000000001,343,69,150
4,23,17,40,14.700000000000001,7,81,82
4,23,17,50,14.3,2,47,48
4,23,18,0,13.9,21,70,73
4,23,18,10,13.700000000000001,2,37,38
4,23,18,20,13.4,13,39,40
4,23,18,30,13.100000000000001,120,18,23
4,23,18,40,12.8,0,0,0
4,23,18,50,12.5,0,0,0
4,23,19,0,12.200000000000001,0,0,0
4,23,19,10,12.100000000000001,0,0,0
4,23,19,20,11.9,0,0,0
4,23,19,30,11.700000000000001,0,0,0
4,23,19,40,11.600000000000001,0,0,0
4,23,19,50,11.4,0,0,0
4,23,20,0,11.200000000000001,0,0,0
4,23,20,10,11,0,0,0
4,23,20,20,10.9,0,0,0
4,23,20,30,10.700000000000001,0,0,0
4,23,20,40,10.600000000000001,0,0,0
4,23,20,50,10.4,0,0,0
4,23,21,0,10.3,0,0,0
4,23,21,10,10.100000000000001,0,0,0
4,23,21,20,9.9,0,0,0
4,23,21,30,9.700000000000001,0,0,0
4,23,21,40,9.5,0,0,0
4,23,21,50,9.3,0,0,0
4,23,22,0,9.1,0,0,0
4,23,22,10,9,0,0,0
4,23,22,20,8.9,0,0,0
4,23,22,30,8.8,0,0,0
4,23,22,40,8.6,0,0,0
4,23,22,50,8.5,0,0,0
4,23,23,0,8.4,0,0,0
4,23,23,10,8.3,0,0,0
4,23,23,20,8.200000000000001,0,0,0
4,23,23,30,8.1,0,0,0
4,23,23,40,8,0,0,0
4,23,23,50,7.9,0,0,0
4,24,0,0,7.800000000000001,0,0,0
4,24,0,10,7.800000000000001,0,0,0
4,24,0,20,7.7,0,0,0
4,24,0,30,7.7,0,0,0
4,24,0,40,7.6000000000000005,0,0,0
4,24,0,50,7.5,0,0,0
4,24,1,0,7.5,0,0,0
4,24,1,10,7.4,0,0,0
4,24,1,20,7.300000000000001,0,0,0
4,24,1,30,7.2,0,0,0
4,24,1,40,7.1000000000000005,0,0,0
4,24,1,50,6.9,0,0,0
4,24,2,0,6.800000000000001,0,0,0
4,24,2,10,6.7,0,0,0
4,24,2,20,6.6000000000000005,0,0,0
4,24,2,30,6.5,0,0,0
4,24,2,40,6.300000000000001,0,0,0
4,24,2,50,6.2,0,0,0
4,24,3,0,6.1000000000000005,0,0,0
4,24,3,10,6,0,0,0
4,24,3,20,5.9,0,0,0
4,24,3,30,5.800000000000001,0,0,0
4,24,3,40,5.7,0,0,0
4,24,3,50,5.6000000000000005,0,0,0
4,24,4,0,5.5,0,0,0
4,24,4,10,5.5,0,0,0
4,24,4,20,5.5,0,0,0
4,24,4,30,5.6000000000000005,0,0,0
4,24,4,40,5.6000000000000005,0,0,0
4,24,4,50,5.6000000000000005,0,0,0
4,24,5,0,5.6000000000000005,0,0,0
4,24,5,10,6.2,0,0,0
4,24,5,20,6.7,146,12,16
4,24,5,30,7.300000000000001,260,20,35
4,24,5,40,7.800000000000001,364,27,59
4,24,5,50,8.4,446,33,87
4,24,6,0,8.9,519,38,118
4,24,6,10,9.600000000000001,577,43,150
4,24,6,20,10.3,626,47,184
4,24,6,30,11,668,51,219
4,24,6,40,11.8,709,54,254
4,24,6,50,12.5,740,57,290
4,24,7,0,13.200000000000001,768,60,326
4,24,7,10,14,792,63,362
4,24,7,20,14.8,813,65,397
4,24,7,30,15.600000000000001,833,67,432
4,24,7,40,16.400000000000002,851,69,468
4,24,7,50,17.2,862,71,500
4,24,8,0,18,876,73,534
4,24,8,10,18.5,889,75,567
4,24,8,20,19,900,76,599
4,24,8,30,19.6,911,78,630
4,24,8,40,20.1,920,79,661
4,24,8,50,20.6,929,81,691
4,24,9,0,21.1,937,82,719
4,24,9,10,21.5,944,83,746
4,24,9,20,21.900000000000002,951,84,772
4,24,9,30,22.200000000000003,957,85,797
4,24,9,40,22.6,957,88,819
4,24,9,50,22.900000000000002,962,90,841
4,24,10,0,23.3,963,91,858
4,24,10,10,23.5,967,91,878
4,24,10,20,23.700000000000003,971,92,895
4,24,10,30,24,974,93,911
4,24,10,40,24.200000000000003,977,93,925
4,24,10,50,24.400000000000002,979,94,938
4,24,11,0,24.6,527,394,853
4,24,11,10,24.700000000000003,605,359,890
4,24,11,20,24.8,532,397,868
4,24,11,30,24.900000000000002,982,95,968
4,24,11,40,25,968,105,969
4,24,11,50,25.200000000000003,968,105,971
4,24,12,0,25.3,969,105,972
4,24,12,10,25.200000000000003,968,105,970
4,24,12,20,25.200000000000003,968,106,968
4,24,12,30,25.200000000000003,967,105,963
4,24,12,40,25.200000000000003,957,111,955
4,24,12,50,25.1,955,110,946
4,24,13,0,25.1,501,335,770
4,24,13,10,25.1,425,435,800
4,24,13,20,25,605,346,859
4,24,13,30,25,349,453,744
4,24,13,40,25,935,108,877
4,24,13,50,25,931,107,859
4,24,14,0,24.900000000000002,293,445,677
4,24,14,10,24.900000000000002,198,457,610
4,24,14,20,24.8,428,375,699
4,24,14,30,24.700000000000003,219,431,592
4,24,14,40,24.6,384,367,642
4,24,14,50,24.6,76,370,423
4,24,15,0,24.5,21,326,340
4,24,15,10,24.400000000000002,38,278,302
4,24,15,20,24.3,706,176,615
4,24,15,30,24.1,480,274,560
4,24,15,40,24,440,211,462
4,24,15,50,23.900000000000002,44,239,263
4,24,16,0,23.8,117,262,322
4,24,16,10,23.5,70,233,267
4,24,16,20,23.200000000000003,1,96,96
4,24,16,30,22.900000000000002,79,216,250
4,24,16,40,22.700000000000003,638,46,299
4,24,16,50,22.400000000000002,98,196,232
4,24,17,0,22.1,681,71,299
4,24,17,10,21.5,211,161,226
4,24,17,20,20.900000000000002,615,63,230
4,24,17,30,20.3,574,59,196
4,24,17,40,19.700000000000003,519,55,162
4,24,17,50,19.1,465,49,130
4,24,18,0,18.400000000000002,403,43,100
4,24,18,10,18.1,330,35,72
4,24,18,20,17.7,246,27,46
4,24,18,30,17.400000000000002,152,18,25
4,24,18,40,17,0,0,0
4,24,18,50,16.7,0,0,0
4,24,19,0,16.3,0,0,0
4,24,19,10,16.1,0,0,0
4,24,19,20,15.9,0,0,0
4,24,19,30,15.8,0,0,0
4,24,19,40,15.600000000000001,0,0,0
4,24,19,50,15.4,0,0,0
4,24,20,0,15.200000000000001,0,0,0
4,24,20,10,15,0,0,0
4,24,20,20,14.9,0,0,0
4,24,20,30,14.700000000000001,0,0,0
4,24,20,40,14.5,0,0,0
4,24,20,50,14.3,0,0,0
4,24,21,0,14.100000000000001,0,0,0
4,24,21,10,13.8,0,0,0
4,24,21,20,13.5,0,0,0
4,24,21,30,13.200000000000001,0,0,0
4,24,21,40,12.9,0,0,0
4,24,21,50,12.600000000000001,0,0,0
4,24,22,0,12.3,0,0,0
4,24,22,10,12.100000000000001,0,0,0
4,24,22,20,12,0,0,0
4,24,22,30,11.8,0,0,0
4,24,22,40,11.600000000000001,0,0,0
4,24,22,50,11.5,0,0,0
4,24,23,0,11.3,0,0,0
4,24,23,10,11.200000000000001,0,0,0
4,24,23,20,11.100000000000001,0,0,0
4,24,23,30,11.100000000000001,0,0,0
4,24,23,40,11,0,0,0
4,24,23,50,10.9,0,0,0
4,25,0,0,10.8,0,0,0
4,25,0,10,10.700000000000001,0,0,0
4,25,0,20,10.600000000000001,0,0,0
4,25,0,30,10.5,0,0,0
4,25,0,40,10.4,0,0,0
4,25,0,50,10.3,0,0,0
4,25,1,0,10.200000000000001,0,0,0
4,25,1,10,10,0,0,0
4,25,1,20,9.9,0,0,0
4,25,1,30,9.8,0,0,0
4,25,1,40,9.600000000000001,0,0,0
4,25,1,50,9.5,0,0,0
4,25,2,0,9.4,0,0,0
4,25,2,10,9.200000000000001,0,0,0
4,25,2,20,9.1,0,0,0
4,25,2,30,8.9,0,0,0
4,25,2,40,8.700000000000001,0,0,0
4,25,2,50,8.6,0,0,0
4,25,3,0,8.4,0,0,0
4,25,3,10,8.3,0,0,0
4,25,3,20,8.200000000000001,0,0,0
4,25,3,30,8,0,0,0
4,25,3,40,7.9,0,0,0
4,25,3,50,7.800000000000001,0,0,0
4,25,4,0,7.6000000000000005,0,0,0
4,25,4,10,7.6000000000000005,0,0,0
4,25,4,20,7.6000000000000005,0,0,0
4,25,4,30,7.6000000000000005,0,0,0
4,25,4,40,7.6000000000000005,0,0,0
4,25,4,50,7.6000000000000005,0,0,0
4,25,5,0,7.6000000000000005,0,0,0
4,25,5,10,8.1,0,0,0
4,25,5,20,8.6,182,13,19
4,25,5,30,9.1,304,20,39
4,25,5,40,9.600000000000001,403,27,64
4,25,5,50,10.100000000000001,485,32,93
4,25,6,0,10.600000000000001,553,37,124
4,25,6,10,11.200000000000001,609,42,157
4,25,6,20,11.8,657,45,191
4,25,6,30,12.3,697,49,226
4,25,6,40,12.9,731,52,262
4,25,6,50,13.5,762,55,297
4,25,7,0,14.100000000000001,788,58,334
4,25,7,10,14.700000000000001,812,60,370
4,25,7,20,15.4,833,62,405
4,25,7,30,16,851,65,441
4,25,7,40,16.6,867,67,476
4,25,7,50,17.3,882,69,510
4,25,8,0,17.900000000000002,895,71,544
4,25,8,10,18.3,908,72,578
4,25,8,20,18.7,919,74,610
4,25,8,30,19.1,929,75,642
4,25,8,40,19.5,939,76,673
4,25,8,50,19.900000000000002,947,78,702
4,25,9,0,20.3,955,79,731
4,25,9,10,20.6,962,80,758
4,25,9,20,20.900000000000002,968,81,784
4,25,9,30,21.200000000000003,974,82,809
4,25,9,40,21.5,978,84,832
4,25,9,50,21.8,982,85,854
4,25,10,0,22.200000000000003,987,85,875
4,25,10,10,22.400000000000002,991,86,894
4,25,10,20,22.6,994,87,912
4,25,10,30,22.900000000000002,997,87,928
4,25,10,40,23.1,998,89,942
4,25,10,50,23.3,996,89,950
4,25,11,0,23.6,998,89,961
4,25,11,10,23.700000000000003,1000,90,971
4,25,11,20,23.900000000000002,1001,90,978
4,25,11,30,24.1,1002,90,984
4,25,11,40,24.200000000000003,1001,92,987
4,25,11,50,24.400000000000002,1001,92,990
4,25,12,0,24.5,1001,92,990
4,25,12,10,24.6,1001,92,989
4,25,12,20,24.6,1001,92,986
4,25,12,30,24.700000000000003,670,272,868
4,25,12,40,24.700000000000003,401,467,822
4,25,12,50,24.8,644,283,849
4,25,13,0,24.8,742,230,876
4,25,13,10,24.700000000000003,149,461,589
4,25,13,20,24.700000000000003,0,49,49
4,25,13,30,24.6,0,96,96
4,25,13,40,24.5,0,54,54
4,25,13,50,24.5,1,150,150
4,25,14,0,24.400000000000002,1,130,130
4,25,14,10,24.200000000000003,54,367,408
4,25,14,20,24,4,226,229
4,25,14,30,23.700000000000003,0,86,86
4,25,14,40,23.5,1,133,133
4,25,14,50,23.3,1,133,133
4,25,15,0,23.1,0,40,40
4,25,15,10,22.700000000000003,11,242,249
4,25,15,20,22.3,1,101,102
4,25,15,30,21.900000000000002,23,247,261
4,25,15,40,21.5,853,94,583
4,25,15,50,21.1,840,92,550
4,25,16,0,20.700000000000003,826,89,517
4,25,16,10,20.200000000000003,810,87,483
4,25,16,20,19.6,792,84,449
4,25,16,30,19,760,31,357
4,25,16,40,18.5,746,79,377
4,25,16,50,17.900000000000002,721,75,341
4,25,17,0,17.400000000000002,242,171,252
4,25,17,10,16.7,663,68,271
4,25,17,20,16.1,534,34,180
4,25,17,30,15.5,0,4,4
4,25,17,40,14.9,205,75,118
4,25,17,50,14.200000000000001,79,69,83
4,25,18,0,13.600000000000001,418,43,104
4,25,18,10,13.3,346,36,75
4,25,18,20,13,7,38,38
4,25,18,30,12.700000000000001,2,21,21
4,25,18,40,12.3,0,2,2
4,25,18,50,12,0,0,0
4,25,19,0,11.700000000000001,0,0,0
4,25,19,10,11.600000000000001,0,0,0
4,25,19,20,11.5,0,0,0
4,25,19,30,11.4,0,0,0
4,25,19,40,11.4,0,0,0
4,25,19,50,11.3,0,0,0
4,25,20,0,11.200000000000001,0,0,0
4,25,20,10,11.100000000000001,0,0,0
4,25,20,20,11.100000000000001,0,0,0
4,25,20,30,11,0,0,0
4,25,20,40,11,0,0,0
4,25,20,50,10.9,0,0,0
4,25,21,0,10.9,0,0,0
4,25,21,10,10.700000000000001,0,0,0
4,25,21,20,10.600000000000001,0,0,0
4,25,21,30,10.5,0,0,0
4,25,21,40,10.4,0,0,0
4,25,21,50,10.3,0,0,0
4,25,22,0,10.200000000000001,0,0,0
4,25,22,10,10,0,0,0
4,25,22,20,9.9,0,0,0
4,25,22,30,9.8,0,0,0
4,25,22,40,9.600000000000001,0,0,0
4,25,22,50,9.5,0,0,0
4,25,23,0,9.4,0,0,0
4,25,23,10,9.200000000000001,0,0,0
4,25,23,20,9.1,0,0,0
4,25,23,30,9,0,0,0
4,25,23,40,8.9,0,0,0
4,25,23,50,8.8,0,0,0
4,26,0,0,8.6,0,0,0
4,26,0,10,8.5,0,0,0
4,26,0,20,8.4,0,0,0
4,26,0,30,8.3,0,0,0
4,26,0,40,8.200000000000001,0,0,0
4,26,0,50,8.1,0,0,0
4,26,1,0,8,0,0,0
4,26,1,10,7.9,0,0,0
4,26,1,20,7.9,0,0,0
4,26,1,30,7.800000000000001,0,0,0
4,26,1,40,7.800000000000001,0,0,0
4,26,1,50,7.7,0,0,0
4,26,2,0,7.7,0,0,0
4,26,2,10,7.7,0,0,0
4,26,2,20,7.6000000000000005,0,0,0
4,26,2,30,7.6000000000000005,0,0,0
4,26,2,40,7.6000000000000005,0,0,0
4,26,2,50,7.6000000000000005,0,0,0
4,26,3,0,7.6000000000000005,0,0,0
4,26,3,10,7.6000000000000005,0,0,0
4,26,3,20,7.5,0,0,0
4,26,3,30,7.5,0,0,0
4,26,3,40,7.5,0,0,0
4,26,3,50,7.5,0,0,0
4,26,4,0,7.5,0,0,0
4,26,4,10,7.5,0,0,0
4,26,4,20,7.5,0,0,0
4,26,4,30,7.5,0,0,0
4,26,4,40,7.6000000000000005,0,0,0
4,26,4,50,7.6000000000000005,0,0,0
4,26,5,0,7.6000000000000005,0,0,0
4,26,5,10,8,0,0,0
4,26,5,20,8.3,1,14,14
4,26,5,30,8.700000000000001,2,27,28
4,26,5,40,9,11,46,47
4,26,5,50,9.4,31,68,72
4,26,6,0,9.8,119,89,108
4,26,6,10,10.200000000000001,161,104,135
4,26,6,20,10.600000000000001,208,117,164
4,26,6,30,11.100000000000001,82,148,169
4,26,6,40,11.5,193,156,212
4,26,6,50,12,706,66,293
4,26,7,0,12.4,734,69,329
4,26,7,10,12.9,759,72,364
4,26,7,20,13.3,781,75,400
4,26,7,30,13.700000000000001,801,78,435
4,26,7,40,14.100000000000001,830,77,471
4,26,7,50,14.5,846,79,505
4,26,8,0,15,861,81,539
4,26,8,10,15.3,873,83,572
4,26,8,20,15.600000000000001,885,84,604
4,26,8,30,16,896,86,636
4,26,8,40,16.3,914,84,668
4,26,8,50,16.6,923,86,697
4,26,9,0,16.900000000000002,931,87,726
4,26,9,10,17.2,938,88,753
4,26,9,20,17.5,945,89,779
4,26,9,30,17.8,951,90,803
4,26,9,40,18.1,962,89,828
4,26,9,50,18.3,966,89,849
4,26,10,0,18.6,971,90,870
4,26,10,10,18.8,975,91,889
4,26,10,20,19,978,91,906
4,26,10,30,19.200000000000003,982,92,922
4,26,10,40,19.400000000000002,983,93,936
4,26,10,50,19.6,986,94,949
4,26,11,0,19.8,988,94,960
4,26,11,10,19.900000000000002,989,95,969
4,26,11,20,20.1,991,95,976
4,26,11,30,20.200000000000003,992,95,982
4,26,11,40,20.3,985,98,982
4,26,11,50,20.400000000000002,985,98,984
4,26,12,0,20.6,985,98,984
4,26,12,10,20.5,985,98,984
4,26,12,20,20.5,264,518,755
4,26,12,30,20.5,480,429,857
4,26,12,40,20.400000000000002,369,403,731
4,26,12,50,20.400000000000002,107,440,534
4,26,13,0,20.400000000000002,409,378,735
4,26,13,10,20.200000000000003,431,363,735
4,26,13,20,20,170,419,564
4,26,13,30,19.8,732,224,839
4,26,13,40,19.700000000000003,449,330,701
4,26,13,50,19.5,344,339,619
4,26,14,0,19.3,10,281,289
4,26,14,10,19,1,155,155
4,26,14,20,18.6,915,105,801
4,26,14,30,18.3,0,122,122
4,26,14,40,17.900000000000002,19,293,307
4,26,14,50,17.6,1,131,131
4,26,15,0,17.2,2,170,172
4,26,15,10,16.7,78,328,379
4,26,15,20,16.3,846,104,635
4,26,15,30,15.8,188,296,409
4,26,15,40,15.3,12,200,206
4,26,15,50,14.8,0,87,87
4,26,16,0,14.4,1,116,117
4,26,16,10,13.9,20,213,223
4,26,16,20,13.5,11,163,168
4,26,16,30,13.100000000000001,15,161,167
4,26,16,40,12.700000000000001,1,86,87
4,26,16,50,12.200000000000001,1,86,87
4,26,17,0,11.8,3,89,90
4,26,17,10,11.5,3,78,79
4,26,17,20,11.100000000000001,2,63,63
4,26,17,30,10.8,5,76,77
4,26,17,40,10.4,0,4,4
4,26,17,50,10.100000000000001,0,4,4
4,26,18,0,9.700000000000001,99,81,96
4,26,18,10,9.4,65,65,72
4,26,18,20,9.200000000000001,183,33,48
4,26,18,30,8.9,5,27,27
4,26,18,40,8.6,0,9,9
4,26,18,50,8.4,0,0,0
4,26,19,0,8.1,0,0,0
4,26,19,10,8,0,0,0
4,26,19,20,7.9,0,0,0
4,26,19,30,7.800000000000001,0,0,0
4,26,19,40,7.7,0,0,0
4,26,19,50,7.6000000000000005,0,0,0
4,26,20,0,7.5,0,0,0
4,26,20,10,7.4,0,0,0
4,26,20,20,7.300000000000001,0,0,0
4,26,20,30,7.2,0,0,0
4,26,20,40,7.1000000000000005,0,0,0
4,26,20,50,7,0,0,0
4,26,21,0,6.9,0,0,0
4,26,21,10,6.800000000000001,0,0,0
4,26,21,20,6.7,0,0,0
4,26,21,30,6.6000000000000005,0,0,0
4,26,21,40,6.5,0,0,0
4,26,21,50,6.4,0,0,0
4,26,22,0,6.300000000000001,0,0,0
4,26,22,10,6.2,0,0,0
4,26,22,20,6.2,0,0,0
4,26,22,30,6.1000000000000005,0,0,0
4,26,22,40,6,0,0,0
4,26,22,50,6,0,0,0
4,26,23,0,5.9,0,0,0
4,26,23,10,5.800000000000001,0,0,0
4,26,23,20,5.7,0,0,0
4,26,23,30,5.6000000000000005,0,0,0
4,26,23,40,5.6000000000000005,0,0,0
4,26,23,50,5.5,0,0,0
4,27,0,0,5.4,0,0,0
4,27,0,10,5.300000000000001,0,0,0
4,27,0,20,5.2,0,0,0
4,27,0,30,5.2,0,0,0
4,27,0,40,5.1000000000000005,0,0,0
4,27,0,50,5,0,0,0
4,27,1,0,4.9,0,0,0
4,27,1,10,4.9,0,0,0
4,27,1,20,4.9,0,0,0
4,27,1,30,4.800000000000001,0,0,0
4,27,1,40,4.800000000000001,0,0,0
4,27,1,50,4.800000000000001,0,0,0
4,27,2,0,4.7,0,0,0
4,27,2,10,4.7,0,0,0
4,27,2,20,4.6000000000000005,0,0,0
4,27,2,30,4.5,0,0,0
4,27,2,40,4.5,0,0,0
4,27,2,50,4.4,0,0,0
4,27,3,0,4.3,0,0,0
4,27,3,10,4.3,0,0,0
4,27,3,20,4.2,0,0,0
4,27,3,30,4.2,0,0,0
4,27,3,40,4.1000000000000005,0,0,0
4,27,3,50,4.1000000000000005,0,0,0
4,27,4,0,4,0,0,0
4,27,4,10,4,0,0,0
4,27,4,20,3.9000000000000004,0,0,0
4,27,4,30,3.9000000000000004,0,0,0
4,27,4,40,3.9000000000000004,0,0,0
4,27,4,50,3.9000000000000004,0,0,0
4,27,5,0,3.8000000000000003,0,0,0
4,27,5,10,3.8000000000000003,0,0,0
4,27,5,20,3.8000000000000003,0,11,11
4,27,5,30,3.8000000000000003,0,15,15
4,27,5,40,3.8000000000000003,1,30,30
4,27,5,50,3.8000000000000003,0,5,5
4,27,6,0,3.8000000000000003,0,7,7
4,27,6,10,3.8000000000000003,0,5,5
4,27,6,20,3.8000000000000003,0,4,4
4,27,6,30,3.8000000000000003,0,6,6
4,27,6,40,3.8000000000000003,0,7,7
4,27,6,50,3.9000000000000004,0,6,6
4,27,7,0,3.9000000000000004,0,8,8
4,27,7,10,3.9000000000000004,0,12,12
4,27,7,20,3.9000000000000004,0,8,8
4,27,7,30,3.9000000000000004,0,9,9
4,27,7,40,3.9000000000000004,0,15,15
4,27,7,50,3.9000000000000004,0,21,21
4,27,8,0,3.9000000000000004,0,16,16
4,27,8,10,3.9000000000000004,0,21,21
4,27,8,20,3.9000000000000004,0,18,18
4,27,8,30,3.9000000000000004,0,24,24
4,27,8,40,4,0,32,32
4,27,8,50,4,0,34,34
4,27,9,0,4,0,33,33
4,27,9,10,4.1000000000000005,0,30,30
4,27,9,20,4.1000000000000005,0,42,42
4,27,9,30,4.1000000000000005,0,70,71
4,27,9,40,4.2,0,51,51
4,27,9,50,4.2,0,30,30
4,27,10,0,4.2,0,40,40
4,27,10,10,4.3,0,43,43
4,27,10,20,4.3,0,67,67
4,27,10,30,4.3,0,121,121
4,27,10,40,4.4,1,162,162
4,27,10,50,4.4,0,95,95
4,27,11,0,4.4,0,98,98
4,27,11,10,4.4,0,114,114
4,27,11,20,4.5,0,134,135
4,27,11,30,4.5,0,169,169
4,27,11,40,4.5,0,165,165
4,27,11,50,4.5,0,157,158
4,27,12,0,4.5,1,203,203
4,27,12,10,4.6000000000000005,3,274,276
4,27,12,20,4.6000000000000005,2,289,292
4,27,12,30,4.6000000000000005,2,271,273
4,27,12,40,4.6000000000000005,2,265,267
4,27,12,50,4.6000000000000005,3,270,272
4,27,13,0,4.7,4,282,286
4,27,13,10,4.7,5,291,295
4,27,13,20,4.800000000000001,6,299,304
4,27,13,30,4.800000000000001,7,295,301
4,27,13,40,4.9,18,340,355
4,27,13,50,4.9,27,351,373
4,27,14,0,5,11,269,278
4,27,14,10,5,10,260,268
4,27,14,20,5.1000000000000005,8,241,247
4,27,14,30,5.1000000000000005,7,221,226
4,27,14,40,5.2,6,237,241
4,27,14,50,5.2,15,267,278
4,27,15,0,5.300000000000001,26,282,300
4,27,15,10,5.300000000000001,28,286,304
4,27,15,20,5.300000000000001,21,244,257
4,27,15,30,5.2,3,155,157
4,27,15,40,5.2,3,145,147
4,27,15,50,5.2,3,140,141
4,27,16,0,5.2,1,93,93
4,27,16,10,5.1000000000000005,0,75,75
4,27,16,20,5,0,67,68
4,27,16,30,4.9,0,48,49
4,27,16,40,4.800000000000001,0,42,42
4,27,16,50,4.7,0,59,59
4,27,17,0,4.6000000000000005,2,81,82
4,27,17,10,4.4,0,42,42
4,27,17,20,4.3,6,93,94
4,27,17,30,4.1000000000000005,8,96,98
4,27,17,40,3.9000000000000004,248,70,124
4,27,17,50,3.7,208,65,102
4,27,18,0,3.6,177,75,102
4,27,18,10,3.4000000000000004,133,61,77
4,27,18,20,3.3000000000000003,65,46,52
4,27,18,30,3.1,10,28,29
4,27,18,40,3,8,13,13
4,27,18,50,2.9000000000000004,0,0,0
4,27,19,0,2.7,0,0,0
4,27,19,10,2.7,0,0,0
4,27,19,20,2.7,0,0,0
4,27,19,30,2.6,0,0,0
4,27,19,40,2.6,0,0,0
4,27,19,50,2.5,0,0,0
4,27,20,0,2.5,0,0,0
4,27,20,10,2.4000000000000004,0,0,0
4,27,20,20,2.4000000000000004,0,0,0
4,27,20,30,2.4000000000000004,0,0,0
4,27,20,40,2.3000000000000003,0,0,0
4,27,20,50,2.3000000000000003,0,0,0
4,27,21,0,2.3000000000000003,0,0,0
4,27,21,10,2.2,0,0,0
4,27,21,20,2.1,0,0,0
4,27,21,30,2,0,0,0
4,27,21,40,1.9000000000000001,0,0,0
4,27,21,50,1.9000000000000001,0,0,0
4,27,22,0,1.8,0,0,0
4,27,22,10,1.7000000000000002,0,0,0
4,27,22,20,1.6,0,0,0
4,27,22,30,1.6,0,0,0
4,27,22,40,1.5,0,0,0
4,27,22,50,1.4000000000000001,0,0,0
4,27,23,0,1.3,0,0,0
4,27,23,10,1.3,0,0,0
4,27,23,20,1.2000000000000002,0,0,0
4,27,23,30,1.2000000000000002,0,0,0
4,27,23,40,1.1,0,0,0
4,27,23,50,1.1,0,0,0
4,28,0,0,1,0,0,0
4,28,0,10,1,0,0,0
4,28,0,20,0.9,0,0,0
4,28,0,30,0.9,0,0,0
4,28,0,40,0.8,0,0,0
4,28,0,50,0.8,0,0,0
4,28,1,0,0.8,0,0,0
4,28,1,10,0.7000000000000001,0,0,0
4,28,1,20,0.6000000000000001,0,0,0
4,28,1,30,0.6000000000000001,0,0,0
4,28,1,40,0.5,0,0,0
4,28,1,50,0.5,0,0,0
4,28,2,0,0.4,0,0,0
4,28,2,10,0.4,0,0,0
4,28,2,20,0.30000000000000004,0,0,0
4,28,2,30,0.30000000000000004,0,0,0
4,28,2,40,0.30000000000000004,0,0,0
4,28,2,50,0.2,0,0,0
4,28,3,0,0.2,0,0,0
4,28,3,10,0.2,0,0,0
4,28,3,20,0.2,0,0,0
4,28,3,30,0.2,0,0,0
4,28,3,40,0.2,0,0,0
4,28,3,50,0.2,0,0,0
4,28,4,0,0.2,0,0,0
4,28,4,10,0.2,0,0,0
4,28,4,20,0.30000000000000004,0,0,0
4,28,4,30,0.4,0,0,0
4,28,4,40,0.4,0,0,0
4,28,4,50,0.5,0,0,0
4,28,5,0,0.6000000000000001,0,0,0
4,28,5,10,0.9,0,0,0
4,28,5,20,1.2000000000000002,152,18,24
4,28,5,30,1.6,250,27,45
4,28,5,40,1.9000000000000001,327,35,70
4,28,5,50,2.2,0,4,4
4,28,6,0,2.6,0,5,5
4,28,6,10,3,0,44,44
4,28,6,20,3.3000000000000003,1,82,82
4,28,6,30,3.7,0,75,75
4,28,6,40,4.1000000000000005,0,65,65
4,28,6,50,4.4,0,19,19
4,28,7,0,4.800000000000001,0,97,97
4,28,7,10,5.1000000000000005,13,182,187
4,28,7,20,5.300000000000001,36,232,248
4,28,7,30,5.6000000000000005,26,230,241
4,28,7,40,5.9,14,221,228
4,28,7,50,6.1000000000000005,1,192,192
4,28,8,0,6.4,12,245,251
4,28,8,10,6.7,22,273,286
4,28,8,20,7,50,307,337
4,28,8,30,7.4,53,316,349
4,28,8,40,7.7,202,378,508
4,28,8,50,8,921,89,705
4,28,9,0,8.3,929,90,733
4,28,9,10,8.6,937,91,760
4,28,9,20,9,943,93,786
4,28,9,30,9.3,949,93,810
4,28,9,40,9.600000000000001,962,90,835
4,28,9,50,10,967,91,857
4,28,10,0,10.3,971,92,878
4,28,10,10,10.700000000000001,980,93,900
4,28,10,20,11,983,93,918
4,28,10,30,11.4,987,94,933
4,28,10,40,11.700000000000001,990,94,948
4,28,10,50,12,993,94,961
4,28,11,0,12.4,995,95,971
4,28,11,10,12.700000000000001,996,95,980
4,28,11,20,13,998,95,988
4,28,11,30,13.3,999,96,994
4,28,11,40,13.600000000000001,1001,95,998
4,28,11,50,13.9,1002,95,1000
4,28,12,0,14.200000000000001,1002,95,1001
4,28,12,10,14.4,1001,95,999
4,28,12,20,14.700000000000001,1001,95,996
4,28,12,30,14.9,996,94,987
4,28,12,40,15.100000000000001,995,94,981
4,28,12,50,15.3,993,94,973
4,28,13,0,15.5,991,93,963
4,28,13,10,15.600000000000001,399,454,800
4,28,13,20,15.700000000000001,211,504,685
4,28,13,30,15.8,984,92,923
4,28,13,40,15.9,955,106,900
4,28,13,50,16,444,410,772
4,28,14,0,16,947,104,863
4,28,14,10,16,471,380,749
4,28,14,20,16,199,453,606
4,28,14,30,15.9,426,373,690
4,28,14,40,15.9,201,430,576
4,28,14,50,15.8,246,407,580
4,28,15,0,15.8,16,328,339
4,28,15,10,15.700000000000001,0,204,204
4,28,15,20,15.5,88,364,420
4,28,15,30,15.4,0,182,182
4,28,15,40,15.3,125,347,420
4,28,15,50,15.200000000000001,102,329,385
4,28,16,0,15,1,182,182
4,28,16,10,14.8,440,237,455
4,28,16,20,14.5,778,89,452
4,28,16,30,14.3,758,86,418
4,28,16,40,14,727,85,382
4,28,16,50,13.8,293,194,304
4,28,17,0,13.5,22,184,192
4,28,17,10,13.100000000000001,10,152,155
4,28,17,20,12.600000000000001,80,138,161
4,28,17,30,12.200000000000001,488,50,172
4,28,17,40,11.700000000000001,16,118,122
4,28,17,50,11.3,460,55,141
4,28,18,0,10.8,400,49,110
4,28,18,10,10.5,1,50,50
4,28,18,20,10.3,248,32,55
4,28,18,30,10,158,23,32
4,28,18,40,9.700000000000001,69,13,15
4,28,18,50,9.5,0,0,0
4,28,19,0,9.200000000000001,0,0,0
4,28,19,10,9.1,0,0,0
4,28,19,20,9,0,0,0
4,28,19,30,8.8,0,0,0
4,28,19,40,8.700000000000001,0,0,0
4,28,19,50,8.5,0,0,0
4,28,20,0,8.4,0,0,0
4,28,20,10,8.200000000000001,0,0,0
4,28,20,20,8.1,0,0,0
4,28,20,30,7.9,0,0,0
4,28,20,40,7.800000000000001,0,0,0
4,28,20,50,7.6000000000000005,0,0,0
4,28,21,0,7.4,0,0,0
4,28,21,10,7.2,0,0,0
4,28,21,20,7,0,0,0
4,28,21,30,6.800000000000001,0,0,0
4,28,21,40,6.7,0,0,0
4,28,21,50,6.5,0,0,0
4,28,22,0,6.300000000000001,0,0,0
4,28,22,10,6,0,0,0
4,28,22,20,5.800000000000001,0,0,0
4,28,22,30,5.5,0,0,0
4,28,22,40,5.300000000000001,0,0,0
4,28,22,50,5.1000000000000005,0,0,0
4,28,23,0,4.800000000000001,0,0,0
4,28,23,10,4.7,0,0,0
4,28,23,20,4.5,0,0,0
4,28,23,30,4.4,0,0,0
4,28,23,40,4.2,0,0,0
4,28,23,50,4.1000000000000005,0,0,0
4,29,0,0,3.9000000000000004,0,0,0
4,29,0,10,3.8000000000000003,0,0,0
4,29,0,20,3.8000000000000003,0,0,0
4,29,0,30,3.7,0,0,0
4,29,0,40,3.6,0,0,0
4,29,0,50,3.5,0,0,0
4,29,1,0,3.4000000000000004,0,0,0
4,29,1,10,3.3000000000000003,0,0,0
4,29,1,20,3.3000000000000003,0,0,0
4,29,1,30,3.2,0,0,0
4,29,1,40,3.2,0,0,0
4,29,1,50,3.1,0,0,0
4,29,2,0,3.1,0,0,0
4,29,2,10,3,0,0,0
4,29,2,20,3,0,0,0
4,29,2,30,3,0,0,0
4,29,2,40,2.9000000000000004,0,0,0
4,29,2,50,2.9000000000000004,0,0,0
4,29,3,0,2.9000000000000004,0,0,0
4,29,3,10,2.8000000000000003,0,0,0
4,29,3,20,2.7,0,0,0
4,29,3,30,2.6,0,0,0
4,29,3,40,2.5,0,0,0
4,29,3,50,2.4000000000000004,0,0,0
4,29,4,0,2.4000000000000004,0,0,0
4,29,4,10,2.4000000000000004,0,0,0
4,29,4,20,2.5,0,0,0
4,29,4,30,2.6,0,0,0
4,29,4,40,2.7,0,0,0
4,29,4,50,2.8000000000000003,0,0,0
4,29,5,0,2.9000000000000004,0,0,0
4,29,5,10,3.6,0,0,0
4,29,5,20,4.2,167,19,26
4,29,5,30,4.9,271,27,48
4,29,5,40,5.6000000000000005,19,57,59
4,29,5,50,6.300000000000001,17,69,72
4,29,6,0,7,39,86,93
4,29,6,10,7.6000000000000005,100,105,125
4,29,6,20,8.200000000000001,103,121,146
4,29,6,30,8.8,72,133,153
4,29,6,40,9.4,65,146,165
4,29,6,50,10,231,160,236
4,29,7,0,10.600000000000001,273,173,272
4,29,7,10,11.100000000000001,409,162,324
4,29,7,20,11.5,469,165,364
4,29,7,30,12,374,224,394
4,29,7,40,12.4,403,234,430
4,29,7,50,12.9,857,80,520
4,29,8,0,13.3,419,228,455
4,29,8,10,13.600000000000001,437,235,484
4,29,8,20,14,328,262,458
4,29,8,30,14.3,127,294,373
4,29,8,40,14.600000000000001,190,322,445
4,29,8,50,14.9,259,299,473
4,29,9,0,15.200000000000001,164,324,438
4,29,9,10,15.5,505,263,625
4,29,9,20,15.700000000000001,454,293,629
4,29,9,30,16,517,285,677
4,29,9,40,16.2,454,382,735
4,29,9,50,16.5,967,94,863
4,29,10,0,16.8,971,95,883
4,29,10,10,17,975,96,902
4,29,10,20,17.2,979,96,919
4,29,10,30,17.400000000000002,982,97,935
4,29,10,40,17.6,984,98,949
4,29,10,50,17.8,987,98,961
4,29,11,0,18.1,989,99,972
4,29,11,10,18.2,986,99,978
4,29,11,20,18.400000000000002,987,99,985
4,29,11,30,18.6,988,100,991
4,29,11,40,18.7,987,101,994
4,29,11,50,18.900000000000002,987,101,996
4,29,12,0,19.1,548,407,904
4,29,12,10,19.200000000000003,987,101,995
4,29,12,20,19.3,816,153,890
4,29,12,30,19.400000000000002,667,264,864
4,29,12,40,19.5,561,316,818
4,29,12,50,19.6,708,247,875
4,29,13,0,19.700000000000003,703,257,874
4,29,13,10,19.8,793,160,850
4,29,13,20,19.8,711,197,807
4,29,13,30,19.900000000000002,756,210,851
4,29,13,40,19.900000000000002,712,226,819
4,29,13,50,19.900000000000002,686,242,804
4,29,14,0,20,637,251,762
4,29,14,10,19.900000000000002,590,264,727
4,29,14,20,19.900000000000002,588,255,706
4,29,14,30,19.900000000000002,386,328,617
4,29,14,40,19.8,137,426,525
4,29,14,50,19.8,521,318,685
4,29,15,0,19.700000000000003,911,92,715
4,29,15,10,19.6,105,381,450
4,29,15,20,19.5,373,279,516
4,29,15,30,19.400000000000002,594,207,568
4,29,15,40,19.200000000000003,871,87,594
4,29,15,50,19.1,859,85,562
4,29,16,0,19,430,248,475
4,29,16,10,18.8,487,179,422
4,29,16,20,18.6,65,269,299
4,29,16,30,18.400000000000002,62,252,279
4,29,16,40,18.2,376,196,350
4,29,16,50,18,180,211,279
4,29,17,0,17.8,178,164,226
4,29,17,10,17.3,1,58,58
4,29,17,20,16.8,1,99,100
4,29,17,30,16.400000000000002,0,9,9
4,29,17,40,15.9,28,98,104
4,29,17,50,15.4,82,105,120
4,29,18,0,15,3,50,50
4,29,18,10,14.600000000000001,2,55,56
4,29,18,20,14.3,69,50,57
4,29,18,30,13.9,0,25,25
4,29,18,40,13.600000000000001,2,14,14
4,29,18,50,13.3,0,0,0
4,29,19,0,12.9,0,0,0
4,29,19,10,12.700000000000001,0,0,0
4,29,19,20,12.5,0,0,0
4,29,19,30,12.3,0,0,0
4,29,19,40,12.100000000000001,0,0,0
4,29,19,50,11.9,0,0,0
4,29,20,0,11.700000000000001,0,0,0
4,29,20,10,11.5,0,0,0
4,29,20,20,11.200000000000001,0,0,0
4,29,20,30,11,0,0,0
4,29,20,40,10.8,0,0,0
4,29,20,50,10.600000000000001,0,0,0
4,29,21,0,10.3,0,0,0
4,29,21,10,10.100000000000001,0,0,0
4,29,21,20,9.9,0,0,0
4,29,21,30,9.600000000000001,0,0,0
4,29,21,40,9.4,0,0,0
4,29,21,50,9.200000000000001,0,0,0
4,29,22,0,8.9,0,0,0
4,29,22,10,8.8,0,0,0
4,29,22,20,8.6,0,0,0
4,29,22,30,8.5,0,0,0
4,29,22,40,8.3,0,0,0
4,29,22,50,8.200000000000001,0,0,0
4,29,23,0,8,0,0,0
4,29,23,10,8,0,0,0
4,29,23,20,7.9,0,0,0
4,29,23,30,7.800000000000001,0,0,0
4,29,23,40,7.7,0,0,0
4,29,23,50,7.7,0,0,0
4,30,0,0,7.6000000000000005,0,0,0
4,30,0,10,7.5,0,0,0
4,30,0,20,7.4,0,0,0
4,30,0,30,7.4,0,0,0
4,30,0,40,7.300000000000001,0,0,0
4,30,0,50,7.2,0,0,0
4,30,1,0,7.2,0,0,0
4,30,1,10,7.1000000000000005,0,0,0
4,30,1,20,7,0,0,0
4,30,1,30,7,0,0,0
4,30,1,40,6.9,0,0,0
4,30,1,50,6.800000000000001,0,0,0
4,30,2,0,6.7,0,0,0
4,30,2,10,6.7,0,0,0
4,30,2,20,6.6000000000000005,0,0,0
4,30,2,30,6.5,0,0,0
4,30,2,40,6.5,0,0,0
4,30,2,50,6.4,0,0,0
4,30,3,0,6.300000000000001,0,0,0
4,30,3,10,6.1000000000000005,0,0,0
4,30,3,20,5.9,0,0,0
4,30,3,30,5.7,0,0,0
4,30,3,40,5.5,0,0,0
4,30,3,50,5.300000000000001,0,0,0
4,30,4,0,5.1000000000000005,0,0,0
4,30,4,10,5.1000000000000005,0,0,0
4,30,4,20,5.1000000000000005,0,0,0
4,30,4,30,5.1000000000000005,0,0,0
4,30,4,40,5.1000000000000005,0,0,0
4,30,4,50,5.1000000000000005,0,0,0
4,30,5,0,5.1000000000000005,0,0,0
4,30,5,10,5.7,93,11,13
4,30,5,20,6.2,207,19,29
4,30,5,30,6.800000000000001,311,27,52
4,30,5,40,7.4,392,34,78
4,30,5,50,8,467,40,107
4,30,6,0,8.6,534,45,139
4,30,6,10,9.1,587,50,172
4,30,6,20,9.700000000000001,633,54,207
4,30,6,30,10.200000000000001,672,58,241
4,30,6,40,10.700000000000001,707,61,277
4,30,6,50,11.3,737,65,312
4,30,7,0,11.8,763,68,348
4,30,7,10,12.3,787,70,384
4,30,7,20,12.8,808,73,420
4,30,7,30,13.3,826,75,455
4,30,7,40,13.8,847,76,490
4,30,7,50,14.200000000000001,862,79,525
4,30,8,0,14.700000000000001,876,80,558
4,30,8,10,15.100000000000001,888,82,591
4,30,8,20,15.5,900,84,623
4,30,8,30,15.9,915,85,658
4,30,8,40,16.3,930,85,690
4,30,8,50,16.7,938,86,719
4,30,9,0,17.1,946,87,748
4,30,9,10,17.400000000000002,953,89,775
4,30,9,20,17.7,959,90,801
4,30,9,30,18,965,91,825
4,30,9,40,18.3,976,89,850
4,30,9,50,18.6,981,90,872
4,30,10,0,18.900000000000002,985,90,892
4,30,10,10,19.1,995,91,916
4,30,10,20,19.400000000000002,998,92,934
4,30,10,30,19.6,1001,92,949
4,30,10,40,19.8,1016,85,966
4,30,10,50,20.1,1018,85,979
4,30,11,0,20.3,1020,86,990
4,30,11,10,20.5,1022,86,999
4,30,11,20,20.6,1023,86,1006
4,30,11,30,20.8,1024,87,1012
4,30,11,40,21,1027,85,1016
4,30,11,50,21.200000000000003,1027,85,1019
4,30,12,0,21.3,1027,85,1019
4,30,12,10,21.400000000000002,1027,85,1018
4,30,12,20,21.5,1033,86,1021
4,30,12,30,21.700000000000003,1032,85,1016
4,30,12,40,21.8,1031,85,1009
4,30,12,50,21.900000000000002,1030,85,1001
4,30,13,0,22,1028,85,991
4,30,13,10,22,1020,84,973
4,30,13,20,22.1,1017,84,959
4,30,13,30,22.1,1015,83,945
4,30,13,40,22.1,998,91,924
4,30,13,50,22.200000000000003,994,90,906
4,30,14,0,22.200000000000003,990,90,887
4,30,14,10,22.200000000000003,986,89,865
4,30,14,20,22.200000000000003,981,88,843
4,30,14,30,22.1,975,87,818
4,30,14,40,22.1,972,84,794
4,30,14,50,22.1,966,83,767
4,30,15,0,22,959,82,739
4,30,15,10,21.900000000000002,467,318,626
4,30,15,20,21.8,943,79,680
4,30,15,30,21.700000000000003,933,78,649
4,30,15,40,21.6,924,76,617
4,30,15,50,21.5,913,75,584
4,30,16,0,21.400000000000002,901,73,550
4,30,16,10,21.200000000000003,584,214,507
4,30,16,20,20.900000000000002,872,69,481
4,30,16,30,20.6,849,67,443
4,30,16,40,20.3,835,64,408
4,30,16,50,20,255,201,298
4,30,17,0,19.700000000000003,72,175,200
4,30,17,10,19.1,653,13,221
4,30,17,20,18.400000000000002,46,145,159
4,30,17,30,17.8,0,6,6
4,30,17,40,17.2,31,108,115
4,30,17,50,16.5,608,43,159
4,30,18,0,15.9,145,61,84
4,30,18,10,15.5,481,34,95
4,30,18,20,15,402,28,66
4,30,18,30,14.600000000000001,306,21,41
4,30,18,40,14.200000000000001,1,14,14
4,30,18,50,13.8,0,0,0
4,30,19,0,13.3,0,0,0
4,30,19,10,13.100000000000001,0,0,0
4,30,19,20,12.8,0,0,0
4,30,19,30,12.600000000000001,0,0,0
4,30,19,40,12.3,0,0,0
4,30,19,50,12.100000000000001,0,0,0
4,30,20,0,11.9,0,0,0
4,30,20,10,11.700000000000001,0,0,0
4,30,20,20,11.5,0,0,0
4,30,20,30,11.3,0,0,0
4,30,20,40,11.100000000000001,0,0,0
4,30,20,50,10.9,0,0,0
4,30,21,0,10.8,0,0,0
4,30,21,10,10.600000000000001,0,0,0
4,30,21,20,10.4,0,0,0
4,30,21,30,10.3,0,0,0
4,30,21,40,10.100000000000001,0,0,0
4,30,21,50,10,0,0,0
4,30,22,0,9.8,0,0,0
4,30,22,10,9.600000000000001,0,0,0
4,30,22,20,9.4,0,0,0
4,30,22,30,9.3,0,0,0
4,30,22,40,9.1,0,0,0
4,30,22,50,8.9,0,0,0
4,30,23,0,8.8,0,0,0
4,30,23,10,8.6,0,0,0
4,30,23,20,8.4,0,0,0
4,30,23,30,8.200000000000001,0,0,0
4,30,23,40,7.9,0,0,0
4,30,23,50,7.7,0,0,0
5,1,0,0,7.5,0,0,0
5,1,0,10,7.300000000000001,0,0,0
5,1,0,20,7.1000000000000005,0,0,0
5,1,0,30,7,0,0,0
5,1,0,40,6.800000000000001,0,0,0
5,1,0,50,6.6000000000000005,0,0,0
5,1,1,0,6.4,0,0,0
5,1,1,10,6.2,0,0,0
5,1,1,20,6.1000000000000005,0,0,0
5,1,1,30,5.9,0,0,0
5,1,1,40,5.800000000000001,0,0,0
5,1,1,50,5.7,0,0,0
5,1,2,0,5.5,0,0,0
5,1,2,10,5.4,0,0,0
5,1,2,20,5.300000000000001,0,0,0
5,1,2,30,5.2,0,0,0
5,1,2,40,5.1000000000000005,0,0,0
5,1,2,50,5.1000000000000005,0,0,0
5,1,3,0,5,0,0,0
5,1,3,10,4.9,0,0,0
5,1,3,20,4.800000000000001,0,0,0
5,1,3,30,4.7,0,0,0
5,1,3,40,4.6000000000000005,0,0,0
5,1,3,50,4.6000000000000005,0,0,0
5,1,4,0,4.5,0,0,0
5,1,4,10,4.6000000000000005,0,0,0
5,1,4,20,4.7,0,0,0
5,1,4,30,4.800000000000001,0,0,0
5,1,4,40,4.800000000000001,0,0,0
5,1,4,50,4.9,0,0,0
5,1,5,0,5,0,0,0
5,1,5,10,5.5,89,12,14
5,1,5,20,5.9,193,20,30
5,1,5,30,6.4,291,28,53
5,1,5,40,6.9,390,35,80
5,1,5,50,7.300000000000001,461,41,109
5,1,6,0,7.800000000000001,522,46,140
5,1,6,10,8.3,578,51,174
5,1,6,20,8.9,623,56,208
5,1,6,30,9.5,662,59,242
5,1,6,40,10.100000000000001,710,61,279
5,1,6,50,10.600000000000001,739,64,315
5,1,7,0,11.200000000000001,765,67,350
5,1,7,10,11.8,788,69,386
5,1,7,20,12.5,808,72,421
5,1,7,30,13.100000000000001,827,74,456
5,1,7,40,13.700000000000001,850,74,492
5,1,7,50,14.4,864,76,526
5,1,8,0,15,878,78,560
5,1,8,10,15.5,890,80,592
5,1,8,20,16.1,901,81,624
5,1,8,30,16.6,911,83,656
5,1,8,40,17.1,920,84,686
5,1,8,50,17.6,929,86,715
5,1,9,0,18.1,936,87,743
5,1,9,10,18.5,943,88,770
5,1,9,20,18.900000000000002,950,89,796
5,1,9,30,19.3,951,91,817
5,1,9,40,19.6,954,93,839
5,1,9,50,20,959,94,861
5,1,10,0,20.400000000000002,963,95,881
5,1,10,10,20.6,967,95,900
5,1,10,20,20.900000000000002,971,96,917
5,1,10,30,21.1,974,97,933
5,1,10,40,21.400000000000002,979,96,947
5,1,10,50,21.6,981,96,960
5,1,11,0,21.900000000000002,980,96,967
5,1,11,10,22,981,97,976
5,1,11,20,22.1,983,98,983
5,1,11,30,22.3,424,462,846
5,1,11,40,22.400000000000002,974,104,990
5,1,11,50,22.5,527,415,895
5,1,12,0,22.700000000000003,253,446,676
5,1,12,10,22.6,192,453,628
5,1,12,20,22.6,68,437,499
5,1,12,30,22.6,283,434,690
5,1,12,40,22.6,13,356,368
5,1,12,50,22.6,44,402,441
5,1,13,0,22.5,461,355,763
5,1,13,10,22.3,91,435,515
5,1,13,20,22,413,360,716
5,1,13,30,21.8,7,311,317
5,1,13,40,21.5,286,387,626
5,1,13,50,21.3,398,339,666
5,1,14,0,21,3,217,219
5,1,14,10,20.6,228,355,535
5,1,14,20,20.1,21,322,338
5,1,14,30,19.700000000000003,48,342,379
5,1,14,40,19.3,221,358,519
5,1,14,50,18.8,48,331,365
5,1,15,0,18.400000000000002,816,133,694
5,1,15,10,18,0,109,109
5,1,15,20,17.5,47,295,325
5,1,15,30,17.1,4,176,179
5,1,15,40,16.6,1,105,106
5,1,15,50,16.2,25,205,219
5,1,16,0,15.700000000000001,4,150,152
5,1,16,10,15.4,55,246,274
5,1,16,20,15,241,234,348
5,1,16,30,14.700000000000001,307,210,347
5,1,16,40,14.3,685,95,380
5,1,16,50,14,660,92,345
5,1,17,0,13.600000000000001,0,6,6
5,1,17,10,13.200000000000001,33,155,166
5,1,17,20,12.9,199,93,151
5,1,17,30,12.5,18,111,115
5,1,17,40,12.100000000000001,228,78,130
5,1,17,50,11.8,5,69,70
5,1,18,0,11.4,34,90,95
5,1,18,10,11,3,61,61
5,1,18,20,10.600000000000001,4,47,48
5,1,18,30,10.200000000000001,0,3,3
5,1,18,40,9.8,0,1,1
5,1,18,50,9.4,0,0,0
5,1,19,0,9,0,0,0
5,1,19,10,8.700000000000001,0,0,0
5,1,19,20,8.5,0,0,0
5,1,19,30,8.3,0,0,0
5,1,19,40,8.1,0,0,0
5,1,19,50,7.9,0,0,0
5,1,20,0,7.7,0,0,0
5,1,20,10,7.6000000000000005,0,0,0
5,1,20,20,7.5,0,0,0
5,1,20,30,7.4,0,0,0
5,1,20,40,7.2,0,0,0
5,1,20,50,7.1000000000000005,0,0,0
5,1,21,0,7,0,0,0
5,1,21,10,6.9,0,0,0
5,1,21,20,6.800000000000001,0,0,0
5,1,21,30,6.800000000000001,0,0,0
5,1,21,40,6.7,0,0,0
5,1,21,50,6.6000000000000005,0,0,0
5,1,22,0,6.5,0,0,0
5,1,22,10,6.5,0,0,0
5,1,22,20,6.5,0,0,0
5,1,22,30,6.5,0,0,0
5,1,22,40,6.5,0,0,0
5,1,22,50,6.5,0,0,0
5,1,23,0,6.5,0,0,0
5,1,23,10,6.4,0,0,0
5,1,23,20,6.300000000000001,0,0,0
5,1,23,30,6.2,0,0,0
5,1,23,40,6.2,0,0,0
5,1,23,50,6.1000000000000005,0,0,0
5,2,0,0,6,0,0,0
5,2,0,10,5.800000000000001,0,0,0
5,2,0,20,5.6000000000000005,0,0,0
5,2,0,30,5.4,0,0,0
5,2,0,40,5.2,0,0,0
5,2,0,50,5,0,0,0
5,2,1,0,4.800000000000001,0,0,0
5,2,1,10,4.6000000000000005,0,0,0
5,2,1,20,4.4,0,0,0
5,2,1,30,4.2,0,0,0
5,2,1,40,4,0,0,0
5,2,1,50,3.8000000000000003,0,0,0
5,2,2,0,3.6,0,0,0
5,2,2,10,3.4000000000000004,0,0,0
5,2,2,20,3.2,0,0,0
5,2,2,30,3,0,0,0
5,2,2,40,2.8000000000000003,0,0,0
5,2,2,50,2.6,0,0,0
5,2,3,0,2.4000000000000004,0,0,0
5,2,3,10,2.1,0,0,0
5,2,3,20,1.9000000000000001,0,0,0
5,2,3,30,1.6,0,0,0
5,2,3,40,1.4000000000000001,0,0,0
5,2,3,50,1.2000000000000002,0,0,0
5,2,4,0,0.9,0,0,0
5,2,4,10,1,0,0,0
5,2,4,20,1,0,0,0
5,2,4,30,1,0,0,0
5,2,4,40,1,0,0,0
5,2,4,50,1,0,0,0
5,2,5,0,1.1,0,0,0
5,2,5,10,1.6,111,13,16
5,2,5,20,2.1,226,21,34
5,2,5,30,2.7,330,29,58
5,2,5,40,3.2,414,36,85
5,2,5,50,3.8000000000000003,487,42,116
5,2,6,0,4.3,548,47,148
5,2,6,10,4.800000000000001,600,52,182
5,2,6,20,5.4,645,57,216
5,2,6,30,5.9,684,60,252
5,2,6,40,6.4,712,65,287
5,2,6,50,7,741,69,323
5,2,7,0,7.5,768,72,359
5,2,7,10,8,791,75,395
5,2,7,20,8.5,805,77,428
5,2,7,30,9,824,80,463
5,2,7,40,9.5,838,83,497
5,2,7,50,10,853,85,532
5,2,8,0,10.600000000000001,867,87,566
5,2,8,10,11,880,89,599
5,2,8,20,11.3,892,91,631
5,2,8,30,11.700000000000001,902,93,663
5,2,8,40,12.100000000000001,909,96,692
5,2,8,50,12.5,918,97,722
5,2,9,0,12.9,926,99,751
5,2,9,10,13.200000000000001,934,101,778
5,2,9,20,13.600000000000001,940,102,804
5,2,9,30,13.9,946,103,828
5,2,9,40,14.200000000000001,944,105,846
5,2,9,50,14.5,949,106,868
5,2,10,0,14.9,953,107,888
5,2,10,10,15.100000000000001,958,108,907
5,2,10,20,15.4,961,109,924
5,2,10,30,15.600000000000001,965,110,940
5,2,10,40,15.9,973,107,956
5,2,10,50,16.1,976,108,968
5,2,11,0,16.400000000000002,978,108,979
5,2,11,10,16.5,980,108,988
5,2,11,20,16.7,981,109,995
5,2,11,30,16.900000000000002,982,109,1001
5,2,11,40,17.1,986,107,1006
5,2,11,50,17.3,986,107,1008
5,2,12,0,17.400000000000002,986,107,1008
5,2,12,10,17.6,986,107,1007
5,2,12,20,17.7,985,107,1003
5,2,12,30,17.8,984,107,998
5,2,12,40,17.900000000000002,986,105,993
5,2,12,50,18,984,105,984
5,2,13,0,18.1,982,104,974
5,2,13,10,18.1,980,104,962
5,2,13,20,18.2,978,103,949
5,2,13,30,18.2,975,103,934
5,2,13,40,18.3,748,179,808
5,2,13,50,18.3,238,494,690
5,2,14,0,18.400000000000002,483,313,703
5,2,14,10,18.3,667,222,750
5,2,14,20,18.3,496,315,699
5,2,14,30,18.3,330,368,617
5,2,14,40,18.2,454,317,650
5,2,14,50,18.2,328,347,580
5,2,15,0,18.2,439,306,608
5,2,15,10,18.1,283,357,546
5,2,15,20,17.900000000000002,521,261,595
5,2,15,30,17.8,382,282,517
5,2,15,40,17.7,229,346,481
5,2,15,50,17.5,168,338,432
5,2,16,0,17.400000000000002,853,85,541
5,2,16,10,17.1,838,83,507
5,2,16,20,16.900000000000002,407,231,425
5,2,16,30,16.6,804,78,438
5,2,16,40,16.3,775,78,401
5,2,16,50,16.1,753,75,366
5,2,17,0,15.8,727,72,331
5,2,17,10,15.3,699,69,296
5,2,17,20,14.8,278,149,230
5,2,17,30,14.3,630,61,225
5,2,17,40,13.8,577,58,190
5,2,17,50,13.4,528,53,157
5,2,18,0,12.9,217,85,120
5,2,18,10,12.5,0,23,23
5,2,18,20,12,0,17,17
5,2,18,30,11.600000000000001,0,16,17
5,2,18,40,11.200000000000001,0,11,11
5,2,18,50,10.8,0,0,0
5,2,19,0,10.4,0,0,0
5,2,19,10,10.3,0,0,0
5,2,19,20,10.100000000000001,0,0,0
5,2,19,30,10,0,0,0
5,2,19,40,9.8,0,0,0
5,2,19,50,9.700000000000001,0,0,0
5,2,20,0,9.5,0,0,0
5,2,20,10,9.4,0,0,0
5,2,20,20,9.3,0,0,0
5,2,20,30,9.200000000000001,0,0,0
5,2,20,40,9.1,0,0,0
5,2,20,50,8.9,0,0,0
5,2,21,0,8.8,0,0,0
5,2,21,10,8.700000000000001,0,0,0
5,2,21,20,8.5,0,0,0
5,2,21,30,8.4,0,0,0
5,2,21,40,8.200000000000001,0,0,0
5,2,21,50,8,0,0,0
5,2,22,0,7.9,0,0,0
5,2,22,10,7.800000000000001,0,0,0
5,2,22,20,7.6000000000000005,0,0,0
5,2,22,30,7.5,0,0,0
5,2,22,40,7.4,0,0,0
5,2,22,50,7.300000000000001,0,0,0
5,2,23,0,7.1000000000000005,0,0,0
5,2,23,10,7.1000000000000005,0,0,0
5,2,23,20,7,0,0,0
5,2,23,30,6.9,0,0,0
5,2,23,40,6.800000000000001,0,0,0
5,2,23,50,6.7,0,0,0
5,3,0,0,6.7,0,0,0
5,3,0,10,6.5,0,0,0
5,3,0,20,6.300000000000001,0,0,0
5,3,0,30,6.2,0,0,0
5,3,0,40,6,0,0,0
5,3,0,50,5.800000000000001,0,0,0
5,3,1,0,5.7,0,0,0
5,3,1,10,5.5,0,0,0
5,3,1,20,5.300000000000001,0,0,0
5,3,1,30,5.1000000000000005,0,0,0
5,3,1,40,5,0,0,0
5,3,1,50,4.800000000000001,0,0,0
5,3,2,0,4.6000000000000005,0,0,0
5,3,2,10,4.5,0,0,0
5,3,2,20,4.4,0,0,0
5,3,2,30,4.3,0,0,0
5,3,2,40,4.2,0,0,0
5,3,2,50,4.1000000000000005,0,0,0
5,3,3,0,4,0,0,0
5,3,3,10,4,0,0,0
5,3,3,20,3.9000000000000004,0,0,0
5,3,3,30,3.9000000000000004,0,0,0
5,3,3,40,3.9000000000000004,0,0,0
5,3,3,50,3.8000000000000003,0,0,0
5,3,4,0,3.8000000000000003,0,0,0
5,3,4,10,3.9000000000000004,0,0,0
5,3,4,20,4,0,0,0
5,3,4,30,4.1000000000000005,0,0,0
5,3,4,40,4.2,0,0,0
5,3,4,50,4.3,0,0,0
5,3,5,0,4.4,0,0,0
5,3,5,10,5,149,13,18
5,3,5,20,5.5,267,21,37
5,3,5,30,6,367,28,62
5,3,5,40,6.5,448,34,89
5,3,5,50,7.1000000000000005,519,40,120
5,3,6,0,7.6000000000000005,577,45,153
5,3,6,10,8.4,627,49,186
5,3,6,20,9.200000000000001,670,53,221
5,3,6,30,10,706,56,256
5,3,6,40,10.8,732,61,291
5,3,6,50,11.600000000000001,761,64,327
5,3,7,0,12.4,786,67,363
5,3,7,10,13.100000000000001,808,69,399
5,3,7,20,13.9,828,72,435
5,3,7,30,14.700000000000001,846,74,470
5,3,7,40,15.4,869,74,507
5,3,7,50,16.2,884,76,541
5,3,8,0,17,897,78,575
5,3,8,10,17.400000000000002,909,80,608
5,3,8,20,17.900000000000002,919,81,641
5,3,8,30,18.3,929,83,672
5,3,8,40,18.8,935,86,702
5,3,8,50,19.3,943,87,731
5,3,9,0,19.700000000000003,950,88,759
5,3,9,10,20,957,90,786
5,3,9,20,20.3,963,91,812
5,3,9,30,20.6,969,92,837
5,3,9,40,20.900000000000002,969,95,859
5,3,9,50,21.200000000000003,968,96,876
5,3,10,0,21.5,973,97,896
5,3,10,10,21.700000000000003,977,98,915
5,3,10,20,21.900000000000002,980,98,932
5,3,10,30,22.1,983,99,948
5,3,10,40,22.3,987,99,962
5,3,10,50,22.6,990,99,974
5,3,11,0,22.8,992,100,985
5,3,11,10,22.900000000000002,447,462,864
5,3,11,20,23.1,411,483,855
5,3,11,30,23.200000000000003,469,457,884
5,3,11,40,23.3,626,373,945
5,3,11,50,23.5,267,540,784
5,3,12,0,23.6,125,487,601
5,3,12,10,23.6,97,462,550
5,3,12,20,23.700000000000003,1,193,193
5,3,12,30,23.700000000000003,319,423,713
5,3,12,40,23.8,101,432,523
5,3,12,50,23.8,43,464,503
5,3,13,0,23.8,199,461,637
5,3,13,10,23.700000000000003,57,445,496
5,3,13,20,23.6,304,418,682
5,3,13,30,23.5,122,451,555
5,3,13,40,23.400000000000002,393,373,703
5,3,13,50,23.3,82,408,476
5,3,14,0,23.200000000000003,24,334,354
5,3,14,10,22.8,121,408,505
5,3,14,20,22.5,15,313,325
5,3,14,30,22.200000000000003,1,179,180
5,3,14,40,21.900000000000002,301,372,594
5,3,14,50,21.6,49,338,373
5,3,15,0,21.3,82,345,402
5,3,15,10,20.6,4,241,244
5,3,15,20,20,6,209,213
5,3,15,30,19.400000000000002,12,222,229
5,3,15,40,18.8,247,298,445
5,3,15,50,18.2,287,279,441
5,3,16,0,17.6,243,271,402
5,3,16,10,16.900000000000002,377,218,409
5,3,16,20,16.1,254,263,385
5,3,16,30,15.4,104,268,315
5,3,16,40,14.700000000000001,730,85,391
5,3,16,50,14,323,196,322
5,3,17,0,13.3,305,182,291
5,3,17,10,12.700000000000001,651,74,287
5,3,17,20,12.100000000000001,203,159,219
5,3,17,30,11.4,578,65,218
5,3,17,40,10.8,515,63,183
5,3,17,50,10.200000000000001,466,58,151
5,3,18,0,9.600000000000001,410,52,120
5,3,18,10,9.1,346,44,91
5,3,18,20,8.6,274,36,65
5,3,18,30,8.1,192,27,41
5,3,18,40,7.5,97,18,22
5,3,18,50,7,0,0,0
5,3,19,0,6.5,0,0,0
5,3,19,10,6.300000000000001,0,0,0
5,3,19,20,6,0,0,0
5,3,19,30,5.7,0,0,0
5,3,19,40,5.5,0,0,0
5,3,19,50,5.2,0,0,0
5,3,20,0,4.9,0,0,0
5,3,20,10,4.800000000000001,0,0,0
5,3,20,20,4.7,0,0,0
5,3,20,30,4.6000000000000005,0,0,0
5,3,20,40,4.5,0,0,0
5,3,20,50,4.4,0,0,0
5,3,21,0,4.3,0,0,0
5,3,21,10,4.3,0,0,0
5,3,21,20,4.2,0,0,0
5,3,21,30,4.1000000000000005,0,0,0
5,3,21,40,4,0,0,0
5,3,21,50,3.9000000000000004,0,0,0
5,3,22,0,3.9000000000000004,0,0,0
5,3,22,10,3.7,0,0,0
5,3,22,20,3.6,0,0,0
5,3,22,30,3.5,0,0,0
5,3,22,40,3.4000000000000004,0,0,0
5,3,22,50,3.3000000000000003,0,0,0
5,3,23,0,3.1,0,0,0
5,3,23,10,3,0,0,0
5,3,23,20,2.9000000000000004,0,0,0
5,3,23,30,2.8000000000000003,0,0,0
5,3,23,40,2.7,0,0,0
5,3,23,50,2.5,0,0,0
5,4,0,0,2.4000000000000004,0,0,0
5,4,0,10,2.3000000000000003,0,0,0
5,4,0,20,2.2,0,0,0
5,4,0,30,2,0,0,0
5,4,0,40,1.9000000000000001,0,0,0
5,4,0,50,1.8,0,0,0
5,4,1,0,1.7000000000000002,0,0,0
5,4,1,10,1.6,0,0,0
5,4,1,20,1.5,0,0,0
5,4,1,30,1.4000000000000001,0,0,0
5,4,1,40,1.4000000000000001,0,0,0
5,4,1,50,1.3,0,0,0
5,4,2,0,1.2000000000000002,0,0,0
5,4,2,10,1.2000000000000002,0,0,0
5,4,2,20,1.1,0,0,0
5,4,2,30,1,0,0,0
5,4,2,40,1,0,0,0
5,4,2,50,0.9,0,0,0
5,4,3,0,0.9,0,0,0
5,4,3,10,0.8,0,0,0
5,4,3,20,0.8,0,0,0
5,4,3,30,0.7000000000000001,0,0,0
5,4,3,40,0.7000000000000001,0,0,0
5,4,3,50,0.6000000000000001,0,0,0
5,4,4,0,0.6000000000000001,0,0,0
5,4,4,10,0.7000000000000001,0,0,0
5,4,4,20,0.8,0,0,0
5,4,4,30,1,0,0,0
5,4,4,40,1.1,0,0,0
5,4,4,50,1.3,0,0,0
5,4,5,0,1.4000000000000001,0,0,0
5,4,5,10,1.9000000000000001,0,7,7
5,4,5,20,2.3000000000000003,0,19,19
5,4,5,30,2.7,0,35,35
5,4,5,40,3.2,0,10,10
5,4,5,50,3.6,0,15,15
5,4,6,0,4.1000000000000005,0,23,23
5,4,6,10,4.5,0,25,25
5,4,6,20,5,0,36,36
5,4,6,30,5.4,0,49,49
5,4,6,40,5.800000000000001,0,55,56
5,4,6,50,6.300000000000001,0,82,83
5,4,7,0,6.7,0,97,97
5,4,7,10,7.2,0,89,89
5,4,7,20,7.7,0,94,94
5,4,7,30,8.1,0,81,81
5,4,7,40,8.6,0,94,94
5,4,7,50,9.1,0,118,118
5,4,8,0,9.600000000000001,0,156,156
5,4,8,10,10,0,185,185
5,4,8,20,10.5,0,191,191
5,4,8,30,11,1,224,225
5,4,8,40,11.5,1,246,247
5,4,8,50,12,1,272,272
5,4,9,0,12.4,2,296,298
5,4,9,10,12.9,2,307,309
5,4,9,20,13.4,7,352,358
5,4,9,30,13.9,16,381,393
5,4,9,40,14.3,64,422,472
5,4,9,50,14.8,114,444,536
5,4,10,0,15.3,117,450,546
5,4,10,10,15.700000000000001,148,486,610
5,4,10,20,16.1,251,502,716
5,4,10,30,16.5,373,469,792
5,4,10,40,16.900000000000002,983,98,960
5,4,10,50,17.3,985,99,972
5,4,11,0,17.7,988,99,983
5,4,11,10,18,989,100,992
5,4,11,20,18.3,986,100,995
5,4,11,30,18.6,987,100,1001
5,4,11,40,18.900000000000002,991,98,1005
5,4,11,50,19.200000000000003,991,98,1007
5,4,12,0,19.5,991,98,1008
5,4,12,10,19.700000000000003,991,98,1006
5,4,12,20,19.900000000000002,991,98,1003
5,4,12,30,20.1,990,98,998
5,4,12,40,20.3,989,98,992
5,4,12,50,20.5,983,97,980
5,4,13,0,20.700000000000003,982,97,970
5,4,13,10,20.8,979,97,958
5,4,13,20,20.8,977,96,945
5,4,13,30,20.900000000000002,974,96,930
5,4,13,40,20.900000000000002,973,93,915
5,4,13,50,21,969,93,897
5,4,14,0,21,962,92,874
5,4,14,10,20.900000000000002,957,91,853
5,4,14,20,20.8,952,90,831
5,4,14,30,20.700000000000003,947,89,807
5,4,14,40,20.6,935,91,781
5,4,14,50,20.5,929,90,755
5,4,15,0,20.400000000000002,918,88,725
5,4,15,10,20.200000000000003,910,87,697
5,4,15,20,19.900000000000002,901,86,668
5,4,15,30,19.700000000000003,891,84,638
5,4,15,40,19.400000000000002,424,282,534
5,4,15,50,19.200000000000003,855,85,570
5,4,16,0,18.900000000000002,583,199,514
5,4,16,10,18.6,360,214,398
5,4,16,20,18.2,67,240,273
5,4,16,30,17.900000000000002,26,191,203
5,4,16,40,17.5,111,210,257
5,4,16,50,17.2,498,143,338
5,4,17,0,16.8,712,72,329
5,4,17,10,16.400000000000002,637,31,241
5,4,17,20,16,475,31,172
5,4,17,30,15.600000000000001,109,93,123
5,4,17,40,15.100000000000001,76,84,102
5,4,17,50,14.700000000000001,3,62,62
5,4,18,0,14.3,0,21,21
5,4,18,10,13.9,416,40,98
5,4,18,20,13.600000000000001,345,33,70
5,4,18,30,13.200000000000001,263,26,46
5,4,18,40,12.9,177,18,26
5,4,18,50,12.600000000000001,0,0,0
5,4,19,0,12.200000000000001,0,0,0
5,4,19,10,12,0,0,0
5,4,19,20,11.8,0,0,0
5,4,19,30,11.600000000000001,0,0,0
5,4,19,40,11.3,0,0,0
5,4,19,50,11.100000000000001,0,0,0
5,4,20,0,10.9,0,0,0
5,4,20,10,10.8,0,0,0
5,4,20,20,10.600000000000001,0,0,0
5,4,20,30,10.5,0,0,0
5,4,20,40,10.3,0,0,0
5,4,20,50,10.200000000000001,0,0,0
5,4,21,0,10.100000000000001,0,0,0
5,4,21,10,9.9,0,0,0
5,4,21,20,9.8,0,0,0
5,4,21,30,9.700000000000001,0,0,0
5,4,21,40,9.600000000000001,0,0,0
5,4,21,50,9.4,0,0,0
5,4,22,0,9.3,0,0,0
5,4,22,10,9.200000000000001,0,0,0
5,4,22,20,9.1,0,0,0
5,4,22,30,9,0,0,0
5,4,22,40,8.9,0,0,0
5,4,22,50,8.700000000000001,0,0,0
5,4,23,0,8.6,0,0,0
5,4,23,10,8.5,0,0,0
5,4,23,20,8.4,0,0,0
5,4,23,30,8.3,0,0,0
5,4,23,40,8.200000000000001,0,0,0
5,4,23,50,8.1,0,0,0
5,5,0,0,8,0,0,0
5,5,0,10,8,0,0,0
5,5,0,20,7.9,0,0,0
5,5,0,30,7.800000000000001,0,0,0
5,5,0,40,7.7,0,0,0
5,5,0,50,7.6000000000000005,0,0,0
5,5,1,0,7.5,0,0,0
5,5,1,10,7.4,0,0,0
5,5,1,20,7.300000000000001,0,0,0
5,5,1,30,7.1000000000000005,0,0,0
5,5,1,40,7,0,0,0
5,5,1,50,6.9,0,0,0
5,5,2,0,6.800000000000001,0,0,0
5,5,2,10,6.7,0,0,0
5,5,2,20,6.6000000000000005,0,0,0
5,5,2,30,6.5,0,0,0
5,5,2,40,6.300000000000001,0,0,0
5,5,2,50,6.2,0,0,0
5,5,3,0,6.1000000000000005,0,0,0
5,5,3,10,6,0,0,0
5,5,3,20,6,0,0,0
5,5,3,30,5.9,0,0,0
5,5,3,40,5.800000000000001,0,0,0
5,5,3,50,5.7,0,0,0
5,5,4,0,5.6000000000000005,0,0,0
5,5,4,10,5.7,0,0,0
5,5,4,20,5.800000000000001,0,0,0
5,5,4,30,5.9,0,0,0
5,5,4,40,6,0,0,0
5,5,4,50,6.1000000000000005,0,0,0
5,5,5,0,6.2,0,0,0
5,5,5,10,6.7,164,15,21
5,5,5,20,7.2,272,23,41
5,5,5,30,7.6000000000000005,365,30,66
5,5,5,40,8.1,5,48,49
5,5,5,50,8.6,20,74,77
5,5,6,0,9.1,56,103,114
5,5,6,10,9.700000000000001,5,71,72
5,5,6,20,10.200000000000001,147,133,171
5,5,6,30,10.8,292,130,214
5,5,6,40,11.4,141,165,210
5,5,6,50,11.9,240,180,264
5,5,7,0,12.5,458,161,337
5,5,7,10,13.200000000000001,39,185,201
5,5,7,20,13.8,359,193,352
5,5,7,30,14.5,417,187,385
5,5,7,40,15.100000000000001,344,218,391
5,5,7,50,15.8,232,245,368
5,5,8,0,16.400000000000002,150,274,358
5,5,8,10,16.900000000000002,470,204,480
5,5,8,20,17.400000000000002,152,294,387
5,5,8,30,17.900000000000002,16,245,255
5,5,8,40,18.400000000000002,6,242,246
5,5,8,50,18.900000000000002,4,199,201
5,5,9,0,19.400000000000002,10,259,266
5,5,9,10,19.8,13,280,290
5,5,9,20,20.1,4,232,235
5,5,9,30,20.400000000000002,9,283,290
5,5,9,40,20.8,1,149,150
5,5,9,50,21.1,2,192,193
5,5,10,0,21.5,2,196,198
5,5,10,10,21.8,1,168,169
5,5,10,20,22.1,0,69,69
5,5,10,30,22.400000000000002,0,36,36
5,5,10,40,22.700000000000003,0,69,69
5,5,10,50,23,0,104,104
5,5,11,0,23.3,50,411,456
5,5,11,10,23.400000000000002,261,406,642
5,5,11,20,23.6,482,345,783
5,5,11,30,23.8,410,388,763
5,5,11,40,24,347,422,740
5,5,11,50,24.1,682,271,898
5,5,12,0,24.3,687,269,900
5,5,12,10,24,667,232,844
5,5,12,20,23.8,490,347,796
5,5,12,30,23.5,626,256,826
5,5,12,40,23.200000000000003,469,436,861
5,5,12,50,23,692,250,873
5,5,13,0,22.700000000000003,713,204,840
5,5,13,10,22.5,536,302,775
5,5,13,20,22.3,599,251,772
5,5,13,30,22.200000000000003,672,249,826
5,5,13,40,22,702,235,829
5,5,13,50,21.8,506,294,715
5,5,14,0,21.6,620,219,724
5,5,14,10,21.8,772,166,782
5,5,14,20,21.900000000000002,750,198,783
5,5,14,30,22,707,170,708
5,5,14,40,22.1,750,144,699
5,5,14,50,22.3,276,338,536
5,5,15,0,22.400000000000002,319,318,539
5,5,15,10,22.5,239,377,538
5,5,15,20,22.6,374,322,565
5,5,15,30,22.700000000000003,400,301,550
5,5,15,40,22.8,863,86,601
5,5,15,50,22.8,504,250,538
5,5,16,0,22.900000000000002,503,238,510
5,5,16,10,22.700000000000003,825,81,504
5,5,16,20,22.5,809,79,471
5,5,16,30,22.3,792,76,437
5,5,16,40,22.1,758,78,400
5,5,16,50,21.900000000000002,736,75,365
5,5,17,0,21.700000000000003,712,72,331
5,5,17,10,21.200000000000003,685,69,297
5,5,17,20,20.700000000000003,655,65,262
5,5,17,30,20.200000000000003,620,61,228
5,5,17,40,19.8,587,56,195
5,5,17,50,19.3,544,52,163
5,5,18,0,18.8,492,46,132
5,5,18,10,18.5,431,41,102
5,5,18,20,18.1,360,34,74
5,5,18,30,17.8,0,15,15
5,5,18,40,17.5,0,11,11
5,5,18,50,17.1,0,3,3
5,5,19,0,16.8,0,0,0
5,5,19,10,16.5,0,0,0
5,5,19,20,16.3,0,0,0
5,5,19,30,16.1,0,0,0
5,5,19,40,15.8,0,0,0
5,5,19,50,15.600000000000001,0,0,0
5,5,20,0,15.3,0,0,0
5,5,20,10,15.100000000000001,0,0,0
5,5,20,20,15,0,0,0
5,5,20,30,14.8,0,0,0
5,5,20,40,14.600000000000001,0,0,0
5,5,20,50,14.4,0,0,0
5,5,21,0,14.200000000000001,0,0,0
5,5,21,10,14.100000000000001,0,0,0
5,5,21,20,13.9,0,0,0
5,5,21,30,13.8,0,0,0
5,5,21,40,13.600000000000001,0,0,0
5,5,21,50,13.5,0,0,0
5,5,22,0,13.3,0,0,0
5,5,22,10,13.100000000000001,0,0,0
5,5,22,20,12.9,0,0,0
5,5,22,30,12.700000000000001,0,0,0
5,5,22,40,12.5,0,0,0
5,5,22,50,12.3,0,0,0
5,5,23,0,12.100000000000001,0,0,0
5,5,23,10,11.9,0,0,0
5,5,23,20,11.8,0,0,0
5,5,23,30,11.600000000000001,0,0,0
5,5,23,40,11.4,0,0,0
5,5,23,50,11.3,0,0,0
5,6,0,0,11.100000000000001,0,0,0
5,6,0,10,11,0,0,0
5,6,0,20,10.9,0,0,0
5,6,0,30,10.8,0,0,0
5,6,0,40,10.700000000000001,0,0,0
5,6,0,50,10.600000000000001,0,0,0
5,6,1,0,10.5,0,0,0
5,6,1,10,10.5,0,0,0
5,6,1,20,10.4,0,0,0
5,6,1,30,10.4,0,0,0
5,6,1,40,10.4,0,0,0
5,6,1,50,10.4,0,0,0
5,6,2,0,10.3,0,0,0
5,6,2,10,10.3,0,0,0
5,6,2,20,10.3,0,0,0
5,6,2,30,10.3,0,0,0
5,6,2,40,10.200000000000001,0,0,0
5,6,2,50,10.200000000000001,0,0,0
5,6,3,0,10.200000000000001,0,0,0
5,6,3,10,9.9,0,0,0
5,6,3,20,9.600000000000001,0,0,0
5,6,3,30,9.3,0,0,0
5,6,3,40,9,0,0,0
5,6,3,50,8.700000000000001,0,0,0
5,6,4,0,8.4,0,0,0
5,6,4,10,8.1,0,0,0
5,6,4,20,7.9,0,0,0
5,6,4,30,7.7,0,0,0
5,6,4,40,7.4,0,0,0
5,6,4,50,7.2,0,0,0
5,6,5,0,6.9,0,0,0
5,6,5,10,7,223,16,25
5,6,5,20,7.1000000000000005,342,23,47
5,6,5,30,7.300000000000001,439,29,73
5,6,5,40,7.4,537,33,104
5,6,5,50,7.5,12,86,88
5,6,6,0,7.6000000000000005,653,41,170
5,6,6,10,7.800000000000001,698,45,204
5,6,6,20,7.9,736,48,240
5,6,6,30,8.1,769,51,276
5,6,6,40,8.200000000000001,808,52,314
5,6,6,50,8.3,833,54,350
5,6,7,0,8.5,854,56,386
5,6,7,10,8.6,874,58,423
5,6,7,20,8.8,891,60,459
5,6,7,30,8.9,907,62,495
5,6,7,40,9.1,921,64,530
5,6,7,50,9.200000000000001,934,65,565
5,6,8,0,9.4,463,227,487
5,6,8,10,9.600000000000001,514,268,570
5,6,8,20,9.8,437,248,518
5,6,8,30,10.100000000000001,110,319,389
5,6,8,40,10.3,10,235,242
5,6,8,50,10.5,30,302,323
5,6,9,0,10.700000000000001,147,362,466
5,6,9,10,10.9,196,366,510
5,6,9,20,11,426,312,634
5,6,9,30,11.200000000000001,161,385,509
5,6,9,40,11.4,182,400,545
5,6,9,50,11.5,447,322,685
5,6,10,0,11.700000000000001,418,338,684
5,6,10,10,11.8,140,442,560
5,6,10,20,11.9,116,455,555
5,6,10,30,12,113,454,552
5,6,10,40,12.100000000000001,56,450,499
5,6,10,50,12.200000000000001,73,477,542
5,6,11,0,12.3,34,439,470
5,6,11,10,12.3,7,310,317
5,6,11,20,12.3,26,438,462
5,6,11,30,12.4,225,474,680
5,6,11,40,12.4,94,486,573
5,6,11,50,12.4,32,455,484
5,6,12,0,12.4,49,477,523
5,6,12,10,12.5,40,465,502
5,6,12,20,12.5,15,403,417
5,6,12,30,12.5,32,444,473
5,6,12,40,12.5,56,465,516
5,6,12,50,12.5,27,427,452
5,6,13,0,12.600000000000001,53,469,516
5,6,13,10,12.5,56,451,500
5,6,13,20,12.5,91,450,529
5,6,13,30,12.5,273,434,669
5,6,13,40,12.4,329,404,683
5,6,13,50,12.4,341,389,674
5,6,14,0,12.4,454,336,706
5,6,14,10,12.3,501,305,706
5,6,14,20,12.200000000000001,570,272,717
5,6,14,30,12.100000000000001,590,236,687
5,6,14,40,12,714,169,699
5,6,14,50,11.9,774,177,734
5,6,15,0,11.8,542,269,647
5,6,15,10,11.700000000000001,385,306,566
5,6,15,20,11.600000000000001,489,276,594
5,6,15,30,11.5,370,287,518
5,6,15,40,11.4,379,272,499
5,6,15,50,11.3,775,74,517
5,6,16,0,11.200000000000001,788,46,475
5,6,16,10,11.100000000000001,840,0,428
5,6,16,20,10.9,808,0,389
5,6,16,30,10.8,147,238,305
5,6,16,40,10.700000000000001,675,12,301
5,6,16,50,10.600000000000001,129,185,236
5,6,17,0,10.4,21,165,173
5,6,17,10,10.200000000000001,625,15,224
5,6,17,20,10,452,42,179
5,6,17,30,9.700000000000001,577,6,163
5,6,17,40,9.5,525,36,162
5,6,17,50,9.3,359,53,127
5,6,18,0,9.1,565,24,124
5,6,18,10,8.8,561,33,114
5,6,18,20,8.6,493,28,84
5,6,18,30,8.4,409,23,56
5,6,18,40,8.200000000000001,303,17,33
5,6,18,50,8,177,11,15
5,6,19,0,7.7,0,0,0
5,6,19,10,7.7,0,0,0
5,6,19,20,7.6000000000000005,0,0,0
5,6,19,30,7.5,0,0,0
5,6,19,40,7.4,0,0,0
5,6,19,50,7.300000000000001,0,0,0
5,6,20,0,7.2,0,0,0
5,6,20,10,7.1000000000000005,0,0,0
5,6,20,20,7,0,0,0
5,6,20,30,6.9,0,0,0
5,6,20,40,6.800000000000001,0,0,0
5,6,20,50,6.7,0,0,0
5,6,21,0,6.7,0,0,0
5,6,21,10,6.5,0,0,0
5,6,21,20,6.4,0,0,0
5,6,21,30,6.300000000000001,0,0,0
5,6,21,40,6.2,0,0,0
5,6,21,50,6,0,0,0
5,6,22,0,5.9,0,0,0
5,6,22,10,5.800000000000001,0,0,0
5,6,22,20,5.6000000000000005,0,0,0
5,6,22,30,5.5,0,0,0
5,6,22,40,5.4,0,0,0
5,6,22,50,5.2,0,0,0
5,6,23,0,5.1000000000000005,0,0,0
5,6,23,10,5,0,0,0
5,6,23,20,4.9,0,0,0
5,6,23,30,4.7,0,0,0
5,6,23,40,4.6000000000000005,0,0,0
5,6,23,50,4.5,0,0,0
5,7,0,0,4.4,0,0,0
5,7,0,10,4.3,0,0,0
5,7,0,20,4.2,0,0,0
5,7,0,30,4,0,0,0
5,7,0,40,3.9000000000000004,0,0,0
5,7,0,50,3.8000000000000003,0,0,0
5,7,1,0,3.7,0,0,0
5,7,1,10,3.6,0,0,0
5,7,1,20,3.6,0,0,0
5,7,1,30,3.5,0,0,0
5,7,1,40,3.5,0,0,0
5,7,1,50,3.4000000000000004,0,0,0
5,7,2,0,3.3000000000000003,0,0,0
5,7,2,10,3.4000000000000004,0,0,0
5,7,2,20,3.4000000000000004,0,0,0
5,7,2,30,3.4000000000000004,0,0,0
5,7,2,40,3.4000000000000004,0,0,0
5,7,2,50,3.4000000000000004,0,0,0
5,7,3,0,3.5,0,0,0
5,7,3,10,3.5,0,0,0
5,7,3,20,3.5,0,0,0
5,7,3,30,3.5,0,0,0
5,7,3,40,3.5,0,0,0
5,7,3,50,3.5,0,0,0
5,7,4,0,3.5,0,0,0
5,7,4,10,3.6,0,0,0
5,7,4,20,3.8000000000000003,0,0,0
5,7,4,30,3.9000000000000004,0,0,0
5,7,4,40,4.1000000000000005,0,0,0
5,7,4,50,4.2,0,0,0
5,7,5,0,4.4,0,0,0
5,7,5,10,4.800000000000001,164,18,25
5,7,5,20,5.300000000000001,275,27,47
5,7,5,30,5.800000000000001,364,34,72
5,7,5,40,6.300000000000001,3,65,65
5,7,5,50,6.800000000000001,5,83,84
5,7,6,0,7.2,16,108,111
5,7,6,10,7.6000000000000005,30,130,137
5,7,6,20,8.1,6,124,126
5,7,6,30,8.5,2,108,108
5,7,6,40,8.9,0,97,97
5,7,6,50,9.3,0,100,100
5,7,7,0,9.700000000000001,10,128,132
5,7,7,10,10,11,148,152
5,7,7,20,10.3,23,185,196
5,7,7,30,10.700000000000001,115,297,352
5,7,7,40,11,387,261,457
5,7,7,50,11.3,427,268,497
5,7,8,0,11.600000000000001,528,261,560
5,7,8,10,11.9,857,99,607
5,7,8,20,12.200000000000001,869,101,639
5,7,8,30,12.5,880,103,670
5,7,8,40,12.8,886,107,699
5,7,8,50,13.100000000000001,335,383,615
5,7,9,0,13.4,347,393,642
5,7,9,10,13.600000000000001,502,274,644
5,7,9,20,13.8,529,266,667
5,7,9,30,14.100000000000001,350,433,705
5,7,9,40,14.3,437,329,677
5,7,9,50,14.5,935,116,878
5,7,10,0,14.8,940,117,898
5,7,10,10,14.9,175,429,577
5,7,10,20,15.100000000000001,89,448,525
5,7,10,30,15.3,57,440,490
5,7,10,40,15.4,38,436,469
5,7,10,50,15.600000000000001,67,478,538
5,7,11,0,15.700000000000001,178,473,634
5,7,11,10,15.8,354,416,737
5,7,11,20,15.8,44,461,502
5,7,11,30,15.8,15,405,419
5,7,11,40,15.8,116,492,600
5,7,11,50,15.9,204,484,673
5,7,12,0,15.9,584,345,883
5,7,12,10,15.9,403,501,872
5,7,12,20,15.9,973,116,1011
5,7,12,30,15.9,973,116,1006
5,7,12,40,15.9,797,175,900
5,7,12,50,15.9,236,469,683
5,7,13,0,15.8,64,482,540
5,7,13,10,15.8,519,329,788
5,7,13,20,15.700000000000001,963,113,956
5,7,13,30,15.600000000000001,960,113,941
5,7,13,40,15.5,948,117,922
5,7,13,50,15.4,645,258,796
5,7,14,0,15.4,435,359,716
5,7,14,10,15.3,633,236,744
5,7,14,20,15.100000000000001,460,324,684
5,7,14,30,15,365,368,647
5,7,14,40,14.9,410,316,621
5,7,14,50,14.8,922,102,769
5,7,15,0,14.700000000000001,915,101,741
5,7,15,10,14.5,468,327,644
5,7,15,20,14.3,897,97,682
5,7,15,30,14.100000000000001,887,95,651
5,7,15,40,13.9,886,89,622
5,7,15,50,13.700000000000001,875,87,589
5,7,16,0,13.5,862,85,556
5,7,16,10,13.3,847,83,522
5,7,16,20,13,832,81,488
5,7,16,30,12.700000000000001,814,79,453
5,7,16,40,12.5,801,74,419
5,7,16,50,12.200000000000001,780,72,383
5,7,17,0,12,756,69,347
5,7,17,10,11.600000000000001,729,66,312
5,7,17,20,11.100000000000001,699,63,276
5,7,17,30,10.700000000000001,665,59,241
5,7,17,40,10.3,636,54,208
5,7,17,50,9.9,591,50,174
5,7,18,0,9.5,538,45,141
5,7,18,10,9,476,40,110
5,7,18,20,8.5,403,34,81
5,7,18,30,8,316,28,54
5,7,18,40,7.5,227,20,32
5,7,18,50,7,110,12,15
5,7,19,0,6.5,0,0,0
5,7,19,10,6.300000000000001,0,0,0
5,7,19,20,6.1000000000000005,0,0,0
5,7,19,30,5.9,0,0,0
5,7,19,40,5.7,0,0,0
5,7,19,50,5.4,0,0,0
5,7,20,0,5.2,0,0,0
5,7,20,10,5.1000000000000005,0,0,0
5,7,20,20,5,0,0,0
5,7,20,30,4.800000000000001,0,0,0
5,7,20,40,4.7,0,0,0
5,7,20,50,4.5,0,0,0
5,7,21,0,4.4,0,0,0
5,7,21,10,4.2,0,0,0
5,7,21,20,4.1000000000000005,0,0,0
5,7,21,30,3.9000000000000004,0,0,0
5,7,21,40,3.8000000000000003,0,0,0
5,7,21,50,3.6,0,0,0
5,7,22,0,3.5,0,0,0
5,7,22,10,3.3000000000000003,0,0,0
5,7,22,20,3.2,0,0,0
5,7,22,30,3.1,0,0,0
5,7,22,40,2.9000000000000004,0,0,0
5,7,22,50,2.8000000000000003,0,0,0
5,7,23,0,2.7,0,0,0
5,7,23,10,2.5,0,0,0
5,7,23,20,2.4000000000000004,0,0,0
5,7,23,30,2.3000000000000003,0,0,0
5,7,23,40,2.2,0,0,0
5,7,23,50,2,0,0,0
5,8,0,0,1.9000000000000001,0,0,0
5,8,0,10,1.8,0,0,0
5,8,0,20,1.6,0,0,0
5,8,0,30,1.5,0,0,0
5,8,0,40,1.4000000000000001,0,0,0
5,8,0,50,1.3,0,0,0
5,8,1,0,1.1,0,0,0
5,8,1,10,1.1,0,0,0
5,8,1,20,1,0,0,0
5,8,1,30,0.9,0,0,0
5,8,1,40,0.8,0,0,0
5,8,1,50,0.7000000000000001,0,0,0
5,8,2,0,0.6000000000000001,0,0,0
5,8,2,10,0.6000000000000001,0,0,0
5,8,2,20,0.6000000000000001,0,0,0
5,8,2,30,0.5,0,0,0
5,8,2,40,0.5,0,0,0
5,8,2,50,0.5,0,0,0
5,8,3,0,0.4,0,0,0
5,8,3,10,0.4,0,0,0
5,8,3,20,0.4,0,0,0
5,8,3,30,0.30000000000000004,0,0,0
5,8,3,40,0.30000000000000004,0,0,0
5,8,3,50,0.30000000000000004,0,0,0
5,8,4,0,0.2,0,0,0
5,8,4,10,0.4,0,0,0
5,8,4,20,0.5,0,0,0
5,8,4,30,0.7000000000000001,0,0,0
5,8,4,40,0.9,0,0,0
5,8,4,50,1,0,0,0
5,8,5,0,1.2000000000000002,0,0,0
5,8,5,10,1.6,269,17,29
5,8,5,20,2.1,381,23,53
5,8,5,30,2.6,472,29,80
5,8,5,40,3.1,546,34,110
5,8,5,50,3.5,607,39,142
5,8,6,0,4,658,42,176
5,8,6,10,4.4,701,46,211
5,8,6,20,4.9,739,49,246
5,8,6,30,5.300000000000001,771,52,282
5,8,6,40,5.800000000000001,801,54,319
5,8,6,50,6.2,826,57,355
5,8,7,0,6.6000000000000005,847,60,392
5,8,7,10,7,867,62,428
5,8,7,20,7.4,884,64,464
5,8,7,30,7.7,900,66,500
5,8,7,40,8.1,917,66,535
5,8,7,50,8.5,930,68,570
5,8,8,0,8.8,941,70,604
5,8,8,10,9.1,952,71,637
5,8,8,20,9.4,961,72,669
5,8,8,30,9.700000000000001,961,74,695
5,8,8,40,10.100000000000001,972,73,726
5,8,8,50,10.4,979,75,755
5,8,9,0,10.700000000000001,986,76,783
5,8,9,10,10.9,992,76,810
5,8,9,20,11.200000000000001,997,77,836
5,8,9,30,11.5,1003,78,860
5,8,9,40,11.8,1009,78,883
5,8,9,50,12,1013,79,905
5,8,10,0,12.3,1016,80,925
5,8,10,10,12.5,1020,80,944
5,8,10,20,12.700000000000001,1023,81,961
5,8,10,30,13,1019,81,970
5,8,10,40,13.200000000000001,1024,79,985
5,8,10,50,13.4,1026,80,997
5,8,11,0,13.600000000000001,1028,80,1008
5,8,11,10,13.8,1029,80,1017
5,8,11,20,14,1030,80,1024
5,8,11,30,14.200000000000001,1031,81,1029
5,8,11,40,14.3,1033,80,1033
5,8,11,50,14.5,1033,80,1035
5,8,12,0,14.700000000000001,1033,80,1035
5,8,12,10,14.8,1033,80,1034
5,8,12,20,14.8,1027,80,1025
5,8,12,30,14.9,1026,79,1020
5,8,12,40,15,1026,78,1014
5,8,12,50,15.100000000000001,1025,78,1006
5,8,13,0,15.200000000000001,1023,78,996
5,8,13,10,15.200000000000001,1021,78,984
5,8,13,20,15.100000000000001,1019,77,971
5,8,13,30,15.100000000000001,390,457,794
5,8,13,40,15.100000000000001,592,286,790
5,8,13,50,15.100000000000001,822,166,854
5,8,14,0,15.100000000000001,833,157,841
5,8,14,10,15,444,398,755
5,8,14,20,14.9,304,438,677
5,8,14,30,14.8,977,80,829
5,8,14,40,14.700000000000001,965,83,803
5,8,14,50,14.600000000000001,959,82,776
5,8,15,0,14.5,952,80,749
5,8,15,10,14.3,438,327,625
5,8,15,20,14.100000000000001,152,387,487
5,8,15,30,14,143,372,462
5,8,15,40,13.8,77,341,388
5,8,15,50,13.600000000000001,450,229,488
5,8,16,0,13.5,627,179,523
5,8,16,10,13.3,595,177,487
5,8,16,20,13,612,160,461
5,8,16,30,12.8,848,68,460
5,8,16,40,12.600000000000001,821,69,423
5,8,16,50,12.4,801,67,389
5,8,17,0,12.100000000000001,774,64,351
5,8,17,10,11.8,749,61,316
5,8,17,20,11.600000000000001,721,58,280
5,8,17,30,11.3,402,128,239
5,8,17,40,11,307,109,184
5,8,17,50,10.700000000000001,9,80,82
5,8,18,0,10.4,0,39,39
5,8,18,10,10,0,26,26
5,8,18,20,9.700000000000001,431,33,84
5,8,18,30,9.4,350,27,57
5,8,18,40,9.1,262,20,35
5,8,18,50,8.8,151,13,16
5,8,19,0,8.5,0,0,0
5,8,19,10,8.3,0,0,0
5,8,19,20,8.1,0,0,0
5,8,19,30,8,0,0,0
5,8,19,40,7.800000000000001,0,0,0
5,8,19,50,7.6000000000000005,0,0,0
5,8,20,0,7.4,0,0,0
5,8,20,10,7.300000000000001,0,0,0
5,8,20,20,7.2,0,0,0
5,8,20,30,7,0,0,0
5,8,20,40,6.9,0,0,0
5,8,20,50,6.7,0,0,0
5,8,21,0,6.6000000000000005,0,0,0
5,8,21,10,6.5,0,0,0
5,8,21,20,6.300000000000001,0,0,0
5,8,21,30,6.2,0,0,0
5,8,21,40,6.1000000000000005,0,0,0
5,8,21,50,6,0,0,0
5,8,22,0,5.800000000000001,0,0,0
5,8,22,10,5.7,0,0,0
5,8,22,20,5.6000000000000005,0,0,0
5,8,22,30,5.5,0,0,0
5,8,22,40,5.5,0,0,0
5,8,22,50,5.4,0,0,0
5,8,23,0,5.300000000000001,0,0,0
5,8,23,10,5.2,0,0,0
5,8,23,20,5.1000000000000005,0,0,0
5,8,23,30,5,0,0,0
5,8,23,40,4.9,0,0,0
5,8,23,50,4.800000000000001,0,0,0
5,9,0,0,4.7,0,0,0
5,9,0,10,4.7,0,0,0
5,9,0,20,4.6000000000000005,0,0,0
5,9,0,30,4.5,0,0,0
5,9,0,40,4.5,0,0,0
5,9,0,50,4.4,0,0,0
5,9,1,0,4.3,0,0,0
5,9,1,10,4.3,0,0,0
5,9,1,20,4.2,0,0,0
5,9,1,30,4.2,0,0,0
5,9,1,40,4.1000000000000005,0,0,0
5,9,1,50,4.1000000000000005,0,0,0
5,9,2,0,4,0,0,0
5,9,2,10,4,0,0,0
5,9,2,20,4,0,0,0
5,9,2,30,4,0,0,0
5,9,2,40,4,0,0,0
5,9,2,50,4,0,0,0
5,9,3,0,3.9000000000000004,0,0,0
5,9,3,10,3.9000000000000004,0,0,0
5,9,3,20,3.9000000000000004,0,0,0
5,9,3,30,3.9000000000000004,0,0,0
5,9,3,40,3.9000000000000004,0,0,0
5,9,3,50,3.9000000000000004,0,0,0
5,9,4,0,3.9000000000000004,0,0,0
5,9,4,10,3.9000000000000004,0,0,0
5,9,4,20,3.9000000000000004,0,0,0
5,9,4,30,3.9000000000000004,0,0,0
5,9,4,40,3.9000000000000004,0,0,0
5,9,4,50,4,0,0,0
5,9,5,0,4,0,8,8
5,9,5,10,4.1000000000000005,1,19,19
5,9,5,20,4.1000000000000005,289,27,50
5,9,5,30,4.2,108,60,72
5,9,5,40,4.3,2,41,41
5,9,5,50,4.4,1,40,40
5,9,6,0,4.4,10,90,92
5,9,6,10,4.5,8,85,87
5,9,6,20,4.6000000000000005,17,110,115
5,9,6,30,4.7,23,131,138
5,9,6,40,4.800000000000001,45,165,180
5,9,6,50,4.9,15,148,153
5,9,7,0,5,127,210,260
5,9,7,10,5.1000000000000005,59,210,235
5,9,7,20,5.300000000000001,92,236,278
5,9,7,30,5.4,71,240,275
5,9,7,40,5.6000000000000005,33,228,245
5,9,7,50,5.800000000000001,24,217,230
5,9,8,0,5.9,5,166,169
5,9,8,10,6.1000000000000005,6,187,190
5,9,8,20,6.2,3,163,164
5,9,8,30,6.4,2,161,162
5,9,8,40,6.5,2,175,176
5,9,8,50,6.7,2,175,176
5,9,9,0,6.9,7,245,250
5,9,9,10,7,29,324,345
5,9,9,20,7.2,56,359,402
5,9,9,30,7.300000000000001,77,381,441
5,9,9,40,7.5,53,377,419
5,9,9,50,7.6000000000000005,47,382,421
5,9,10,0,7.800000000000001,56,401,448
5,9,10,10,7.9,38,414,446
5,9,10,20,8.1,27,395,419
5,9,10,30,8.200000000000001,37,417,450
5,9,10,40,8.4,59,453,506
5,9,10,50,8.5,81,489,562
5,9,11,0,8.700000000000001,131,488,606
5,9,11,10,8.8,166,475,627
5,9,11,20,8.9,124,500,613
5,9,11,30,9.1,111,496,598
5,9,11,40,9.200000000000001,104,505,601
5,9,11,50,9.3,103,506,601
5,9,12,0,9.4,66,491,552
5,9,12,10,9.5,57,484,536
5,9,12,20,9.600000000000001,54,477,527
5,9,12,30,9.600000000000001,103,491,585
5,9,12,40,9.700000000000001,102,486,579
5,9,12,50,9.8,91,478,560
5,9,13,0,9.9,73,500,566
5,9,13,10,9.9,142,480,607
5,9,13,20,9.9,237,457,665
5,9,13,30,9.9,297,435,693
5,9,13,40,9.9,216,454,638
5,9,13,50,9.9,231,424,618
5,9,14,0,9.9,225,414,600
5,9,14,10,9.9,214,409,582
5,9,14,20,9.9,226,408,586
5,9,14,30,9.9,151,405,521
5,9,14,40,9.9,228,389,559
5,9,14,50,9.9,196,382,524
5,9,15,0,9.9,197,373,512
5,9,15,10,9.9,244,361,527
5,9,15,20,9.9,214,362,502
5,9,15,30,9.9,161,335,436
5,9,15,40,9.9,104,307,370
5,9,15,50,9.9,79,274,319
5,9,16,0,9.9,124,284,352
5,9,16,10,9.9,106,272,328
5,9,16,20,9.8,57,245,273
5,9,16,30,9.8,121,245,302
5,9,16,40,9.700000000000001,216,227,321
5,9,16,50,9.700000000000001,257,202,306
5,9,17,0,9.700000000000001,443,163,328
5,9,17,10,9.4,661,80,306
5,9,17,20,9.200000000000001,309,152,249
5,9,17,30,8.9,220,138,199
5,9,17,40,8.700000000000001,175,130,173
5,9,17,50,8.5,162,116,151
5,9,18,0,8.200000000000001,27,95,100
5,9,18,10,8,417,46,110
5,9,18,20,7.800000000000001,2,35,36
5,9,18,30,7.6000000000000005,6,40,41
5,9,18,40,7.4,1,23,23
5,9,18,50,7.2,98,14,17
5,9,19,0,7,0,0,0
5,9,19,10,6.9,0,0,0
5,9,19,20,6.9,0,0,0
5,9,19,30,6.800000000000001,0,0,0
5,9,19,40,6.7,0,0,0
5,9,19,50,6.7,0,0,0
5,9,20,0,6.6000000000000005,0,0,0
5,9,20,10,6.5,0,0,0
5,9,20,20,6.4,0,0,0
5,9,20,30,6.300000000000001,0,0,0
5,9,20,40,6.2,0,0,0
5,9,20,50,6.1000000000000005,0,0,0
5,9,21,0,6,0,0,0
5,9,21,10,5.9,0,0,0
5,9,21,20,5.800000000000001,0,0,0
5,9,21,30,5.7,0,0,0
5,9,21,40,5.6000000000000005,0,0,0
5,9,21,50,5.5,0,0,0
5,9,22,0,5.300000000000001,0,0,0
5,9,22,10,5.2,0,0,0
5,9,22,20,5.1000000000000005,0,0,0
5,9,22,30,5,0,0,0
5,9,22,40,4.9,0,0,0
5,9,22,50,4.7,0,0,0
5,9,23,0,4.6000000000000005,0,0,0
5,9,23,10,4.5,0,0,0
5,9,23,20,4.5,0,0,0
5,9,23,30,4.4,0,0,0
5,9,23,40,4.3,0,0,0
5,9,23,50,4.3,0,0,0
5,10,0,0,4.2,0,0,0
5,10,0,10,4.1000000000000005,0,0,0
5,10,0,20,4.1000000000000005,0,0,0
5,10,0,30,4.1000000000000005,0,0,0
5,10,0,40,4,0,0,0
5,10,0,50,4,0,0,0
5,10,1,0,3.9000000000000004,0,0,0
5,10,1,10,3.9000000000000004,0,0,0
5,10,1,20,3.9000000000000004,0,0,0
5,10,1,30,3.9000000000000004,0,0,0
5,10,1,40,3.9000000000000004,0,0,0
5,10,1,50,3.9000000000000004,0,0,0
5,10,2,0,3.9000000000000004,0,0,0
5,10,2,10,3.9000000000000004,0,0,0
5,10,2,20,3.9000000000000004,0,0,0
5,10,2,30,3.9000000000000004,0,0,0
5,10,2,40,3.9000000000000004,0,0,0
5,10,2,50,3.9000000000000004,0,0,0
5,10,3,0,3.9000000000000004,0,0,0
5,10,3,10,3.9000000000000004,0,0,0
5,10,3,20,3.9000000000000004,0,0,0
5,10,3,30,3.9000000000000004,0,0,0
5,10,3,40,3.9000000000000004,0,0,0
5,10,3,50,3.9000000000000004,0,0,0
5,10,4,0,3.9000000000000004,0,0,0
5,10,4,10,4,0,0,0
5,10,4,20,4,0,0,0
5,10,4,30,4.1000000000000005,0,0,0
5,10,4,40,4.1000000000000005,0,0,0
5,10,4,50,4.2,0,0,0
5,10,5,0,4.2,35,11,12
5,10,5,10,4.4,102,22,27
5,10,5,20,4.6000000000000005,178,32,47
5,10,5,30,4.800000000000001,252,42,71
5,10,5,40,5,1,34,34
5,10,5,50,5.2,18,88,91
5,10,6,0,5.4,27,108,113
5,10,6,10,5.7,23,117,122
5,10,6,20,6.1000000000000005,22,120,126
5,10,6,30,6.4,53,151,167
5,10,6,40,6.800000000000001,122,179,220
5,10,6,50,7.1000000000000005,141,213,265
5,10,7,0,7.5,70,231,259
5,10,7,10,7.800000000000001,35,186,201
5,10,7,20,8.200000000000001,25,232,244
5,10,7,30,8.6,0,150,150
5,10,7,40,8.9,0,33,33
5,10,7,50,9.3,0,55,55
5,10,8,0,9.600000000000001,0,65,65
5,10,8,10,9.9,1,120,121
5,10,8,20,10.200000000000001,2,133,134
5,10,8,30,10.5,0,89,89
5,10,8,40,10.8,0,100,101
5,10,8,50,11.100000000000001,0,170,170
5,10,9,0,11.4,13,266,275
5,10,9,10,11.700000000000001,84,386,449
5,10,9,20,11.9,113,429,515
5,10,9,30,12.200000000000001,201,460,617
5,10,9,40,12.4,229,466,650
5,10,9,50,12.600000000000001,191,480,636
5,10,10,0,12.9,111,441,534
5,10,10,10,13.100000000000001,52,441,485
5,10,10,20,13.3,86,464,539
5,10,10,30,13.5,141,490,614
5,10,10,40,13.700000000000001,2,357,359
5,10,10,50,13.9,0,196,196
5,10,11,0,14.100000000000001,0,118,118
5,10,11,10,14.3,0,114,114
5,10,11,20,14.4,0,106,106
5,10,11,30,14.5,0,107,107
5,10,11,40,14.700000000000001,0,99,99
5,10,11,50,14.8,0,108,108
5,10,12,0,15,0,181,181
5,10,12,10,15.100000000000001,1,311,312
5,10,12,20,15.200000000000001,1,319,320
5,10,12,30,15.3,1,295,296
5,10,12,40,15.4,1,291,291
5,10,12,50,15.5,2,376,378
5,10,13,0,15.600000000000001,2,366,367
5,10,13,10,15.600000000000001,1,301,301
5,10,13,20,15.700000000000001,1,308,309
5,10,13,30,15.700000000000001,1,298,299
5,10,13,40,15.700000000000001,1,293,294
5,10,13,50,15.8,1,322,323
5,10,14,0,15.8,45,425,462
5,10,14,10,15.8,16,394,407
5,10,14,20,15.8,2,328,330
5,10,14,30,15.700000000000001,0,250,250
5,10,14,40,15.700000000000001,0,164,164
5,10,14,50,15.700000000000001,0,186,186
5,10,15,0,15.700000000000001,1,238,238
5,10,15,10,15.600000000000001,18,327,339
5,10,15,20,15.4,37,331,355
5,10,15,30,15.3,120,371,447
5,10,15,40,15.200000000000001,310,321,509
5,10,15,50,15.100000000000001,271,315,472
5,10,16,0,15,171,320,415
5,10,16,10,14.8,125,307,373
5,10,16,20,14.600000000000001,78,286,325
5,10,16,30,14.5,171,265,345
5,10,16,40,14.3,86,253,291
5,10,16,50,14.100000000000001,62,232,258
5,10,17,0,14,36,207,220
5,10,17,10,13.600000000000001,17,175,181
5,10,17,20,13.3,101,177,209
5,10,17,30,12.9,138,154,193
5,10,17,40,12.600000000000001,75,140,158
5,10,17,50,12.3,47,120,131
5,10,18,0,11.9,203,94,132
5,10,18,10,11.5,0,5,5
5,10,18,20,11.100000000000001,0,3,3
5,10,18,30,10.700000000000001,8,45,46
5,10,18,40,10.3,0,25,25
5,10,18,50,9.9,116,14,18
5,10,19,0,9.600000000000001,0,0,0
5,10,19,10,9.3,0,0,0
5,10,19,20,9.1,0,0,0
5,10,19,30,8.9,0,0,0
5,10,19,40,8.700000000000001,0,0,0
5,10,19,50,8.5,0,0,0
5,10,20,0,8.3,0,0,0
5,10,20,10,8.1,0,0,0
5,10,20,20,8,0,0,0
5,10,20,30,7.800000000000001,0,0,0
5,10,20,40,7.6000000000000005,0,0,0
5,10,20,50,7.4,0,0,0
5,10,21,0,7.300000000000001,0,0,0
5,10,21,10,7.1000000000000005,0,0,0
5,10,21,20,6.9,0,0,0
5,10,21,30,6.800000000000001,0,0,0
5,10,21,40,6.6000000000000005,0,0,0
5,10,21,50,6.5,0,0,0
5,10,22,0,6.300000000000001,0,0,0
5,10,22,10,6.2,0,0,0
5,10,22,20,6,0,0,0
5,10,22,30,5.9,0,0,0
5,10,22,40,5.800000000000001,0,0,0
5,10,22,50,5.6000000000000005,0,0,0
5,10,23,0,5.5,0,0,0
5,10,23,10,5.4,0,0,0
5,10,23,20,5.2,0,0,0
5,10,23,30,5.1000000000000005,0,0,0
5,10,23,40,5,0,0,0
5,10,23,50,4.9,0,0,0
5,11,0,0,4.800000000000001,0,0,0
5,11,0,10,4.7,0,0,0
5,11,0,20,4.6000000000000005,0,0,0
5,11,0,30,4.5,0,0,0
5,11,0,40,4.4,0,0,0
5,11,0,50,4.3,0,0,0
5,11,1,0,4.2,0,0,0
5,11,1,10,4.1000000000000005,0,0,0
5,11,1,20,4.1000000000000005,0,0,0
5,11,1,30,4,0,0,0
5,11,1,40,3.9000000000000004,0,0,0
5,11,1,50,3.9000000000000004,0,0,0
5,11,2,0,3.8000000000000003,0,0,0
5,11,2,10,3.7,0,0,0
5,11,2,20,3.7,0,0,0
5,11,2,30,3.6,0,0,0
5,11,2,40,3.5,0,0,0
5,11,2,50,3.5,0,0,0
5,11,3,0,3.4000000000000004,0,0,0
5,11,3,10,3.3000000000000003,0,0,0
5,11,3,20,3.2,0,0,0
5,11,3,30,3.2,0,0,0
5,11,3,40,3.1,0,0,0
5,11,3,50,3,0,0,0
5,11,4,0,2.9000000000000004,0,0,0
5,11,4,10,3.2,0,0,0
5,11,4,20,3.4000000000000004,0,0,0
5,11,4,30,3.6,0,0,0
5,11,4,40,3.8000000000000003,0,0,0
5,11,4,50,4,0,0,0
5,11,5,0,4.2,0,3,3
5,11,5,10,4.800000000000001,0,15,15
5,11,5,20,5.300000000000001,2,30,30
5,11,5,30,5.9,4,43,44
5,11,5,40,6.5,150,78,100
5,11,5,50,7.1000000000000005,86,95,111
5,11,6,0,7.6000000000000005,0,30,30
5,11,6,10,8.1,11,91,94
5,11,6,20,8.700000000000001,212,134,192
5,11,6,30,9.200000000000001,342,131,236
5,11,6,40,9.700000000000001,393,136,268
5,11,6,50,10.200000000000001,241,180,269
5,11,7,0,10.700000000000001,222,214,303
5,11,7,10,11.100000000000001,203,214,301
5,11,7,20,11.5,440,176,378
5,11,7,30,11.9,368,206,386
5,11,7,40,12.3,455,190,426
5,11,7,50,12.600000000000001,467,196,451
5,11,8,0,13,261,266,416
5,11,8,10,13.3,147,297,386
5,11,8,20,13.5,89,302,358
5,11,8,30,13.700000000000001,23,278,293
5,11,8,40,13.9,44,309,338
5,11,8,50,14.100000000000001,57,331,371
5,11,9,0,14.4,110,355,435
5,11,9,10,14.5,162,373,494
5,11,9,20,14.600000000000001,266,373,577
5,11,9,30,14.8,173,388,524
5,11,9,40,14.9,165,398,531
5,11,9,50,15,241,399,597
5,11,10,0,15.200000000000001,145,414,536
5,11,10,10,15.3,199,439,609
5,11,10,20,15.3,110,443,538
5,11,10,30,15.4,461,351,756
5,11,10,40,15.5,495,336,776
5,11,10,50,15.600000000000001,367,409,740
5,11,11,0,15.700000000000001,38,435,470
5,11,11,10,15.700000000000001,295,443,713
5,11,11,20,15.700000000000001,125,469,585
5,11,11,30,15.700000000000001,593,377,926
5,11,11,40,15.700000000000001,592,379,928
5,11,11,50,15.8,560,399,919
5,11,12,0,15.8,921,130,987
5,11,12,10,15.8,921,130,985
5,11,12,20,15.8,368,494,835
5,11,12,30,15.8,398,478,845
5,11,12,40,15.8,926,124,973
5,11,12,50,15.9,469,348,775
5,11,13,0,15.9,7,326,332
5,11,13,10,15.9,0,134,134
5,11,13,20,16,0,86,86
5,11,13,30,16,0,112,112
5,11,13,40,16.1,1,196,197
5,11,13,50,16.1,17,345,359
5,11,14,0,16.2,273,378,604
5,11,14,10,16.2,72,377,435
5,11,14,20,16.1,55,369,413
5,11,14,30,16.1,1,141,142
5,11,14,40,16.1,3,212,214
5,11,14,50,16.1,4,214,217
5,11,15,0,16.1,10,256,263
5,11,15,10,16.1,535,223,589
5,11,15,20,16.1,356,309,544
5,11,15,30,16,509,224,547
5,11,15,40,16,372,261,487
5,11,15,50,16,348,251,454
5,11,16,0,16,345,256,448
5,11,16,10,15.700000000000001,227,269,388
5,11,16,20,15.4,108,252,306
5,11,16,30,15.200000000000001,50,216,239
5,11,16,40,14.9,5,126,128
5,11,16,50,14.700000000000001,0,63,63
5,11,17,0,14.4,0,55,56
5,11,17,10,14.100000000000001,5,105,106
5,11,17,20,13.700000000000001,12,115,119
5,11,17,30,13.4,4,79,81
5,11,17,40,13,152,86,125
5,11,17,50,12.700000000000001,1,49,49
5,11,18,0,12.3,2,50,50
5,11,18,10,12,0,3,3
5,11,18,20,11.700000000000001,14,60,62
5,11,18,30,11.4,2,32,32
5,11,18,40,11.100000000000001,0,14,14
5,11,18,50,10.8,0,5,5
5,11,19,0,10.600000000000001,0,0,0
5,11,19,10,10.4,0,0,0
5,11,19,20,10.3,0,0,0
5,11,19,30,10.100000000000001,0,0,0
5,11,19,40,10,0,0,0
5,11,19,50,9.8,0,0,0
5,11,20,0,9.700000000000001,0,0,0
5,11,20,10,9.600000000000001,0,0,0
5,11,20,20,9.4,0,0,0
5,11,20,30,9.3,0,0,0
5,11,20,40,9.200000000000001,0,0,0
5,11,20,50,9.1,0,0,0
5,11,21,0,9,0,0,0
5,11,21,10,8.9,0,0,0
5,11,21,20,8.9,0,0,0
5,11,21,30,8.8,0,0,0
5,11,21,40,8.700000000000001,0,0,0
5,11,21,50,8.700000000000001,0,0,0
5,11,22,0,8.6,0,0,0
5,11,22,10,8.6,0,0,0
5,11,22,20,8.5,0,0,0
5,11,22,30,8.5,0,0,0
5,11,22,40,8.4,0,0,0
5,11,22,50,8.4,0,0,0
5,11,23,0,8.3,0,0,0
5,11,23,10,8.3,0,0,0
5,11,23,20,8.200000000000001,0,0,0
5,11,23,30,8.200000000000001,0,0,0
5,11,23,40,8.200000000000001,0,0,0
5,11,23,50,8.1,0,0,0
5,12,0,0,8.1,0,0,0
5,12,0,10,8,0,0,0
5,12,0,20,8,0,0,0
5,12,0,30,8,0,0,0
5,12,0,40,8,0,0,0
5,12,0,50,7.9,0,0,0
5,12,1,0,7.9,0,0,0
5,12,1,10,7.9,0,0,0
5,12,1,20,7.9,0,0,0
5,12,1,30,7.800000000000001,0,0,0
5,12,1,40,7.800000000000001,0,0,0
5,12,1,50,7.800000000000001,0,0,0
5,12,2,0,7.800000000000001,0,0,0
5,12,2,10,7.800000000000001,0,0,0
5,12,2,20,7.800000000000001,0,0,0
5,12,2,30,7.800000000000001,0,0,0
5,12,2,40,7.800000000000001,0,0,0
5,12,2,50,7.800000000000001,0,0,0
5,12,3,0,7.800000000000001,0,0,0
5,12,3,10,7.7,0,0,0
5,12,3,20,7.7,0,0,0
5,12,3,30,7.7,0,0,0
5,12,3,40,7.7,0,0,0
5,12,3,50,7.7,0,0,0
5,12,4,0,7.7,0,0,0
5,12,4,10,7.7,0,0,0
5,12,4,20,7.7,0,0,0
5,12,4,30,7.7,0,0,0
5,12,4,40,7.7,0,0,0
5,12,4,50,7.7,0,0,0
5,12,5,0,7.7,0,3,3
5,12,5,10,7.800000000000001,0,6,6
5,12,5,20,8,1,29,29
5,12,5,30,8.1,2,40,40
5,12,5,40,8.200000000000001,0,3,3
5,12,5,50,8.3,3,55,56
5,12,6,0,8.4,13,99,102
5,12,6,10,8.700000000000001,4,70,71
5,12,6,20,8.9,0,27,27
5,12,6,30,9.200000000000001,0,23,23
5,12,6,40,9.4,0,35,35
5,12,6,50,9.700000000000001,1,85,85
5,12,7,0,9.9,0,35,35
5,12,7,10,10.200000000000001,0,8,8
5,12,7,20,10.4,0,17,17
5,12,7,30,10.700000000000001,0,38,38
5,12,7,40,10.9,0,39,39
5,12,7,50,11.200000000000001,1,115,116
5,12,8,0,11.4,0,14,14
5,12,8,10,11.600000000000001,0,24,24
5,12,8,20,11.8,0,15,15
5,12,8,30,12,0,17,17
5,12,8,40,12.200000000000001,0,106,106
5,12,8,50,12.4,0,28,28
5,12,9,0,12.600000000000001,0,34,34
5,12,9,10,12.700000000000001,0,46,46
5,12,9,20,12.9,0,79,79
5,12,9,30,13,0,27,27
5,12,9,40,13.100000000000001,0,37,37
5,12,9,50,13.3,0,32,32
5,12,10,0,13.4,0,32,32
5,12,10,10,13.5,0,65,65
5,12,10,20,13.600000000000001,0,50,50
5,12,10,30,13.700000000000001,0,110,111
5,12,10,40,13.700000000000001,0,159,159
5,12,10,50,13.8,2,243,244
5,12,11,0,13.9,3,268,271
5,12,11,10,14,18,407,424
5,12,11,20,14.200000000000001,2,252,254
5,12,11,30,14.3,0,69,69
5,12,11,40,14.4,0,59,59
5,12,11,50,14.5,0,46,46
5,12,12,0,14.600000000000001,0,119,119
5,12,12,10,14.8,0,166,166
5,12,12,20,15,1,256,257
5,12,12,30,15.200000000000001,9,373,381
5,12,12,40,15.3,11,376,386
5,12,12,50,15.5,9,359,367
5,12,13,0,15.700000000000001,14,386,399
5,12,13,10,15.8,14,399,412
5,12,13,20,15.9,35,426,457
5,12,13,30,16.1,33,410,439
5,12,13,40,16.2,190,448,611
5,12,13,50,16.3,327,408,684
5,12,14,0,16.400000000000002,444,334,702
5,12,14,10,16.5,731,175,768
5,12,14,20,16.5,744,181,771
5,12,14,30,16.5,679,236,761
5,12,14,40,16.5,669,206,710
5,12,14,50,16.5,465,347,688
5,12,15,0,16.5,467,335,666
5,12,15,10,16.5,637,211,648
5,12,15,20,16.400000000000002,641,212,637
5,12,15,30,16.3,470,251,550
5,12,15,40,16.2,480,231,525
5,12,15,50,16.1,416,234,477
5,12,16,0,16,348,257,451
5,12,16,10,15.8,339,244,423
5,12,16,20,15.700000000000001,452,203,429
5,12,16,30,15.5,488,198,428
5,12,16,40,15.4,729,90,411
5,12,16,50,15.200000000000001,424,196,370
5,12,17,0,15.100000000000001,682,84,343
5,12,17,10,14.700000000000001,40,195,209
5,12,17,20,14.4,0,75,75
5,12,17,30,14,0,58,58
5,12,17,40,13.700000000000001,0,37,37
5,12,17,50,13.3,0,28,28
5,12,18,0,13,0,15,15
5,12,18,10,12.600000000000001,387,51,113
5,12,18,20,12.200000000000001,322,43,85
5,12,18,30,11.8,247,35,59
5,12,18,40,11.4,166,26,37
5,12,18,50,11.100000000000001,83,16,19
5,12,19,0,10.700000000000001,0,0,0
5,12,19,10,10.5,0,0,0
5,12,19,20,10.3,0,0,0
5,12,19,30,10.200000000000001,0,0,0
5,12,19,40,10,0,0,0
5,12,19,50,9.8,0,0,0
5,12,20,0,9.600000000000001,0,0,0
5,12,20,10,9.5,0,0,0
5,12,20,20,9.4,0,0,0
5,12,20,30,9.3,0,0,0
5,12,20,40,9.200000000000001,0,0,0
5,12,20,50,9.1,0,0,0
5,12,21,0,9,0,0,0
5,12,21,10,8.9,0,0,0
5,12,21,20,8.9,0,0,0
5,12,21,30,8.8,0,0,0
5,12,21,40,8.700000000000001,0,0,0
5,12,21,50,8.6,0,0,0
5,12,22,0,8.6,0,0,0
5,12,22,10,8.5,0,0,0
5,12,22,20,8.4,0,0,0
5,12,22,30,8.3,0,0,0
5,12,22,40,8.3,0,0,0
5,12,22,50,8.200000000000001,0,0,0
5,12,23,0,8.1,0,0,0
5,12,23,10,8,0,0,0
5,12,23,20,8,0,0,0
5,12,23,30,7.9,0,0,0
5,12,23,40,7.800000000000001,0,0,0
5,12,23,50,7.7,0,0,0
5,13,0,0,7.6000000000000005,0,0,0
5,13,0,10,7.6000000000000005,0,0,0
5,13,0,20,7.5,0,0,0
5,13,0,30,7.4,0,0,0
5,13,0,40,7.300000000000001,0,0,0
5,13,0,50,7.2,0,0,0
5,13,1,0,7.1000000000000005,0,0,0
5,13,1,10,7,0,0,0
5,13,1,20,6.9,0,0,0
5,13,1,30,6.800000000000001,0,0,0
5,13,1,40,6.7,0,0,0
5,13,1,50,6.6000000000000005,0,0,0
5,13,2,0,6.5,0,0,0
5,13,2,10,6.5,0,0,0
5,13,2,20,6.4,0,0,0
5,13,2,30,6.300000000000001,0,0,0
5,13,2,40,6.2,0,0,0
5,13,2,50,6.2,0,0,0
5,13,3,0,6.1000000000000005,0,0,0
5,13,3,10,6.1000000000000005,0,0,0
5,13,3,20,6,0,0,0
5,13,3,30,5.9,0,0,0
5,13,3,40,5.9,0,0,0
5,13,3,50,5.800000000000001,0,0,0
5,13,4,0,5.800000000000001,0,0,0
5,13,4,10,6,0,0,0
5,13,4,20,6.2,0,0,0
5,13,4,30,6.4,0,0,0
5,13,4,40,6.6000000000000005,0,0,0
5,13,4,50,6.9,0,0,0
5,13,5,0,7.1000000000000005,143,13,18
5,13,5,10,7.7,246,21,36
5,13,5,20,8.3,337,28,59
5,13,5,30,8.9,415,34,85
5,13,5,40,9.5,483,40,114
5,13,5,50,10.100000000000001,539,45,144
5,13,6,0,10.700000000000001,588,49,177
5,13,6,10,11.3,629,54,210
5,13,6,20,12,666,57,243
5,13,6,30,12.600000000000001,697,61,278
5,13,6,40,13.200000000000001,724,64,312
5,13,6,50,13.9,749,67,347
5,13,7,0,14.5,117,230,278
5,13,7,10,15,788,72,415
5,13,7,20,15.4,806,75,449
5,13,7,30,15.9,822,77,483
5,13,7,40,16.400000000000002,134,302,373
5,13,7,50,16.8,410,259,485
5,13,8,0,17.3,256,314,462
5,13,8,10,17.6,371,299,523
5,13,8,20,18,313,331,529
5,13,8,30,18.3,293,353,545
5,13,8,40,18.6,26,331,349
5,13,8,50,19,81,372,430
5,13,9,0,19.3,2,297,299
5,13,9,10,19.6,0,220,220
5,13,9,20,19.8,1,260,260
5,13,9,30,20.1,7,362,368
5,13,9,40,20.400000000000002,305,375,621
5,13,9,50,20.6,422,343,692
5,13,10,0,20.900000000000002,421,351,705
5,13,10,10,21.1,358,453,759
5,13,10,20,21.3,461,416,817
5,13,10,30,21.5,963,98,948
5,13,10,40,21.700000000000003,978,91,964
5,13,10,50,21.900000000000002,981,91,976
5,13,11,0,22.1,607,359,912
5,13,11,10,22.3,984,92,995
5,13,11,20,22.400000000000002,399,474,843
5,13,11,30,22.6,546,398,905
5,13,11,40,22.700000000000003,983,92,1008
5,13,11,50,22.8,984,92,1010
5,13,12,0,23,984,92,1010
5,13,12,10,23,984,92,1009
5,13,12,20,23,351,497,824
5,13,12,30,23.1,982,92,1001
5,13,12,40,23.1,981,92,994
5,13,12,50,23.200000000000003,980,92,986
5,13,13,0,23.200000000000003,978,91,976
5,13,13,10,23.200000000000003,422,444,822
5,13,13,20,23.1,411,441,804
5,13,13,30,23.1,968,90,935
5,13,13,40,23.1,432,355,726
5,13,13,50,23,678,197,770
5,13,14,0,23,529,368,807
5,13,14,10,22.900000000000002,525,362,789
5,13,14,20,22.8,356,419,702
5,13,14,30,22.700000000000003,429,380,713
5,13,14,40,22.6,555,327,746
5,13,14,50,22.5,568,284,700
5,13,15,0,22.5,70,351,401
5,13,15,10,22.400000000000002,3,190,192
5,13,15,20,22.200000000000003,7,244,249
5,13,15,30,22.1,6,203,207
5,13,15,40,22,0,85,86
5,13,15,50,21.900000000000002,2,137,138
5,13,16,0,21.8,109,273,334
5,13,16,10,21.700000000000003,501,221,487
5,13,16,20,21.5,360,249,430
5,13,16,30,21.3,735,96,444
5,13,16,40,21.1,550,167,411
5,13,16,50,21,304,192,317
5,13,17,0,20.8,274,169,274
5,13,17,10,20.3,391,154,291
5,13,17,20,19.8,630,75,277
5,13,17,30,19.3,597,70,243
5,13,17,40,18.8,581,62,212
5,13,17,50,18.400000000000002,539,57,179
5,13,18,0,17.900000000000002,491,52,148
5,13,18,10,17.400000000000002,436,47,117
5,13,18,20,16.8,372,40,89
5,13,18,30,16.3,299,33,63
5,13,18,40,15.8,232,24,41
5,13,18,50,15.3,139,16,22
5,13,19,0,14.8,0,0,0
5,13,19,10,14.5,0,0,0
5,13,19,20,14.3,0,0,0
5,13,19,30,14,0,0,0
5,13,19,40,13.8,0,0,0
5,13,19,50,13.5,0,0,0
5,13,20,0,13.3,0,0,0
5,13,20,10,13.100000000000001,0,0,0
5,13,20,20,13,0,0,0
5,13,20,30,12.8,0,0,0
5,13,20,40,12.700000000000001,0,0,0
5,13,20,50,12.5,0,0,0
5,13,21,0,12.4,0,0,0
5,13,21,10,12.3,0,0,0
5,13,21,20,12.200000000000001,0,0,0
5,13,21,30,12.100000000000001,0,0,0
5,13,21,40,12,0,0,0
5,13,21,50,11.9,0,0,0
5,13,22,0,11.8,0,0,0
5,13,22,10,11.700000000000001,0,0,0
5,13,22,20,11.600000000000001,0,0,0
5,13,22,30,11.600000000000001,0,0,0
5,13,22,40,11.5,0,0,0
5,13,22,50,11.4,0,0,0
5,13,23,0,11.3,0,0,0
5,13,23,10,11.3,0,0,0
5,13,23,20,11.200000000000001,0,0,0
5,13,23,30,11.200000000000001,0,0,0
5,13,23,40,11.100000000000001,0,0,0
5,13,23,50,11.100000000000001,0,0,0
5,14,0,0,11,0,0,0
5,14,0,10,11,0,0,0
5,14,0,20,10.9,0,0,0
5,14,0,30,10.8,0,0,0
5,14,0,40,10.700000000000001,0,0,0
5,14,0,50,10.700000000000001,0,0,0
5,14,1,0,10.600000000000001,0,0,0
5,14,1,10,10.5,0,0,0
5,14,1,20,10.5,0,0,0
5,14,1,30,10.4,0,0,0
5,14,1,40,10.3,0,0,0
5,14,1,50,10.3,0,0,0
5,14,2,0,10.200000000000001,0,0,0
5,14,2,10,10.100000000000001,0,0,0
5,14,2,20,10,0,0,0
5,14,2,30,9.9,0,0,0
5,14,2,40,9.8,0,0,0
5,14,2,50,9.700000000000001,0,0,0
5,14,3,0,9.600000000000001,0,0,0
5,14,3,10,9.5,0,0,0
5,14,3,20,9.5,0,0,0
5,14,3,30,9.4,0,0,0
5,14,3,40,9.3,0,0,0
5,14,3,50,9.200000000000001,0,0,0
5,14,4,0,9.200000000000001,0,0,0
5,14,4,10,9.4,0,0,0
5,14,4,20,9.600000000000001,0,0,0
5,14,4,30,9.8,0,0,0
5,14,4,40,10.100000000000001,0,0,0
5,14,4,50,10.3,0,0,0
5,14,5,0,10.5,0,13,13
5,14,5,10,11.100000000000001,1,20,20
5,14,5,20,11.700000000000001,3,36,36
5,14,5,30,12.3,0,21,21
5,14,5,40,12.9,123,82,101
5,14,5,50,13.5,111,97,118
5,14,6,0,14.100000000000001,0,4,4
5,14,6,10,14.8,107,128,155
5,14,6,20,15.4,34,121,130
5,14,6,30,16.1,86,156,183
5,14,6,40,16.7,191,184,250
5,14,6,50,17.400000000000002,219,198,281
5,14,7,0,18,741,77,378
5,14,7,10,18.400000000000002,762,79,412
5,14,7,20,18.900000000000002,781,82,446
5,14,7,30,19.3,798,84,480
5,14,7,40,19.700000000000003,161,302,387
5,14,7,50,20.200000000000003,285,253,411
5,14,8,0,20.6,451,227,489
5,14,8,10,20.8,278,282,450
5,14,8,20,21,411,307,567
5,14,8,30,21.200000000000003,878,95,674
5,14,8,40,21.400000000000002,893,94,704
5,14,8,50,21.6,415,345,639
5,14,9,0,21.900000000000002,908,97,759
5,14,9,10,22.1,545,262,671
5,14,9,20,22.3,921,99,810
5,14,9,30,22.5,538,282,708
5,14,9,40,22.700000000000003,604,268,757
5,14,9,50,23,372,335,643
5,14,10,0,23.200000000000003,91,381,458
5,14,10,10,23.400000000000002,316,386,657
5,14,10,20,23.6,437,352,732
5,14,10,30,23.8,614,289,831
5,14,10,40,24,614,282,832
5,14,10,50,24.200000000000003,452,444,852
5,14,11,0,24.5,969,103,987
5,14,11,10,24.6,971,103,995
5,14,11,20,24.8,969,103,999
5,14,11,30,24.900000000000002,970,104,1005
5,14,11,40,25.1,715,255,922
5,14,11,50,25.200000000000003,612,370,942
5,14,12,0,25.400000000000002,409,414,796
5,14,12,10,25.400000000000002,196,469,651
5,14,12,20,25.400000000000002,448,383,800
5,14,12,30,25.5,413,475,858
5,14,12,40,25.5,346,503,822
5,14,12,50,25.6,254,445,677
5,14,13,0,25.6,238,445,661
5,14,13,10,25.5,125,442,554
5,14,13,20,25.400000000000002,0,103,103
5,14,13,30,25.200000000000003,10,337,346
5,14,13,40,25.1,32,402,429
5,14,13,50,25,8,278,284
5,14,14,0,24.900000000000002,213,393,571
5,14,14,10,24.700000000000003,2,195,196
5,14,14,20,24.5,1,166,167
5,14,14,30,24.3,0,79,79
5,14,14,40,24.1,0,94,94
5,14,14,50,23.900000000000002,0,70,70
5,14,15,0,23.700000000000003,0,39,39
5,14,15,10,23.5,0,19,19
5,14,15,20,23.3,17,289,300
5,14,15,30,23.1,366,291,525
5,14,15,40,22.900000000000002,658,154,559
5,14,15,50,22.700000000000003,703,134,547
5,14,16,0,22.5,489,195,469
5,14,16,10,22.200000000000003,799,96,522
5,14,16,20,22,185,296,389
5,14,16,30,21.700000000000003,708,27,363
5,14,16,40,21.5,372,198,364
5,14,16,50,21.200000000000003,635,44,308
5,14,17,0,21,355,180,316
5,14,17,10,20.5,676,78,317
5,14,17,20,20.1,408,138,270
5,14,17,30,19.6,383,122,234
5,14,17,40,19.200000000000003,583,64,216
5,14,17,50,18.8,214,113,162
5,14,18,0,18.3,450,50,138
5,14,18,10,17.900000000000002,193,62,93
5,14,18,20,17.400000000000002,81,71,82
5,14,18,30,16.900000000000002,3,40,40
5,14,18,40,16.5,2,28,28
5,14,18,50,16,3,20,21
5,14,19,0,15.600000000000001,0,0,0
5,14,19,10,15.3,0,0,0
5,14,19,20,15.100000000000001,0,0,0
5,14,19,30,14.8,0,0,0
5,14,19,40,14.600000000000001,0,0,0
5,14,19,50,14.3,0,0,0
5,14,20,0,14.100000000000001,0,0,0
5,14,20,10,13.9,0,0,0
5,14,20,20,13.700000000000001,0,0,0
5,14,20,30,13.5,0,0,0
5,14,20,40,13.3,0,0,0
5,14,20,50,13.200000000000001,0,0,0
5,14,21,0,13,0,0,0
5,14,21,10,12.8,0,0,0
5,14,21,20,12.700000000000001,0,0,0
5,14,21,30,12.5,0,0,0
5,14,21,40,12.4,0,0,0
5,14,21,50,12.200000000000001,0,0,0
5,14,22,0,12.100000000000001,0,0,0
5,14,22,10,11.9,0,0,0
5,14,22,20,11.700000000000001,0,0,0
5,14,22,30,11.5,0,0,0
5,14,22,40,11.4,0,0,0
5,14,22,50,11.200000000000001,0,0,0
5,14,23,0,11,0,0,0
5,14,23,10,10.700000000000001,0,0,0
5,14,23,20,10.4,0,0,0
5,14,23,30,10.100000000000001,0,0,0
5,14,23,40,9.8,0,0,0
5,14,23,50,9.5,0,0,0
5,15,0,0,9.1,0,0,0
5,15,0,10,8.9,0,0,0
5,15,0,20,8.8,0,0,0
5,15,0,30,8.6,0,0,0
5,15,0,40,8.4,0,0,0
5,15,0,50,8.200000000000001,0,0,0
5,15,1,0,8,0,0,0
5,15,1,10,7.9,0,0,0
5,15,1,20,7.9,0,0,0
5,15,1,30,7.9,0,0,0
5,15,1,40,7.800000000000001,0,0,0
5,15,1,50,7.800000000000001,0,0,0
5,15,2,0,7.800000000000001,0,0,0
5,15,2,10,7.7,0,0,0
5,15,2,20,7.7,0,0,0
5,15,2,30,7.6000000000000005,0,0,0
5,15,2,40,7.6000000000000005,0,0,0
5,15,2,50,7.5,0,0,0
5,15,3,0,7.5,0,0,0
5,15,3,10,7.5,0,0,0
5,15,3,20,7.4,0,0,0
5,15,3,30,7.4,0,0,0
5,15,3,40,7.300000000000001,0,0,0
5,15,3,50,7.300000000000001,0,0,0
5,15,4,0,7.2,0,0,0
5,15,4,10,7.300000000000001,0,0,0
5,15,4,20,7.4,0,0,0
5,15,4,30,7.6000000000000005,0,0,0
5,15,4,40,7.7,0,0,0
5,15,4,50,7.800000000000001,0,0,0
5,15,5,0,7.9,97,16,20
5,15,5,10,8.3,183,25,37
5,15,5,20,8.6,265,34,60
5,15,5,30,8.9,339,42,85
5,15,5,40,9.3,394,51,113
5,15,5,50,9.600000000000001,450,57,143
5,15,6,0,9.9,500,63,174
5,15,6,10,10.3,544,69,206
5,15,6,20,10.700000000000001,7,135,137
5,15,6,30,11.100000000000001,43,179,192
5,15,6,40,11.4,8,158,160
5,15,6,50,11.8,10,173,177
5,15,7,0,12.200000000000001,28,218,230
5,15,7,10,12.5,2,164,165
5,15,7,20,12.9,70,272,305
5,15,7,30,13.3,356,251,428
5,15,7,40,13.700000000000001,456,197,437
5,15,7,50,14,537,184,482
5,15,8,0,14.4,511,189,487
5,15,8,10,14.700000000000001,424,230,489
5,15,8,20,15.100000000000001,368,261,495
5,15,8,30,15.4,292,312,504
5,15,8,40,15.700000000000001,354,354,597
5,15,8,50,16.1,890,101,732
5,15,9,0,16.400000000000002,897,103,759
5,15,9,10,16.7,904,104,784
5,15,9,20,16.900000000000002,910,105,809
5,15,9,30,17.2,916,106,832
5,15,9,40,17.400000000000002,928,103,856
5,15,9,50,17.7,933,104,877
5,15,10,0,17.900000000000002,937,105,896
5,15,10,10,18.1,941,106,914
5,15,10,20,18.3,945,107,931
5,15,10,30,18.5,948,107,946
5,15,10,40,18.7,960,102,962
5,15,10,50,18.900000000000002,962,102,974
5,15,11,0,19.1,366,485,819
5,15,11,10,19.200000000000003,338,502,813
5,15,11,20,19.200000000000003,964,103,996
5,15,11,30,19.3,429,464,863
5,15,11,40,19.400000000000002,300,522,802
5,15,11,50,19.5,278,445,705
5,15,12,0,19.6,4,417,421
5,15,12,10,19.5,4,289,293
5,15,12,20,19.400000000000002,454,375,799
5,15,12,30,19.400000000000002,963,104,998
5,15,12,40,19.3,955,106,987
5,15,12,50,19.3,953,106,979
5,15,13,0,19.200000000000003,951,105,969
5,15,13,10,19,949,105,958
5,15,13,20,18.900000000000002,411,445,810
5,15,13,30,18.7,240,500,710
5,15,13,40,18.5,137,478,597
5,15,13,50,18.3,453,407,791
5,15,14,0,18.2,396,422,752
5,15,14,10,18,460,386,762
5,15,14,20,17.8,895,114,829
5,15,14,30,17.6,343,409,677
5,15,14,40,17.400000000000002,492,348,721
5,15,14,50,17.2,863,117,754
5,15,15,0,17,487,328,676
5,15,15,10,16.900000000000002,399,341,617
5,15,15,20,16.7,677,170,622
5,15,15,30,16.5,437,258,539
5,15,15,40,16.3,605,191,565
5,15,15,50,16.1,299,262,438
5,15,16,0,16,595,172,507
5,15,16,10,15.8,600,175,496
5,15,16,20,15.600000000000001,490,184,432
5,15,16,30,15.4,383,190,373
5,15,16,40,15.3,582,151,412
5,15,16,50,15.100000000000001,396,170,336
5,15,17,0,14.9,122,192,239
5,15,17,10,14.600000000000001,37,155,168
5,15,17,20,14.4,167,163,217
5,15,17,30,14.200000000000001,297,129,217
5,15,17,40,13.9,548,69,213
5,15,17,50,13.700000000000001,74,123,140
5,15,18,0,13.4,0,30,30
5,15,18,10,13.100000000000001,19,84,87
5,15,18,20,12.8,347,45,92
5,15,18,30,12.5,279,37,66
5,15,18,40,12.100000000000001,224,27,44
5,15,18,50,11.8,138,18,25
5,15,19,0,11.5,0,0,0
5,15,19,10,11.4,0,0,0
5,15,19,20,11.200000000000001,0,0,0
5,15,19,30,11.100000000000001,0,0,0
5,15,19,40,10.9,0,0,0
5,15,19,50,10.8,0,0,0
5,15,20,0,10.600000000000001,0,0,0
5,15,20,10,10.600000000000001,0,0,0
5,15,20,20,10.5,0,0,0
5,15,20,30,10.4,0,0,0
5,15,20,40,10.3,0,0,0
5,15,20,50,10.200000000000001,0,0,0
5,15,21,0,10.100000000000001,0,0,0
5,15,21,10,10,0,0,0
5,15,21,20,10,0,0,0
5,15,21,30,9.9,0,0,0
5,15,21,40,9.8,0,0,0
5,15,21,50,9.8,0,0,0
5,15,22,0,9.700000000000001,0,0,0
5,15,22,10,9.600000000000001,0,0,0
5,15,22,20,9.5,0,0,0
5,15,22,30,9.4,0,0,0
5,15,22,40,9.4,0,0,0
5,15,22,50,9.3,0,0,0
5,15,23,0,9.200000000000001,0,0,0
5,15,23,10,9.1,0,0,0
5,15,23,20,9.1,0,0,0
5,15,23,30,9,0,0,0
5,15,23,40,8.9,0,0,0
5,15,23,50,8.9,0,0,0
